Tanggal,Komoditi,Harga Petani,Harga Pengecer,Tipe,Periode,tahun,Luas Panen,Produktivitas,Produksi,Hari,Bulan,Tahun,harga_petani_scaled,harga_pengecer_scaled,luas_panen_scaled,produktivitas_scaled,produksi_scaled,hari_sin,hari_cos,bulan_sin,bulan_cos,tahun_norm
2022-01-03,Jagung Pipil Kering,4800.0,5000.0,Jagung,Q1-2022,2022.0,70654.48313,73.8989014,522128.8683,3,1,2022,0.8333333333333333,0.876264306408367,1.0,1.0,1.0,0.43388373911755823,-0.900968867902419,0.49999999999999994,0.8660254037844387,0.0
2022-01-04,Jagung Pipil Kering,4800.0,5000.0,Jagung,Q1-2022,2022.0,70654.48313,73.8989014,522128.8683,4,1,2022,0.8333333333333333,0.876264306408367,1.0,1.0,1.0,-0.433883739117558,-0.9009688679024191,0.49999999999999994,0.8660254037844387,0.0
2022-01-05,Jagung Pipil Kering,4800.0,5000.0,Jagung,Q1-2022,2022.0,70654.48313,73.8989014,522128.8683,5,1,2022,0.8333333333333333,0.876264306408367,1.0,1.0,1.0,-0.9749279121818236,-0.2225209339563146,0.49999999999999994,0.8660254037844387,0.0
2022-01-06,Jagung Pipil Kering,4800.0,5000.0,Jagung,Q1-2022,2022.0,70654.48313,73.8989014,522128.8683,6,1,2022,0.8333333333333333,0.876264306408367,1.0,1.0,1.0,-0.7818314824680299,0.6234898018587334,0.49999999999999994,0.8660254037844387,0.0
2022-01-07,Jagung Pipil Kering,4800.0,5000.0,Jagung,Q1-2022,2022.0,70654.48313,73.8989014,522128.8683,7,1,2022,0.8333333333333333,0.876264306408367,1.0,1.0,1.0,-2.4492935982947064e-16,1.0,0.49999999999999994,0.8660254037844387,0.0
2022-01-08,Jagung Pipil Kering,4799.746637713668,5009.651930607805,Jagung,Q1-2022,2022.0,70654.48313,73.8989014,522128.8683,8,1,2022,0.8331925765075934,0.8822357480496428,1.0,1.0,1.0,0.7818314824680296,0.6234898018587337,0.49999999999999994,0.8660254037844387,0.0
2022-01-09,Jagung Pipil Kering,4802.46970347902,5002.025400711653,Jagung,Q1-2022,2022.0,70654.48313,73.8989014,522128.8683,9,1,2022,0.8347053908216775,0.8775173782176537,1.0,1.0,1.0,0.9749279121818237,-0.2225209339563141,0.49999999999999994,0.8660254037844387,0.0
2022-01-10,Jagung Pipil Kering,4800.0,5000.0,Jagung,Q1-2022,2022.0,70654.48313,73.8989014,522128.8683,10,1,2022,0.8333333333333333,0.876264306408367,1.0,1.0,1.0,0.43388373911755845,-0.9009688679024189,0.49999999999999994,0.8660254037844387,0.0
2022-01-11,Jagung Pipil Kering,4800.0,5000.0,Jagung,Q1-2022,2022.0,70654.48313,73.8989014,522128.8683,11,1,2022,0.8333333333333333,0.876264306408367,1.0,1.0,1.0,-0.4338837391175562,-0.90096886790242,0.49999999999999994,0.8660254037844387,0.0
2022-01-12,Jagung Pipil Kering,4800.0,5000.0,Jagung,Q1-2022,2022.0,70654.48313,73.8989014,522128.8683,12,1,2022,0.8333333333333333,0.876264306408367,1.0,1.0,1.0,-0.9749279121818235,-0.2225209339563148,0.49999999999999994,0.8660254037844387,0.0
2022-01-13,Jagung Pipil Kering,4800.0,5000.0,Jagung,Q1-2022,2022.0,70654.48313,73.8989014,522128.8683,13,1,2022,0.8333333333333333,0.876264306408367,1.0,1.0,1.0,-0.781831482468029,0.6234898018587346,0.49999999999999994,0.8660254037844387,0.0
2022-01-14,Jagung Pipil Kering,4800.0,5000.0,Jagung,Q1-2022,2022.0,70654.48313,73.8989014,522128.8683,14,1,2022,0.8333333333333333,0.876264306408367,1.0,1.0,1.0,-4.898587196589413e-16,1.0,0.49999999999999994,0.8660254037844387,0.0
2022-01-15,Jagung Pipil Kering,4802.44317986411,4998.246026872479,Jagung,Q1-2022,2022.0,70654.48313,73.8989014,522128.8683,15,1,2022,0.8346906554800613,0.8751791610009927,1.0,1.0,1.0,0.7818314824680284,0.6234898018587354,0.49999999999999994,0.8660254037844387,0.0
2022-01-16,Jagung Pipil Kering,4801.952762679021,4996.246049658204,Jagung,Q1-2022,2022.0,70654.48313,73.8989014,522128.8683,16,1,2022,0.8344182014883452,0.8739418181621139,1.0,1.0,1.0,0.9749279121818237,-0.22252093395631387,0.49999999999999994,0.8660254037844387,0.0
2022-01-17,Jagung Pipil Kering,4800.0,5000.0,Jagung,Q1-2022,2022.0,70654.48313,73.8989014,522128.8683,17,1,2022,0.8333333333333333,0.876264306408367,1.0,1.0,1.0,0.43388373911755707,-0.9009688679024196,0.49999999999999994,0.8660254037844387,0.0
2022-01-18,Jagung Pipil Kering,4800.0,5000.0,Jagung,Q1-2022,2022.0,70654.48313,73.8989014,522128.8683,18,1,2022,0.8333333333333333,0.876264306408367,1.0,1.0,1.0,-0.43388373911755757,-0.9009688679024194,0.49999999999999994,0.8660254037844387,0.0
2022-01-19,Jagung Pipil Kering,4800.0,5000.0,Jagung,Q1-2022,2022.0,70654.48313,73.8989014,522128.8683,19,1,2022,0.8333333333333333,0.876264306408367,1.0,1.0,1.0,-0.9749279121818235,-0.22252093395631506,0.49999999999999994,0.8660254037844387,0.0
2022-01-20,Jagung Pipil Kering,4800.0,5000.0,Jagung,Q1-2022,2022.0,70654.48313,73.8989014,522128.8683,20,1,2022,0.8333333333333333,0.876264306408367,1.0,1.0,1.0,-0.7818314824680302,0.6234898018587329,0.49999999999999994,0.8660254037844387,0.0
2022-01-21,Jagung Pipil Kering,4800.0,5000.0,Jagung,Q1-2022,2022.0,70654.48313,73.8989014,522128.8683,21,1,2022,0.8333333333333333,0.876264306408367,1.0,1.0,1.0,-7.347880794884119e-16,1.0,0.49999999999999994,0.8660254037844387,0.0
2022-01-22,Jagung Pipil Kering,4799.175294356501,4987.0310302983,Jagung,Q1-2022,2022.0,70654.48313,73.8989014,522128.8683,22,1,2022,0.8328751635313891,0.8682406841023234,1.0,1.0,1.0,0.7818314824680271,0.6234898018587369,0.49999999999999994,0.8660254037844387,0.0
2022-01-23,Jagung Pipil Kering,4798.462720235664,4985.929583364198,Jagung,Q1-2022,2022.0,70654.48313,73.8989014,522128.8683,23,1,2022,0.8324792890198134,0.867559242600596,1.0,1.0,1.0,0.9749279121818238,-0.22252093395631362,0.49999999999999994,0.8660254037844387,0.0
2022-01-24,Jagung Pipil Kering,4800.0,5000.0,Jagung,Q1-2022,2022.0,70654.48313,73.8989014,522128.8683,24,1,2022,0.8333333333333333,0.876264306408367,1.0,1.0,1.0,0.4338837391175589,-0.9009688679024188,0.49999999999999994,0.8660254037844387,0.0
2022-01-25,Jagung Pipil Kering,4800.0,5000.0,Jagung,Q1-2022,2022.0,70654.48313,73.8989014,522128.8683,25,1,2022,0.8333333333333333,0.876264306408367,1.0,1.0,1.0,-0.43388373911755734,-0.9009688679024195,0.49999999999999994,0.8660254037844387,0.0
2022-01-26,Jagung Pipil Kering,4800.0,5000.0,Jagung,Q1-2022,2022.0,70654.48313,73.8989014,522128.8683,26,1,2022,0.8333333333333333,0.876264306408367,1.0,1.0,1.0,-0.9749279121818242,-0.22252093395631184,0.49999999999999994,0.8660254037844387,0.0
2022-01-27,Jagung Pipil Kering,4800.0,5000.0,Jagung,Q1-2022,2022.0,70654.48313,73.8989014,522128.8683,27,1,2022,0.8333333333333333,0.876264306408367,1.0,1.0,1.0,-0.7818314824680304,0.6234898018587328,0.49999999999999994,0.8660254037844387,0.0
2022-01-28,Jagung Pipil Kering,4800.0,5000.0,Jagung,Q1-2022,2022.0,70654.48313,73.8989014,522128.8683,28,1,2022,0.8333333333333333,0.876264306408367,1.0,1.0,1.0,-9.797174393178826e-16,1.0,0.49999999999999994,0.8660254037844387,0.0
2022-01-29,Jagung Pipil Kering,4797.9135112315425,5013.574273364846,Jagung,Q1-2022,2022.0,70654.48313,73.8989014,522128.8683,29,1,2022,0.8321741729064127,0.8846624170573754,1.0,1.0,1.0,0.7818314824680291,0.6234898018587344,0.49999999999999994,0.8660254037844387,0.0
2022-01-30,Jagung Pipil Kering,4795.430916666671,5012.610222729622,Jagung,Q1-2022,2022.0,70654.48313,73.8989014,522128.8683,30,1,2022,0.830794953703706,0.8840659796873411,1.0,1.0,1.0,0.9749279121818246,-0.22252093395630992,0.49999999999999994,0.8660254037844387,0.0
2022-01-31,Jagung Pipil Kering,4800.0,5000.0,Jagung,Q1-2022,2022.0,70654.48313,73.8989014,522128.8683,31,1,2022,0.8333333333333333,0.876264306408367,1.0,1.0,1.0,0.4338837391175591,-0.9009688679024187,0.49999999999999994,0.8660254037844387,0.0
2022-02-01,Jagung Pipil Kering,4745.681179544848,4940.551225015046,Jagung,Q1-2022,2022.0,70654.48313,73.8989014,522128.8683,1,2,2022,0.8031562108582493,0.8394846293786862,1.0,1.0,1.0,0.7818314824680298,0.6234898018587336,0.8660254037844386,0.5000000000000001,0.0
2022-02-02,Jagung Pipil Kering,4700.0,4850.0,Jagung,Q1-2022,2022.0,70654.48313,73.8989014,522128.8683,2,2,2022,0.7777777777777779,0.7834625362146426,1.0,1.0,1.0,0.9749279121818236,-0.22252093395631434,0.8660254037844386,0.5000000000000001,0.0
2022-02-03,Jagung Pipil Kering,4700.0,4850.0,Jagung,Q1-2022,2022.0,70654.48313,73.8989014,522128.8683,3,2,2022,0.7777777777777779,0.7834625362146426,1.0,1.0,1.0,0.43388373911755823,-0.900968867902419,0.8660254037844386,0.5000000000000001,0.0
2022-02-04,Jagung Pipil Kering,4700.0,4850.0,Jagung,Q1-2022,2022.0,70654.48313,73.8989014,522128.8683,4,2,2022,0.7777777777777779,0.7834625362146426,1.0,1.0,1.0,-0.433883739117558,-0.9009688679024191,0.8660254037844386,0.5000000000000001,0.0
2022-02-05,Jagung Pipil Kering,4709.885248967673,4867.115140660087,Jagung,Q1-2022,2022.0,70654.48313,73.8989014,522128.8683,5,2,2022,0.7832695827598182,0.7940513052171134,1.0,1.0,1.0,-0.9749279121818236,-0.2225209339563146,0.8660254037844386,0.5000000000000001,0.0
2022-02-06,Jagung Pipil Kering,4706.806720017,4865.43740902087,Jagung,Q1-2022,2022.0,70654.48313,73.8989014,522128.8683,6,2,2022,0.7815592888983331,0.7930133287769179,1.0,1.0,1.0,-0.7818314824680299,0.6234898018587334,0.8660254037844386,0.5000000000000001,0.0
2022-02-07,Jagung Pipil Kering,4700.0,4850.0,Jagung,Q1-2022,2022.0,70654.48313,73.8989014,522128.8683,7,2,2022,0.7777777777777779,0.7834625362146426,1.0,1.0,1.0,-2.4492935982947064e-16,1.0,0.8660254037844386,0.5000000000000001,0.0
2022-02-08,Jagung Pipil Kering,4700.0,4850.0,Jagung,Q1-2022,2022.0,70654.48313,73.8989014,522128.8683,8,2,2022,0.7777777777777779,0.7834625362146426,1.0,1.0,1.0,0.7818314824680296,0.6234898018587337,0.8660254037844386,0.5000000000000001,0.0
2022-02-09,Jagung Pipil Kering,4700.0,4850.0,Jagung,Q1-2022,2022.0,70654.48313,73.8989014,522128.8683,9,2,2022,0.7777777777777779,0.7834625362146426,1.0,1.0,1.0,0.9749279121818237,-0.2225209339563141,0.8660254037844386,0.5000000000000001,0.0
2022-02-10,Jagung Pipil Kering,4700.0,4850.0,Jagung,Q1-2022,2022.0,70654.48313,73.8989014,522128.8683,10,2,2022,0.7777777777777779,0.7834625362146426,1.0,1.0,1.0,0.43388373911755845,-0.9009688679024189,0.8660254037844386,0.5000000000000001,0.0
2022-02-11,Jagung Pipil Kering,4700.0,4850.0,Jagung,Q1-2022,2022.0,70654.48313,73.8989014,522128.8683,11,2,2022,0.7777777777777779,0.7834625362146426,1.0,1.0,1.0,-0.4338837391175562,-0.90096886790242,0.8660254037844386,0.5000000000000001,0.0
2022-02-12,Jagung Pipil Kering,4698.536938301259,4852.931436858286,Jagung,Q1-2022,2022.0,70654.48313,73.8989014,522128.8683,12,2,2022,0.7769649657229218,0.7852761530790433,1.0,1.0,1.0,-0.9749279121818235,-0.2225209339563148,0.8660254037844386,0.5000000000000001,0.0
2022-02-13,Jagung Pipil Kering,4699.2873073343535,4850.627782528821,Jagung,Q1-2022,2022.0,70654.48313,73.8989014,522128.8683,13,2,2022,0.7773818374079744,0.7838509317477844,1.0,1.0,1.0,-0.781831482468029,0.6234898018587346,0.8660254037844386,0.5000000000000001,0.0
2022-02-14,Jagung Pipil Kering,4700.0,4850.0,Jagung,Q1-2022,2022.0,70654.48313,73.8989014,522128.8683,14,2,2022,0.7777777777777779,0.7834625362146426,1.0,1.0,1.0,-4.898587196589413e-16,1.0,0.8660254037844386,0.5000000000000001,0.0
2022-02-15,Jagung Pipil Kering,4700.0,4850.0,Jagung,Q1-2022,2022.0,70654.48313,73.8989014,522128.8683,15,2,2022,0.7777777777777779,0.7834625362146426,1.0,1.0,1.0,0.7818314824680284,0.6234898018587354,0.8660254037844386,0.5000000000000001,0.0
2022-02-16,Jagung Pipil Kering,4700.0,4850.0,Jagung,Q1-2022,2022.0,70654.48313,73.8989014,522128.8683,16,2,2022,0.7777777777777779,0.7834625362146426,1.0,1.0,1.0,0.9749279121818237,-0.22252093395631387,0.8660254037844386,0.5000000000000001,0.0
2022-02-17,Jagung Pipil Kering,4700.0,4850.0,Jagung,Q1-2022,2022.0,70654.48313,73.8989014,522128.8683,17,2,2022,0.7777777777777779,0.7834625362146426,1.0,1.0,1.0,0.43388373911755707,-0.9009688679024196,0.8660254037844386,0.5000000000000001,0.0
2022-02-18,Jagung Pipil Kering,4700.0,4850.0,Jagung,Q1-2022,2022.0,70654.48313,73.8989014,522128.8683,18,2,2022,0.7777777777777779,0.7834625362146426,1.0,1.0,1.0,-0.43388373911755757,-0.9009688679024194,0.8660254037844386,0.5000000000000001,0.0
2022-02-19,Jagung Pipil Kering,4707.253013453736,4880.148700427409,Jagung,Q1-2022,2022.0,70654.48313,73.8989014,522128.8683,19,2,2022,0.78180722969652,0.8021148880060012,1.0,1.0,1.0,-0.9749279121818235,-0.22252093395631506,0.8660254037844386,0.5000000000000001,0.0
2022-02-20,Jagung Pipil Kering,4705.886699885393,4884.667709590732,Jagung,Q1-2022,2022.0,70654.48313,73.8989014,522128.8683,20,2,2022,0.7810481666029963,0.8049107016718549,1.0,1.0,1.0,-0.7818314824680302,0.6234898018587329,0.8660254037844386,0.5000000000000001,0.0
2022-02-21,Jagung Pipil Kering,4700.0,4850.0,Jagung,Q1-2022,2022.0,70654.48313,73.8989014,522128.8683,21,2,2022,0.7777777777777779,0.7834625362146426,1.0,1.0,1.0,-7.347880794884119e-16,1.0,0.8660254037844386,0.5000000000000001,0.0
2022-02-22,Jagung Pipil Kering,4700.0,4850.0,Jagung,Q1-2022,2022.0,70654.48313,73.8989014,522128.8683,22,2,2022,0.7777777777777779,0.7834625362146426,1.0,1.0,1.0,0.7818314824680271,0.6234898018587369,0.8660254037844386,0.5000000000000001,0.0
2022-02-23,Jagung Pipil Kering,4700.0,4850.0,Jagung,Q1-2022,2022.0,70654.48313,73.8989014,522128.8683,23,2,2022,0.7777777777777779,0.7834625362146426,1.0,1.0,1.0,0.9749279121818238,-0.22252093395631362,0.8660254037844386,0.5000000000000001,0.0
2022-02-24,Jagung Pipil Kering,4700.0,4850.0,Jagung,Q1-2022,2022.0,70654.48313,73.8989014,522128.8683,24,2,2022,0.7777777777777779,0.7834625362146426,1.0,1.0,1.0,0.4338837391175589,-0.9009688679024188,0.8660254037844386,0.5000000000000001,0.0
2022-02-25,Jagung Pipil Kering,4700.0,4850.0,Jagung,Q1-2022,2022.0,70654.48313,73.8989014,522128.8683,25,2,2022,0.7777777777777779,0.7834625362146426,1.0,1.0,1.0,-0.43388373911755734,-0.9009688679024195,0.8660254037844386,0.5000000000000001,0.0
2022-02-26,Jagung Pipil Kering,4694.759139209998,4914.608874746247,Jagung,Q1-2022,2022.0,70654.48313,73.8989014,522128.8683,26,2,2022,0.7748661884499988,0.8234346558591517,1.0,1.0,1.0,-0.9749279121818242,-0.22252093395631184,0.8660254037844386,0.5000000000000001,0.0
2022-02-27,Jagung Pipil Kering,4711.102031432318,4952.658147188067,Jagung,Q1-2022,2022.0,70654.48313,73.8989014,522128.8683,27,2,2022,0.7839455730179543,0.8469749214403799,1.0,1.0,1.0,-0.7818314824680304,0.6234898018587328,0.8660254037844386,0.5000000000000001,0.0
2022-02-28,Jagung Pipil Kering,4721.606341393062,4964.4650798150415,Jagung,Q1-2022,2022.0,70654.48313,73.8989014,522128.8683,28,2,2022,0.7897813007739238,0.8542796164293214,1.0,1.0,1.0,-9.797174393178826e-16,1.0,0.8660254037844386,0.5000000000000001,0.0
2022-03-01,Jagung Pipil Kering,4728.385598981007,4976.31357112304,Jagung,Q1-2022,2022.0,70654.48313,73.8989014,522128.8683,1,3,2022,0.7935475549894486,0.8616100228793693,1.0,1.0,1.0,0.7818314824680298,0.6234898018587336,1.0,6.123233995736766e-17,0.0
2022-03-02,Jagung Pipil Kering,4500.0,4700.0,Jagung,Q1-2022,2022.0,70654.48313,73.8989014,522128.8683,2,3,2022,0.6666666666666667,0.6906607660209181,1.0,1.0,1.0,0.9749279121818236,-0.22252093395631434,1.0,6.123233995736766e-17,0.0
2022-03-03,Jagung Pipil Kering,4789.640506016874,4955.62890057012,Jagung,Q1-2022,2022.0,70654.48313,73.8989014,522128.8683,3,3,2022,0.8275780588982633,0.8488128625914695,1.0,1.0,1.0,0.43388373911755823,-0.900968867902419,1.0,6.123233995736766e-17,0.0
2022-03-04,Jagung Pipil Kering,4500.0,4700.0,Jagung,Q1-2022,2022.0,70654.48313,73.8989014,522128.8683,4,3,2022,0.6666666666666667,0.6906607660209181,1.0,1.0,1.0,-0.433883739117558,-0.9009688679024191,1.0,6.123233995736766e-17,0.0
2022-03-05,Jagung Pipil Kering,4756.455194438201,4936.878525114721,Jagung,Q1-2022,2022.0,70654.48313,73.8989014,522128.8683,5,3,2022,0.8091417746878895,0.8372124090310828,1.0,1.0,1.0,-0.9749279121818236,-0.2225209339563146,1.0,6.123233995736766e-17,0.0
2022-03-06,Jagung Pipil Kering,4767.242548645026,4944.781905974584,Jagung,Q1-2022,2022.0,70654.48313,73.8989014,522128.8683,6,3,2022,0.8151347492472365,0.8421020605931533,1.0,1.0,1.0,-0.7818314824680299,0.6234898018587334,1.0,6.123233995736766e-17,0.0
2022-03-07,Jagung Pipil Kering,4736.698582215409,4947.146903684339,Jagung,Q1-2022,2022.0,70654.48313,73.8989014,522128.8683,7,3,2022,0.7981658790085608,0.8435652337529489,1.0,1.0,1.0,-2.4492935982947064e-16,1.0,1.0,6.123233995736766e-17,0.0
2022-03-08,Jagung Pipil Kering,4500.0,4700.0,Jagung,Q1-2022,2022.0,70654.48313,73.8989014,522128.8683,8,3,2022,0.6666666666666667,0.6906607660209181,1.0,1.0,1.0,0.7818314824680296,0.6234898018587337,1.0,6.123233995736766e-17,0.0
2022-03-09,Jagung Pipil Kering,4500.0,4700.0,Jagung,Q1-2022,2022.0,70654.48313,73.8989014,522128.8683,9,3,2022,0.6666666666666667,0.6906607660209181,1.0,1.0,1.0,0.9749279121818237,-0.2225209339563141,1.0,6.123233995736766e-17,0.0
2022-03-10,Jagung Pipil Kering,4500.0,4700.0,Jagung,Q1-2022,2022.0,70654.48313,73.8989014,522128.8683,10,3,2022,0.6666666666666667,0.6906607660209181,1.0,1.0,1.0,0.43388373911755845,-0.9009688679024189,1.0,6.123233995736766e-17,0.0
2022-03-11,Jagung Pipil Kering,4701.969183868314,4975.897920718155,Jagung,Q1-2022,2022.0,70654.48313,73.8989014,522128.8683,11,3,2022,0.7788717688157301,0.8613528689236687,1.0,1.0,1.0,-0.4338837391175562,-0.90096886790242,1.0,6.123233995736766e-17,0.0
2022-03-12,Jagung Pipil Kering,4711.662571578616,4972.271808128518,Jagung,Q1-2022,2022.0,70654.48313,73.8989014,522128.8683,12,3,2022,0.7842569842103424,0.859109471142069,1.0,1.0,1.0,-0.9749279121818235,-0.2225209339563148,1.0,6.123233995736766e-17,0.0
2022-03-13,Jagung Pipil Kering,4733.240835204434,4973.492066032999,Jagung,Q1-2022,2022.0,70654.48313,73.8989014,522128.8683,13,3,2022,0.7962449084469079,0.8598644184329269,1.0,1.0,1.0,-0.781831482468029,0.6234898018587346,1.0,6.123233995736766e-17,0.0
2022-03-14,Jagung Pipil Kering,4600.0,5000.0,Jagung,Q1-2022,2022.0,70654.48313,73.8989014,522128.8683,14,3,2022,0.7222222222222221,0.876264306408367,1.0,1.0,1.0,-4.898587196589413e-16,1.0,1.0,6.123233995736766e-17,0.0
2022-03-15,Jagung Pipil Kering,4600.0,5000.0,Jagung,Q1-2022,2022.0,70654.48313,73.8989014,522128.8683,15,3,2022,0.7222222222222221,0.876264306408367,1.0,1.0,1.0,0.7818314824680284,0.6234898018587354,1.0,6.123233995736766e-17,0.0
2022-03-16,Jagung Pipil Kering,4600.0,5000.0,Jagung,Q1-2022,2022.0,70654.48313,73.8989014,522128.8683,16,3,2022,0.7222222222222221,0.876264306408367,1.0,1.0,1.0,0.9749279121818237,-0.22252093395631387,1.0,6.123233995736766e-17,0.0
2022-03-17,Jagung Pipil Kering,4600.0,5000.0,Jagung,Q1-2022,2022.0,70654.48313,73.8989014,522128.8683,17,3,2022,0.7222222222222221,0.876264306408367,1.0,1.0,1.0,0.43388373911755707,-0.9009688679024196,1.0,6.123233995736766e-17,0.0
2022-03-18,Jagung Pipil Kering,4600.0,5000.0,Jagung,Q1-2022,2022.0,70654.48313,73.8989014,522128.8683,18,3,2022,0.7222222222222221,0.876264306408367,1.0,1.0,1.0,-0.43388373911755757,-0.9009688679024194,1.0,6.123233995736766e-17,0.0
2022-03-19,Jagung Pipil Kering,4776.2773144429675,5061.604571162705,Jagung,Q1-2022,2022.0,70654.48313,73.8989014,522128.8683,19,3,2022,0.8201540635794264,0.9143777281145291,1.0,1.0,1.0,-0.9749279121818235,-0.22252093395631506,1.0,6.123233995736766e-17,0.0
2022-03-20,Jagung Pipil Kering,4764.538917917609,5085.358087820688,Jagung,Q1-2022,2022.0,70654.48313,73.8989014,522128.8683,20,3,2022,0.8136327321764496,0.9290735174091087,1.0,1.0,1.0,-0.7818314824680302,0.6234898018587329,1.0,6.123233995736766e-17,0.0
2022-03-21,Jagung Pipil Kering,4800.0,5150.0,Jagung,Q1-2022,2022.0,70654.48313,73.8989014,522128.8683,21,3,2022,0.8333333333333333,0.969066076602092,1.0,1.0,1.0,-7.347880794884119e-16,1.0,1.0,6.123233995736766e-17,0.0
2022-03-22,Jagung Pipil Kering,4800.0,5150.0,Jagung,Q1-2022,2022.0,70654.48313,73.8989014,522128.8683,22,3,2022,0.8333333333333333,0.969066076602092,1.0,1.0,1.0,0.7818314824680271,0.6234898018587369,1.0,6.123233995736766e-17,0.0
2022-03-23,Jagung Pipil Kering,4800.0,5150.0,Jagung,Q1-2022,2022.0,70654.48313,73.8989014,522128.8683,23,3,2022,0.8333333333333333,0.969066076602092,1.0,1.0,1.0,0.9749279121818238,-0.22252093395631362,1.0,6.123233995736766e-17,0.0
2022-03-24,Jagung Pipil Kering,4800.0,5150.0,Jagung,Q1-2022,2022.0,70654.48313,73.8989014,522128.8683,24,3,2022,0.8333333333333333,0.969066076602092,1.0,1.0,1.0,0.4338837391175589,-0.9009688679024188,1.0,6.123233995736766e-17,0.0
2022-03-25,Jagung Pipil Kering,4800.0,5150.0,Jagung,Q1-2022,2022.0,70654.48313,73.8989014,522128.8683,25,3,2022,0.8333333333333333,0.969066076602092,1.0,1.0,1.0,-0.43388373911755734,-0.9009688679024195,1.0,6.123233995736766e-17,0.0
2022-03-26,Jagung Pipil Kering,4783.081164507289,5077.571372738688,Jagung,Q1-2022,2022.0,70654.48313,73.8989014,522128.8683,26,3,2022,0.8239339802818273,0.9242560444517505,1.0,1.0,1.0,-0.9749279121818242,-0.22252093395631184,1.0,6.123233995736766e-17,0.0
2022-03-27,Jagung Pipil Kering,4789.505906644235,5091.76718423574,Jagung,Q1-2022,2022.0,70654.48313,73.8989014,522128.8683,27,3,2022,0.82750328146902,0.9330386873601695,1.0,1.0,1.0,-0.7818314824680304,0.6234898018587328,1.0,6.123233995736766e-17,0.0
2022-03-28,Jagung Pipil Kering,4800.0,5200.0,Jagung,Q1-2022,2022.0,70654.48313,73.8989014,522128.8683,28,3,2022,0.8333333333333333,1.0,1.0,1.0,1.0,-9.797174393178826e-16,1.0,1.0,6.123233995736766e-17,0.0
2022-03-29,Jagung Pipil Kering,4800.0,5200.0,Jagung,Q1-2022,2022.0,70654.48313,73.8989014,522128.8683,29,3,2022,0.8333333333333333,1.0,1.0,1.0,1.0,0.7818314824680291,0.6234898018587344,1.0,6.123233995736766e-17,0.0
2022-03-30,Jagung Pipil Kering,4800.0,5200.0,Jagung,Q1-2022,2022.0,70654.48313,73.8989014,522128.8683,30,3,2022,0.8333333333333333,1.0,1.0,1.0,1.0,0.9749279121818246,-0.22252093395630992,1.0,6.123233995736766e-17,0.0
2022-03-31,Jagung Pipil Kering,4800.0,5200.0,Jagung,Q1-2022,2022.0,70654.48313,73.8989014,522128.8683,31,3,2022,0.8333333333333333,1.0,1.0,1.0,1.0,0.4338837391175591,-0.9009688679024187,1.0,6.123233995736766e-17,0.0
2022-04-01,Jagung Pipil Kering,4859.210370538005,5176.411732148699,Jagung,Q1-2022,2022.0,70654.48313,73.8989014,522128.8683,1,4,2022,0.8662279836322251,0.9854064465839705,1.0,1.0,1.0,0.7818314824680298,0.6234898018587336,0.8660254037844387,-0.4999999999999998,0.0
2022-04-02,Jagung Pipil Kering,4973.466507301889,5164.440508671285,Jagung,Q1-2022,2022.0,70654.48313,73.8989014,522128.8683,2,4,2022,0.929703615167716,0.9780001083833789,1.0,1.0,1.0,0.9749279121818236,-0.22252093395631434,0.8660254037844387,-0.4999999999999998,0.0
2022-04-03,Jagung Pipil Kering,4949.572848296564,5165.223024748827,Jagung,Q1-2022,2022.0,70654.48313,73.8989014,522128.8683,3,4,2022,0.9164293601647577,0.9784842342313853,1.0,1.0,1.0,0.43388373911755823,-0.900968867902419,0.8660254037844387,-0.4999999999999998,0.0
2022-04-04,Jagung Pipil Kering,5100.0,5200.0,Jagung,Q1-2022,2022.0,70654.48313,73.8989014,522128.8683,4,4,2022,1.0000000000000002,1.0,1.0,1.0,1.0,-0.433883739117558,-0.9009688679024191,0.8660254037844387,-0.4999999999999998,0.0
2022-04-05,Jagung Pipil Kering,5100.0,5200.0,Jagung,Q1-2022,2022.0,70654.48313,73.8989014,522128.8683,5,4,2022,1.0000000000000002,1.0,1.0,1.0,1.0,-0.9749279121818236,-0.2225209339563146,0.8660254037844387,-0.4999999999999998,0.0
2022-04-06,Jagung Pipil Kering,5100.0,5200.0,Jagung,Q1-2022,2022.0,70654.48313,73.8989014,522128.8683,6,4,2022,1.0000000000000002,1.0,1.0,1.0,1.0,-0.7818314824680299,0.6234898018587334,0.8660254037844387,-0.4999999999999998,0.0
2022-04-07,Jagung Pipil Kering,5100.0,5200.0,Jagung,Q1-2022,2022.0,70654.48313,73.8989014,522128.8683,7,4,2022,1.0000000000000002,1.0,1.0,1.0,1.0,-2.4492935982947064e-16,1.0,0.8660254037844387,-0.4999999999999998,0.0
2022-04-08,Jagung Pipil Kering,5100.0,5200.0,Jagung,Q1-2022,2022.0,70654.48313,73.8989014,522128.8683,8,4,2022,1.0000000000000002,1.0,1.0,1.0,1.0,0.7818314824680296,0.6234898018587337,0.8660254037844387,-0.4999999999999998,0.0
2022-04-09,Jagung Pipil Kering,4701.624928128245,5147.974374123043,Jagung,Q1-2022,2022.0,70654.48313,73.8989014,522128.8683,9,4,2022,0.7786805156268028,0.9678128654878799,1.0,1.0,1.0,0.9749279121818237,-0.2225209339563141,0.8660254037844387,-0.4999999999999998,0.0
2022-04-10,Jagung Pipil Kering,4629.984338560717,5138.943330185901,Jagung,Q1-2022,2022.0,70654.48313,73.8989014,522128.8683,10,4,2022,0.7388801880892875,0.9622255530607857,1.0,1.0,1.0,0.43388373911755845,-0.9009688679024189,0.8660254037844387,-0.4999999999999998,0.0
2022-04-11,Jagung Pipil Kering,4900.0,5150.0,Jagung,Q1-2022,2022.0,70654.48313,73.8989014,522128.8683,11,4,2022,0.8888888888888891,0.969066076602092,1.0,1.0,1.0,-0.4338837391175562,-0.90096886790242,0.8660254037844387,-0.4999999999999998,0.0
2022-04-12,Jagung Pipil Kering,4900.0,5150.0,Jagung,Q1-2022,2022.0,70654.48313,73.8989014,522128.8683,12,4,2022,0.8888888888888891,0.969066076602092,1.0,1.0,1.0,-0.9749279121818235,-0.2225209339563148,0.8660254037844387,-0.4999999999999998,0.0
2022-04-13,Jagung Pipil Kering,4900.0,5150.0,Jagung,Q1-2022,2022.0,70654.48313,73.8989014,522128.8683,13,4,2022,0.8888888888888891,0.969066076602092,1.0,1.0,1.0,-0.781831482468029,0.6234898018587346,0.8660254037844387,-0.4999999999999998,0.0
2022-04-14,Jagung Pipil Kering,4900.0,5150.0,Jagung,Q1-2022,2022.0,70654.48313,73.8989014,522128.8683,14,4,2022,0.8888888888888891,0.969066076602092,1.0,1.0,1.0,-4.898587196589413e-16,1.0,0.8660254037844387,-0.4999999999999998,0.0
2022-04-15,Jagung Pipil Kering,4602.278701652203,5114.407564434754,Jagung,Q1-2022,2022.0,70654.48313,73.8989014,522128.8683,15,4,2022,0.7234881675845577,0.9470458030956856,1.0,1.0,1.0,0.7818314824680284,0.6234898018587354,0.8660254037844387,-0.4999999999999998,0.0
2022-04-16,Jagung Pipil Kering,4595.338070031945,5108.44904766178,Jagung,Q1-2022,2022.0,70654.48313,73.8989014,522128.8683,16,4,2022,0.7196322611288581,0.9433593970672791,1.0,1.0,1.0,0.9749279121818237,-0.22252093395631387,0.8660254037844387,-0.4999999999999998,0.0
2022-04-17,Jagung Pipil Kering,4588.4867954841475,5102.020711135717,Jagung,Q1-2022,2022.0,70654.48313,73.8989014,522128.8683,17,4,2022,0.7158259974911931,0.939382323673815,1.0,1.0,1.0,0.43388373911755707,-0.9009688679024196,0.8660254037844387,-0.4999999999999998,0.0
2022-04-18,Jagung Pipil Kering,4900.0,5150.0,Jagung,Q1-2022,2022.0,70654.48313,73.8989014,522128.8683,18,4,2022,0.8888888888888891,0.969066076602092,1.0,1.0,1.0,-0.43388373911755757,-0.9009688679024194,0.8660254037844387,-0.4999999999999998,0.0
2022-04-19,Jagung Pipil Kering,4900.0,5150.0,Jagung,Q1-2022,2022.0,70654.48313,73.8989014,522128.8683,19,4,2022,0.8888888888888891,0.969066076602092,1.0,1.0,1.0,-0.9749279121818235,-0.22252093395631506,0.8660254037844387,-0.4999999999999998,0.0
2022-04-20,Jagung Pipil Kering,4900.0,5150.0,Jagung,Q1-2022,2022.0,70654.48313,73.8989014,522128.8683,20,4,2022,0.8888888888888891,0.969066076602092,1.0,1.0,1.0,-0.7818314824680302,0.6234898018587329,0.8660254037844387,-0.4999999999999998,0.0
2022-04-21,Jagung Pipil Kering,4900.0,5150.0,Jagung,Q1-2022,2022.0,70654.48313,73.8989014,522128.8683,21,4,2022,0.8888888888888891,0.969066076602092,1.0,1.0,1.0,-7.347880794884119e-16,1.0,0.8660254037844387,-0.4999999999999998,0.0
2022-04-22,Jagung Pipil Kering,4900.0,5150.0,Jagung,Q1-2022,2022.0,70654.48313,73.8989014,522128.8683,22,4,2022,0.8888888888888891,0.969066076602092,1.0,1.0,1.0,0.7818314824680271,0.6234898018587369,0.8660254037844387,-0.4999999999999998,0.0
2022-04-23,Jagung Pipil Kering,4536.385866679586,5080.888961216382,Jagung,Q1-2022,2022.0,70654.48313,73.8989014,522128.8683,23,4,2022,0.6868810370442147,0.9263085650084459,1.0,1.0,1.0,0.9749279121818238,-0.22252093395631362,0.8660254037844387,-0.4999999999999998,0.0
2022-04-24,Jagung Pipil Kering,4448.776215722906,5011.254798181325,Jagung,Q1-2022,2022.0,70654.48313,73.8989014,522128.8683,24,4,2022,0.6382090087349479,0.8832274077043678,1.0,1.0,1.0,0.4338837391175589,-0.9009688679024188,0.8660254037844387,-0.4999999999999998,0.0
2022-04-25,Jagung Pipil Kering,4800.0,5000.0,Jagung,Q1-2022,2022.0,70654.48313,73.8989014,522128.8683,25,4,2022,0.8333333333333333,0.876264306408367,1.0,1.0,1.0,-0.43388373911755734,-0.9009688679024195,0.8660254037844387,-0.4999999999999998,0.0
2022-04-26,Jagung Pipil Kering,4800.0,5000.0,Jagung,Q1-2022,2022.0,70654.48313,73.8989014,522128.8683,26,4,2022,0.8333333333333333,0.876264306408367,1.0,1.0,1.0,-0.9749279121818242,-0.22252093395631184,0.8660254037844387,-0.4999999999999998,0.0
2022-04-27,Jagung Pipil Kering,4800.0,5000.0,Jagung,Q1-2022,2022.0,70654.48313,73.8989014,522128.8683,27,4,2022,0.8333333333333333,0.876264306408367,1.0,1.0,1.0,-0.7818314824680304,0.6234898018587328,0.8660254037844387,-0.4999999999999998,0.0
2022-04-28,Jagung Pipil Kering,4800.0,5000.0,Jagung,Q1-2022,2022.0,70654.48313,73.8989014,522128.8683,28,4,2022,0.8333333333333333,0.876264306408367,1.0,1.0,1.0,-9.797174393178826e-16,1.0,0.8660254037844387,-0.4999999999999998,0.0
2022-04-29,Jagung Pipil Kering,4800.0,5000.0,Jagung,Q1-2022,2022.0,70654.48313,73.8989014,522128.8683,29,4,2022,0.8333333333333333,0.876264306408367,1.0,1.0,1.0,0.7818314824680291,0.6234898018587344,0.8660254037844387,-0.4999999999999998,0.0
2022-04-30,Jagung Pipil Kering,4390.576261669041,4979.9314622909715,Jagung,Q1-2022,2022.0,70654.48313,73.8989014,522128.8683,30,4,2022,0.6058757009272451,0.8638483342443846,1.0,1.0,1.0,0.9749279121818246,-0.22252093395630992,0.8660254037844387,-0.4999999999999998,0.0
2022-05-01,Jagung Pipil Kering,4418.038569959116,4969.7845249564325,Jagung,Q2-2022,2022.0,13795.942500000001,72.21832760000001,99631.9895,1,5,2022,0.6211325388661757,0.8575706425997849,0.0323840475248193,0.6773650198101304,0.04072992485344715,0.7818314824680298,0.6234898018587336,0.49999999999999994,-0.8660254037844387,0.0
2022-05-02,Jagung Pipil Kering,4618.821949627871,4956.423442861251,Jagung,Q2-2022,2022.0,13795.942500000001,72.21832760000001,99631.9895,2,5,2022,0.7326788609043728,0.8493044287988742,0.0323840475248193,0.6773650198101304,0.04072992485344715,0.9749279121818236,-0.22252093395631434,0.49999999999999994,-0.8660254037844387,0.0
2022-05-03,Jagung Pipil Kering,4559.357066080043,4938.266807281898,Jagung,Q2-2022,2022.0,13795.942500000001,72.21832760000001,99631.9895,3,5,2022,0.6996428144889129,0.8380713093153656,0.0323840475248193,0.6773650198101304,0.04072992485344715,0.43388373911755823,-0.900968867902419,0.49999999999999994,-0.8660254037844387,0.0
2022-05-04,Jagung Pipil Kering,4500.0,5000.0,Jagung,Q2-2022,2022.0,13795.942500000001,72.21832760000001,99631.9895,4,5,2022,0.6666666666666667,0.876264306408367,0.0323840475248193,0.6773650198101304,0.04072992485344715,-0.433883739117558,-0.9009688679024191,0.49999999999999994,-0.8660254037844387,0.0
2022-05-05,Jagung Pipil Kering,4500.0,5000.0,Jagung,Q2-2022,2022.0,13795.942500000001,72.21832760000001,99631.9895,5,5,2022,0.6666666666666667,0.876264306408367,0.0323840475248193,0.6773650198101304,0.04072992485344715,-0.9749279121818236,-0.2225209339563146,0.49999999999999994,-0.8660254037844387,0.0
2022-05-06,Jagung Pipil Kering,4400.0,5000.0,Jagung,Q2-2022,2022.0,13795.942500000001,72.21832760000001,99631.9895,6,5,2022,0.6111111111111114,0.876264306408367,0.0323840475248193,0.6773650198101304,0.04072992485344715,-0.7818314824680299,0.6234898018587334,0.49999999999999994,-0.8660254037844387,0.0
2022-05-07,Jagung Pipil Kering,4368.298050570518,4821.526351923836,Jagung,Q2-2022,2022.0,13795.942500000001,72.21832760000001,99631.9895,7,5,2022,0.5934989169836211,0.7658465032457014,0.0323840475248193,0.6773650198101304,0.04072992485344715,-2.4492935982947064e-16,1.0,0.49999999999999994,-0.8660254037844387,0.0
2022-05-08,Jagung Pipil Kering,4332.7986415357955,4750.3408137997985,Jagung,Q2-2022,2022.0,13795.942500000001,72.21832760000001,99631.9895,8,5,2022,0.573777023075442,0.7218055435783444,0.0323840475248193,0.6773650198101304,0.04072992485344715,0.7818314824680296,0.6234898018587337,0.49999999999999994,-0.8660254037844387,0.0
2022-05-09,Jagung Pipil Kering,4300.0,4500.0,Jagung,Q2-2022,2022.0,13795.942500000001,72.21832760000001,99631.9895,9,5,2022,0.5555555555555556,0.5669250724292851,0.0323840475248193,0.6773650198101304,0.04072992485344715,0.9749279121818237,-0.2225209339563141,0.49999999999999994,-0.8660254037844387,0.0
2022-05-10,Jagung Pipil Kering,4200.0,4400.0,Jagung,Q2-2022,2022.0,13795.942500000001,72.21832760000001,99631.9895,10,5,2022,0.5000000000000002,0.5050572256334687,0.0323840475248193,0.6773650198101304,0.04072992485344715,0.43388373911755845,-0.9009688679024189,0.49999999999999994,-0.8660254037844387,0.0
2022-05-11,Jagung Pipil Kering,4200.0,4400.0,Jagung,Q2-2022,2022.0,13795.942500000001,72.21832760000001,99631.9895,11,5,2022,0.5000000000000002,0.5050572256334687,0.0323840475248193,0.6773650198101304,0.04072992485344715,-0.4338837391175562,-0.90096886790242,0.49999999999999994,-0.8660254037844387,0.0
2022-05-12,Jagung Pipil Kering,4100.0,4200.0,Jagung,Q2-2022,2022.0,13795.942500000001,72.21832760000001,99631.9895,12,5,2022,0.4444444444444444,0.3813215320418357,0.0323840475248193,0.6773650198101304,0.04072992485344715,-0.9749279121818235,-0.2225209339563148,0.49999999999999994,-0.8660254037844387,0.0
2022-05-13,Jagung Pipil Kering,3850.0,4000.0,Jagung,Q2-2022,2022.0,13795.942500000001,72.21832760000001,99631.9895,13,5,2022,0.3055555555555556,0.2575858384502028,0.0323840475248193,0.6773650198101304,0.04072992485344715,-0.781831482468029,0.6234898018587346,0.49999999999999994,-0.8660254037844387,0.0
2022-05-14,Jagung Pipil Kering,4224.234722180518,4644.201219000599,Jagung,Q2-2022,2022.0,13795.942500000001,72.21832760000001,99631.9895,14,5,2022,0.5134637345447322,0.6561392616782751,0.0323840475248193,0.6773650198101304,0.04072992485344715,-4.898587196589413e-16,1.0,0.49999999999999994,-0.8660254037844387,0.0
2022-05-15,Jagung Pipil Kering,4217.4085612014405,4625.665759321647,Jagung,Q2-2022,2022.0,13795.942500000001,72.21832760000001,99631.9895,15,5,2022,0.5096714228896893,0.644671771881201,0.0323840475248193,0.6773650198101304,0.04072992485344715,0.7818314824680284,0.6234898018587354,0.49999999999999994,-0.8660254037844387,0.0
2022-05-16,Jagung Pipil Kering,4210.321004644043,4607.30906885205,Jagung,Q2-2022,2022.0,13795.942500000001,72.21832760000001,99631.9895,16,5,2022,0.5057338914689125,0.6333148827446884,0.0323840475248193,0.6773650198101304,0.04072992485344715,0.9749279121818237,-0.22252093395631387,0.49999999999999994,-0.8660254037844387,0.0
2022-05-17,Jagung Pipil Kering,3800.0,4000.0,Jagung,Q2-2022,2022.0,13795.942500000001,72.21832760000001,99631.9895,17,5,2022,0.2777777777777779,0.2575858384502028,0.0323840475248193,0.6773650198101304,0.04072992485344715,0.43388373911755707,-0.9009688679024196,0.49999999999999994,-0.8660254037844387,0.0
2022-05-18,Jagung Pipil Kering,3800.0,4000.0,Jagung,Q2-2022,2022.0,13795.942500000001,72.21832760000001,99631.9895,18,5,2022,0.2777777777777779,0.2575858384502028,0.0323840475248193,0.6773650198101304,0.04072992485344715,-0.43388373911755757,-0.9009688679024194,0.49999999999999994,-0.8660254037844387,0.0
2022-05-19,Jagung Pipil Kering,3800.0,4000.0,Jagung,Q2-2022,2022.0,13795.942500000001,72.21832760000001,99631.9895,19,5,2022,0.2777777777777779,0.2575858384502028,0.0323840475248193,0.6773650198101304,0.04072992485344715,-0.9749279121818235,-0.22252093395631506,0.49999999999999994,-0.8660254037844387,0.0
2022-05-20,Jagung Pipil Kering,3800.0,4000.0,Jagung,Q2-2022,2022.0,13795.942500000001,72.21832760000001,99631.9895,20,5,2022,0.2777777777777779,0.2575858384502028,0.0323840475248193,0.6773650198101304,0.04072992485344715,-0.7818314824680302,0.6234898018587329,0.49999999999999994,-0.8660254037844387,0.0
2022-05-21,Jagung Pipil Kering,4175.6371856486785,4530.791544038746,Jagung,Q2-2022,2022.0,13795.942500000001,72.21832760000001,99631.9895,21,5,2022,0.4864651031381546,0.5859751377212428,0.0323840475248193,0.6773650198101304,0.04072992485344715,-7.347880794884119e-16,1.0,0.49999999999999994,-0.8660254037844387,0.0
2022-05-22,Jagung Pipil Kering,4165.218059539408,4509.884940110579,Jagung,Q2-2022,2022.0,13795.942500000001,72.21832760000001,99631.9895,22,5,2022,0.48067669974411564,0.5730406720327563,0.0323840475248193,0.6773650198101304,0.04072992485344715,0.7818314824680271,0.6234898018587369,0.49999999999999994,-0.8660254037844387,0.0
2022-05-23,Jagung Pipil Kering,4000.0,4250.0,Jagung,Q2-2022,2022.0,13795.942500000001,72.21832760000001,99631.9895,23,5,2022,0.38888888888888906,0.41225545543974373,0.0323840475248193,0.6773650198101304,0.04072992485344715,0.9749279121818238,-0.22252093395631362,0.49999999999999994,-0.8660254037844387,0.0
2022-05-24,Jagung Pipil Kering,4000.0,4250.0,Jagung,Q2-2022,2022.0,13795.942500000001,72.21832760000001,99631.9895,24,5,2022,0.38888888888888906,0.41225545543974373,0.0323840475248193,0.6773650198101304,0.04072992485344715,0.4338837391175589,-0.9009688679024188,0.49999999999999994,-0.8660254037844387,0.0
2022-05-25,Jagung Pipil Kering,4000.0,4250.0,Jagung,Q2-2022,2022.0,13795.942500000001,72.21832760000001,99631.9895,25,5,2022,0.38888888888888906,0.41225545543974373,0.0323840475248193,0.6773650198101304,0.04072992485344715,-0.43388373911755734,-0.9009688679024195,0.49999999999999994,-0.8660254037844387,0.0
2022-05-26,Jagung Pipil Kering,4000.0,4250.0,Jagung,Q2-2022,2022.0,13795.942500000001,72.21832760000001,99631.9895,26,5,2022,0.38888888888888906,0.41225545543974373,0.0323840475248193,0.6773650198101304,0.04072992485344715,-0.9749279121818242,-0.22252093395631184,0.49999999999999994,-0.8660254037844387,0.0
2022-05-27,Jagung Pipil Kering,4000.0,4250.0,Jagung,Q2-2022,2022.0,13795.942500000001,72.21832760000001,99631.9895,27,5,2022,0.38888888888888906,0.41225545543974373,0.0323840475248193,0.6773650198101304,0.04072992485344715,-0.7818314824680304,0.6234898018587328,0.49999999999999994,-0.8660254037844387,0.0
2022-05-28,Jagung Pipil Kering,4000.0,4250.0,Jagung,Q2-2022,2022.0,13795.942500000001,72.21832760000001,99631.9895,28,5,2022,0.38888888888888906,0.41225545543974373,0.0323840475248193,0.6773650198101304,0.04072992485344715,-9.797174393178826e-16,1.0,0.49999999999999994,-0.8660254037844387,0.0
2022-05-29,Jagung Pipil Kering,4000.0,4250.0,Jagung,Q2-2022,2022.0,13795.942500000001,72.21832760000001,99631.9895,29,5,2022,0.38888888888888906,0.41225545543974373,0.0323840475248193,0.6773650198101304,0.04072992485344715,0.7818314824680291,0.6234898018587344,0.49999999999999994,-0.8660254037844387,0.0
2022-05-30,Jagung Pipil Kering,4000.0,4250.0,Jagung,Q2-2022,2022.0,13795.942500000001,72.21832760000001,99631.9895,30,5,2022,0.38888888888888906,0.41225545543974373,0.0323840475248193,0.6773650198101304,0.04072992485344715,0.9749279121818246,-0.22252093395630992,0.49999999999999994,-0.8660254037844387,0.0
2022-05-31,Jagung Pipil Kering,4000.0,4250.0,Jagung,Q2-2022,2022.0,13795.942500000001,72.21832760000001,99631.9895,31,5,2022,0.38888888888888906,0.41225545543974373,0.0323840475248193,0.6773650198101304,0.04072992485344715,0.4338837391175591,-0.9009688679024187,0.49999999999999994,-0.8660254037844387,0.0
2022-06-01,Jagung Pipil Kering,4169.601023591919,4278.255216780189,Jagung,Q2-2022,2022.0,13795.942500000001,72.21832760000001,99631.9895,1,6,2022,0.4831116797732886,0.4297363496691369,0.0323840475248193,0.6773650198101304,0.04072992485344715,0.7818314824680298,0.6234898018587336,1.2246467991473532e-16,-1.0,0.0
2022-06-02,Jagung Pipil Kering,3900.0,4250.0,Jagung,Q2-2022,2022.0,13795.942500000001,72.21832760000001,99631.9895,2,6,2022,0.33333333333333326,0.41225545543974373,0.0323840475248193,0.6773650198101304,0.04072992485344715,0.9749279121818236,-0.22252093395631434,1.2246467991473532e-16,-1.0,0.0
2022-06-03,Jagung Pipil Kering,3900.0,4250.0,Jagung,Q2-2022,2022.0,13795.942500000001,72.21832760000001,99631.9895,3,6,2022,0.33333333333333326,0.41225545543974373,0.0323840475248193,0.6773650198101304,0.04072992485344715,0.43388373911755823,-0.900968867902419,1.2246467991473532e-16,-1.0,0.0
2022-06-04,Jagung Pipil Kering,4102.608768951178,4281.904941249121,Jagung,Q2-2022,2022.0,13795.942500000001,72.21832760000001,99631.9895,4,6,2022,0.4458937605284323,0.4319943556120456,0.0323840475248193,0.6773650198101304,0.04072992485344715,-0.433883739117558,-0.9009688679024191,1.2246467991473532e-16,-1.0,0.0
2022-06-05,Jagung Pipil Kering,4046.623008949441,4272.456181224225,Jagung,Q2-2022,2022.0,13795.942500000001,72.21832760000001,99631.9895,5,6,2022,0.4147905605274673,0.426148611235738,0.0323840475248193,0.6773650198101304,0.04072992485344715,-0.9749279121818236,-0.2225209339563146,1.2246467991473532e-16,-1.0,0.0
2022-06-06,Jagung Pipil Kering,3900.0,4250.0,Jagung,Q2-2022,2022.0,13795.942500000001,72.21832760000001,99631.9895,6,6,2022,0.33333333333333326,0.41225545543974373,0.0323840475248193,0.6773650198101304,0.04072992485344715,-0.7818314824680299,0.6234898018587334,1.2246467991473532e-16,-1.0,0.0
2022-06-07,Jagung Pipil Kering,3900.0,4250.0,Jagung,Q2-2022,2022.0,13795.942500000001,72.21832760000001,99631.9895,7,6,2022,0.33333333333333326,0.41225545543974373,0.0323840475248193,0.6773650198101304,0.04072992485344715,-2.4492935982947064e-16,1.0,1.2246467991473532e-16,-1.0,0.0
2022-06-08,Jagung Pipil Kering,3900.0,4250.0,Jagung,Q2-2022,2022.0,13795.942500000001,72.21832760000001,99631.9895,8,6,2022,0.33333333333333326,0.41225545543974373,0.0323840475248193,0.6773650198101304,0.04072992485344715,0.7818314824680296,0.6234898018587337,1.2246467991473532e-16,-1.0,0.0
2022-06-09,Jagung Pipil Kering,3900.0,4250.0,Jagung,Q2-2022,2022.0,13795.942500000001,72.21832760000001,99631.9895,9,6,2022,0.33333333333333326,0.41225545543974373,0.0323840475248193,0.6773650198101304,0.04072992485344715,0.9749279121818237,-0.2225209339563141,1.2246467991473532e-16,-1.0,0.0
2022-06-10,Jagung Pipil Kering,3900.0,4250.0,Jagung,Q2-2022,2022.0,13795.942500000001,72.21832760000001,99631.9895,10,6,2022,0.33333333333333326,0.41225545543974373,0.0323840475248193,0.6773650198101304,0.04072992485344715,0.43388373911755845,-0.9009688679024189,1.2246467991473532e-16,-1.0,0.0
2022-06-11,Jagung Pipil Kering,3912.5460827696884,4255.847762441899,Jagung,Q2-2022,2022.0,13795.942500000001,72.21832760000001,99631.9895,11,6,2022,0.34030337931649357,0.4158733401482815,0.0323840475248193,0.6773650198101304,0.04072992485344715,-0.4338837391175562,-0.90096886790242,1.2246467991473532e-16,-1.0,0.0
2022-06-12,Jagung Pipil Kering,3912.4204878199607,4257.343416177254,Jagung,Q2-2022,2022.0,13795.942500000001,72.21832760000001,99631.9895,12,6,2022,0.34023360434442274,0.4167986689098666,0.0323840475248193,0.6773650198101304,0.04072992485344715,-0.9749279121818235,-0.2225209339563148,1.2246467991473532e-16,-1.0,0.0
2022-06-13,Jagung Pipil Kering,3900.0,4250.0,Jagung,Q2-2022,2022.0,13795.942500000001,72.21832760000001,99631.9895,13,6,2022,0.33333333333333326,0.41225545543974373,0.0323840475248193,0.6773650198101304,0.04072992485344715,-0.781831482468029,0.6234898018587346,1.2246467991473532e-16,-1.0,0.0
2022-06-14,Jagung Pipil Kering,3900.0,4250.0,Jagung,Q2-2022,2022.0,13795.942500000001,72.21832760000001,99631.9895,14,6,2022,0.33333333333333326,0.41225545543974373,0.0323840475248193,0.6773650198101304,0.04072992485344715,-4.898587196589413e-16,1.0,1.2246467991473532e-16,-1.0,0.0
2022-06-15,Jagung Pipil Kering,3900.0,4250.0,Jagung,Q2-2022,2022.0,13795.942500000001,72.21832760000001,99631.9895,15,6,2022,0.33333333333333326,0.41225545543974373,0.0323840475248193,0.6773650198101304,0.04072992485344715,0.7818314824680284,0.6234898018587354,1.2246467991473532e-16,-1.0,0.0
2022-06-16,Jagung Pipil Kering,3900.0,4250.0,Jagung,Q2-2022,2022.0,13795.942500000001,72.21832760000001,99631.9895,16,6,2022,0.33333333333333326,0.41225545543974373,0.0323840475248193,0.6773650198101304,0.04072992485344715,0.9749279121818237,-0.22252093395631387,1.2246467991473532e-16,-1.0,0.0
2022-06-17,Jagung Pipil Kering,3900.0,4250.0,Jagung,Q2-2022,2022.0,13795.942500000001,72.21832760000001,99631.9895,17,6,2022,0.33333333333333326,0.41225545543974373,0.0323840475248193,0.6773650198101304,0.04072992485344715,0.43388373911755707,-0.9009688679024196,1.2246467991473532e-16,-1.0,0.0
2022-06-18,Jagung Pipil Kering,3911.4408686486254,4248.242259547999,Jagung,Q2-2022,2022.0,13795.942500000001,72.21832760000001,99631.9895,18,6,2022,0.3396893714714586,0.4111679792698322,0.0323840475248193,0.6773650198101304,0.04072992485344715,-0.43388373911755757,-0.9009688679024194,1.2246467991473532e-16,-1.0,0.0
2022-06-19,Jagung Pipil Kering,3911.2569346242503,4250.482829825882,Jagung,Q2-2022,2022.0,13795.942500000001,72.21832760000001,99631.9895,19,6,2022,0.3395871859023616,0.41255417185670495,0.0323840475248193,0.6773650198101304,0.04072992485344715,-0.9749279121818235,-0.22252093395631506,1.2246467991473532e-16,-1.0,0.0
2022-06-20,Jagung Pipil Kering,3900.0,4250.0,Jagung,Q2-2022,2022.0,13795.942500000001,72.21832760000001,99631.9895,20,6,2022,0.33333333333333326,0.41225545543974373,0.0323840475248193,0.6773650198101304,0.04072992485344715,-0.7818314824680302,0.6234898018587329,1.2246467991473532e-16,-1.0,0.0
2022-06-21,Jagung Pipil Kering,3900.0,4250.0,Jagung,Q2-2022,2022.0,13795.942500000001,72.21832760000001,99631.9895,21,6,2022,0.33333333333333326,0.41225545543974373,0.0323840475248193,0.6773650198101304,0.04072992485344715,-7.347880794884119e-16,1.0,1.2246467991473532e-16,-1.0,0.0
2022-06-22,Jagung Pipil Kering,3900.0,4250.0,Jagung,Q2-2022,2022.0,13795.942500000001,72.21832760000001,99631.9895,22,6,2022,0.33333333333333326,0.41225545543974373,0.0323840475248193,0.6773650198101304,0.04072992485344715,0.7818314824680271,0.6234898018587369,1.2246467991473532e-16,-1.0,0.0
2022-06-23,Jagung Pipil Kering,4000.0,4150.0,Jagung,Q2-2022,2022.0,13795.942500000001,72.21832760000001,99631.9895,23,6,2022,0.38888888888888906,0.3503876086439277,0.0323840475248193,0.6773650198101304,0.04072992485344715,0.9749279121818238,-0.22252093395631362,1.2246467991473532e-16,-1.0,0.0
2022-06-24,Jagung Pipil Kering,4000.0,4150.0,Jagung,Q2-2022,2022.0,13795.942500000001,72.21832760000001,99631.9895,24,6,2022,0.38888888888888906,0.3503876086439277,0.0323840475248193,0.6773650198101304,0.04072992485344715,0.4338837391175589,-0.9009688679024188,1.2246467991473532e-16,-1.0,0.0
2022-06-25,Jagung Pipil Kering,3802.200632693354,4176.856974993884,Jagung,Q2-2022,2022.0,13795.942500000001,72.21832760000001,99631.9895,25,6,2022,0.27900035149630775,0.3670034407871343,0.0323840475248193,0.6773650198101304,0.04072992485344715,-0.43388373911755734,-0.9009688679024195,1.2246467991473532e-16,-1.0,0.0
2022-06-26,Jagung Pipil Kering,3807.007693226684,4189.713413237573,Jagung,Q2-2022,2022.0,13795.942500000001,72.21832760000001,99631.9895,26,6,2022,0.28167094068149123,0.37495744230313877,0.0323840475248193,0.6773650198101304,0.04072992485344715,-0.9749279121818242,-0.22252093395631184,1.2246467991473532e-16,-1.0,0.0
2022-06-27,Jagung Pipil Kering,4000.0,4250.0,Jagung,Q2-2022,2022.0,13795.942500000001,72.21832760000001,99631.9895,27,6,2022,0.38888888888888906,0.41225545543974373,0.0323840475248193,0.6773650198101304,0.04072992485344715,-0.7818314824680304,0.6234898018587328,1.2246467991473532e-16,-1.0,0.0
2022-06-28,Jagung Pipil Kering,4000.0,4250.0,Jagung,Q2-2022,2022.0,13795.942500000001,72.21832760000001,99631.9895,28,6,2022,0.38888888888888906,0.41225545543974373,0.0323840475248193,0.6773650198101304,0.04072992485344715,-9.797174393178826e-16,1.0,1.2246467991473532e-16,-1.0,0.0
2022-06-29,Jagung Pipil Kering,3600.0,3800.0,Jagung,Q2-2022,2022.0,13795.942500000001,72.21832760000001,99631.9895,29,6,2022,0.16666666666666674,0.13385014485856983,0.0323840475248193,0.6773650198101304,0.04072992485344715,0.7818314824680291,0.6234898018587344,1.2246467991473532e-16,-1.0,0.0
2022-06-30,Jagung Pipil Kering,3600.0,3800.0,Jagung,Q2-2022,2022.0,13795.942500000001,72.21832760000001,99631.9895,30,6,2022,0.16666666666666674,0.13385014485856983,0.0323840475248193,0.6773650198101304,0.04072992485344715,0.9749279121818246,-0.22252093395630992,1.2246467991473532e-16,-1.0,0.0
2022-07-01,Jagung Pipil Kering,3967.1265083529875,4232.084035468552,Jagung,Q2-2022,2022.0,13795.942500000001,72.21832760000001,99631.9895,1,7,2022,0.37062583797388204,0.4011712339514353,0.0323840475248193,0.6773650198101304,0.04072992485344715,0.7818314824680298,0.6234898018587336,-0.4999999999999997,-0.8660254037844388,0.0
2022-07-02,Jagung Pipil Kering,3948.7079467981343,4236.604928087005,Jagung,Q2-2022,2022.0,13795.942500000001,72.21832760000001,99631.9895,2,7,2022,0.3603933037767415,0.4039682128704225,0.0323840475248193,0.6773650198101304,0.04072992485344715,0.9749279121818236,-0.22252093395631434,-0.4999999999999997,-0.8660254037844388,0.0
2022-07-03,Jagung Pipil Kering,3928.6729346752936,4213.7384074245765,Jagung,Q2-2022,2022.0,13795.942500000001,72.21832760000001,99631.9895,3,7,2022,0.34926274148627434,0.3898211888994578,0.0323840475248193,0.6773650198101304,0.04072992485344715,0.43388373911755823,-0.900968867902419,-0.4999999999999997,-0.8660254037844388,0.0
2022-07-04,Jagung Pipil Kering,3900.0,4250.0,Jagung,Q2-2022,2022.0,13795.942500000001,72.21832760000001,99631.9895,4,7,2022,0.33333333333333326,0.41225545543974373,0.0323840475248193,0.6773650198101304,0.04072992485344715,-0.433883739117558,-0.9009688679024191,-0.4999999999999997,-0.8660254037844388,0.0
2022-07-05,Jagung Pipil Kering,3900.0,4250.0,Jagung,Q2-2022,2022.0,13795.942500000001,72.21832760000001,99631.9895,5,7,2022,0.33333333333333326,0.41225545543974373,0.0323840475248193,0.6773650198101304,0.04072992485344715,-0.9749279121818236,-0.2225209339563146,-0.4999999999999997,-0.8660254037844388,0.0
2022-07-06,Jagung Pipil Kering,3900.0,4250.0,Jagung,Q2-2022,2022.0,13795.942500000001,72.21832760000001,99631.9895,6,7,2022,0.33333333333333326,0.41225545543974373,0.0323840475248193,0.6773650198101304,0.04072992485344715,-0.7818314824680299,0.6234898018587334,-0.4999999999999997,-0.8660254037844388,0.0
2022-07-07,Jagung Pipil Kering,3900.0,4250.0,Jagung,Q2-2022,2022.0,13795.942500000001,72.21832760000001,99631.9895,7,7,2022,0.33333333333333326,0.41225545543974373,0.0323840475248193,0.6773650198101304,0.04072992485344715,-2.4492935982947064e-16,1.0,-0.4999999999999997,-0.8660254037844388,0.0
2022-07-08,Jagung Pipil Kering,3900.0,4250.0,Jagung,Q2-2022,2022.0,13795.942500000001,72.21832760000001,99631.9895,8,7,2022,0.33333333333333326,0.41225545543974373,0.0323840475248193,0.6773650198101304,0.04072992485344715,0.7818314824680296,0.6234898018587337,-0.4999999999999997,-0.8660254037844388,0.0
2022-07-09,Jagung Pipil Kering,3833.001619818172,4181.289890149235,Jagung,Q2-2022,2022.0,13795.942500000001,72.21832760000001,99631.9895,9,7,2022,0.29611201101009565,0.3697459899440356,0.0323840475248193,0.6773650198101304,0.04072992485344715,0.9749279121818237,-0.2225209339563141,-0.4999999999999997,-0.8660254037844388,0.0
2022-07-10,Jagung Pipil Kering,3834.6564518259133,4176.343731693248,Jagung,Q2-2022,2022.0,13795.942500000001,72.21832760000001,99631.9895,10,7,2022,0.2970313621255076,0.3666859082082068,0.0323840475248193,0.6773650198101304,0.04072992485344715,0.43388373911755845,-0.9009688679024189,-0.4999999999999997,-0.8660254037844388,0.0
2022-07-11,Jagung Pipil Kering,3300.0,3600.0,Jagung,Q2-2022,2022.0,13795.942500000001,72.21832760000001,99631.9895,11,7,2022,0.0,0.01011445126693733,0.0323840475248193,0.6773650198101304,0.04072992485344715,-0.4338837391175562,-0.90096886790242,-0.4999999999999997,-0.8660254037844388,0.0
2022-07-12,Jagung Pipil Kering,3300.0,3600.0,Jagung,Q2-2022,2022.0,13795.942500000001,72.21832760000001,99631.9895,12,7,2022,0.0,0.01011445126693733,0.0323840475248193,0.6773650198101304,0.04072992485344715,-0.9749279121818235,-0.2225209339563148,-0.4999999999999997,-0.8660254037844388,0.0
2022-07-13,Jagung Pipil Kering,3300.0,3600.0,Jagung,Q2-2022,2022.0,13795.942500000001,72.21832760000001,99631.9895,13,7,2022,0.0,0.01011445126693733,0.0323840475248193,0.6773650198101304,0.04072992485344715,-0.781831482468029,0.6234898018587346,-0.4999999999999997,-0.8660254037844388,0.0
2022-07-14,Jagung Pipil Kering,3300.0,3600.0,Jagung,Q2-2022,2022.0,13795.942500000001,72.21832760000001,99631.9895,14,7,2022,0.0,0.01011445126693733,0.0323840475248193,0.6773650198101304,0.04072992485344715,-4.898587196589413e-16,1.0,-0.4999999999999997,-0.8660254037844388,0.0
2022-07-15,Jagung Pipil Kering,3300.0,3600.0,Jagung,Q2-2022,2022.0,13795.942500000001,72.21832760000001,99631.9895,15,7,2022,0.0,0.01011445126693733,0.0323840475248193,0.6773650198101304,0.04072992485344715,0.7818314824680284,0.6234898018587354,-0.4999999999999997,-0.8660254037844388,0.0
2022-07-16,Jagung Pipil Kering,3810.660318170023,4113.103770141454,Jagung,Q2-2022,2022.0,13795.942500000001,72.21832760000001,99631.9895,16,7,2022,0.2837001767611238,0.3275607056816101,0.0323840475248193,0.6773650198101304,0.04072992485344715,0.9749279121818237,-0.22252093395631387,-0.4999999999999997,-0.8660254037844388,0.0
2022-07-17,Jagung Pipil Kering,3811.0903230125855,4108.787823956497,Jagung,Q2-2022,2022.0,13795.942500000001,72.21832760000001,99631.9895,17,7,2022,0.28393906834032534,0.3248905227081109,0.0323840475248193,0.6773650198101304,0.04072992485344715,0.43388373911755707,-0.9009688679024196,-0.4999999999999997,-0.8660254037844388,0.0
2022-07-18,Jagung Pipil Kering,3300.0,3600.0,Jagung,Q2-2022,2022.0,13795.942500000001,72.21832760000001,99631.9895,18,7,2022,0.0,0.01011445126693733,0.0323840475248193,0.6773650198101304,0.04072992485344715,-0.43388373911755757,-0.9009688679024194,-0.4999999999999997,-0.8660254037844388,0.0
2022-07-19,Jagung Pipil Kering,3300.0,3600.0,Jagung,Q2-2022,2022.0,13795.942500000001,72.21832760000001,99631.9895,19,7,2022,0.0,0.01011445126693733,0.0323840475248193,0.6773650198101304,0.04072992485344715,-0.9749279121818235,-0.22252093395631506,-0.4999999999999997,-0.8660254037844388,0.0
2022-07-20,Jagung Pipil Kering,3300.0,3600.0,Jagung,Q2-2022,2022.0,13795.942500000001,72.21832760000001,99631.9895,20,7,2022,0.0,0.01011445126693733,0.0323840475248193,0.6773650198101304,0.04072992485344715,-0.7818314824680302,0.6234898018587329,-0.4999999999999997,-0.8660254037844388,0.0
2022-07-21,Jagung Pipil Kering,3300.0,3600.0,Jagung,Q2-2022,2022.0,13795.942500000001,72.21832760000001,99631.9895,21,7,2022,0.0,0.01011445126693733,0.0323840475248193,0.6773650198101304,0.04072992485344715,-7.347880794884119e-16,1.0,-0.4999999999999997,-0.8660254037844388,0.0
2022-07-22,Jagung Pipil Kering,3400.0,3700.0,Jagung,Q2-2022,2022.0,13795.942500000001,72.21832760000001,99631.9895,22,7,2022,0.05555555555555558,0.07198229806275336,0.0323840475248193,0.6773650198101304,0.04072992485344715,0.7818314824680271,0.6234898018587369,-0.4999999999999997,-0.8660254037844388,0.0
2022-07-23,Jagung Pipil Kering,3737.898577090121,4022.503490197933,Jagung,Q2-2022,2022.0,13795.942500000001,72.21832760000001,99631.9895,23,7,2022,0.2432769872722893,0.2715082632895718,0.0323840475248193,0.6773650198101304,0.04072992485344715,0.9749279121818238,-0.22252093395631362,-0.4999999999999997,-0.8660254037844388,0.0
2022-07-24,Jagung Pipil Kering,3739.0952467087805,4015.719350562641,Jagung,Q2-2022,2022.0,13795.942500000001,72.21832760000001,99631.9895,24,7,2022,0.24394180372710017,0.267311062173595,0.0323840475248193,0.6773650198101304,0.04072992485344715,0.4338837391175589,-0.9009688679024188,-0.4999999999999997,-0.8660254037844388,0.0
2022-07-25,Jagung Pipil Kering,3500.0,3800.0,Jagung,Q2-2022,2022.0,13795.942500000001,72.21832760000001,99631.9895,25,7,2022,0.11111111111111116,0.13385014485856983,0.0323840475248193,0.6773650198101304,0.04072992485344715,-0.43388373911755734,-0.9009688679024195,-0.4999999999999997,-0.8660254037844388,0.0
2022-07-26,Jagung Pipil Kering,3600.0,3900.0,Jagung,Q2-2022,2022.0,13795.942500000001,72.21832760000001,99631.9895,26,7,2022,0.16666666666666674,0.1957179916543863,0.0323840475248193,0.6773650198101304,0.04072992485344715,-0.9749279121818242,-0.22252093395631184,-0.4999999999999997,-0.8660254037844388,0.0
2022-07-27,Jagung Pipil Kering,3600.0,3900.0,Jagung,Q2-2022,2022.0,13795.942500000001,72.21832760000001,99631.9895,27,7,2022,0.16666666666666674,0.1957179916543863,0.0323840475248193,0.6773650198101304,0.04072992485344715,-0.7818314824680304,0.6234898018587328,-0.4999999999999997,-0.8660254037844388,0.0
2022-07-28,Jagung Pipil Kering,3600.0,3950.0,Jagung,Q2-2022,2022.0,13795.942500000001,72.21832760000001,99631.9895,28,7,2022,0.16666666666666674,0.22665191505229476,0.0323840475248193,0.6773650198101304,0.04072992485344715,-9.797174393178826e-16,1.0,-0.4999999999999997,-0.8660254037844388,0.0
2022-07-29,Jagung Pipil Kering,3800.0,4000.0,Jagung,Q2-2022,2022.0,13795.942500000001,72.21832760000001,99631.9895,29,7,2022,0.2777777777777779,0.2575858384502028,0.0323840475248193,0.6773650198101304,0.04072992485344715,0.7818314824680291,0.6234898018587344,-0.4999999999999997,-0.8660254037844388,0.0
2022-07-30,Jagung Pipil Kering,3801.4771843210724,4005.4565320002885,Jagung,Q2-2022,2022.0,13795.942500000001,72.21832760000001,99631.9895,30,7,2022,0.2785984357339293,0.26096167730850617,0.0323840475248193,0.6773650198101304,0.04072992485344715,0.9749279121818246,-0.22252093395630992,-0.4999999999999997,-0.8660254037844388,0.0
2022-07-31,Jagung Pipil Kering,3812.082846553382,4002.763727660378,Jagung,Q2-2022,2022.0,13795.942500000001,72.21832760000001,99631.9895,31,7,2022,0.28449047030743446,0.25929569724497936,0.0323840475248193,0.6773650198101304,0.04072992485344715,0.4338837391175591,-0.9009688679024187,-0.4999999999999997,-0.8660254037844388,0.0
2022-08-01,Jagung Pipil Kering,3800.0,4000.0,Jagung,Q2-2022,2022.0,13795.942500000001,72.21832760000001,99631.9895,1,8,2022,0.2777777777777779,0.2575858384502028,0.0323840475248193,0.6773650198101304,0.04072992485344715,0.7818314824680298,0.6234898018587336,-0.8660254037844384,-0.5000000000000004,0.0
2022-08-02,Jagung Pipil Kering,3800.0,4000.0,Jagung,Q2-2022,2022.0,13795.942500000001,72.21832760000001,99631.9895,2,8,2022,0.2777777777777779,0.2575858384502028,0.0323840475248193,0.6773650198101304,0.04072992485344715,0.9749279121818236,-0.22252093395631434,-0.8660254037844384,-0.5000000000000004,0.0
2022-08-03,Jagung Pipil Kering,3800.0,4000.0,Jagung,Q2-2022,2022.0,13795.942500000001,72.21832760000001,99631.9895,3,8,2022,0.2777777777777779,0.2575858384502028,0.0323840475248193,0.6773650198101304,0.04072992485344715,0.43388373911755823,-0.900968867902419,-0.8660254037844384,-0.5000000000000004,0.0
2022-08-04,Jagung Pipil Kering,3800.0,4000.0,Jagung,Q2-2022,2022.0,13795.942500000001,72.21832760000001,99631.9895,4,8,2022,0.2777777777777779,0.2575858384502028,0.0323840475248193,0.6773650198101304,0.04072992485344715,-0.433883739117558,-0.9009688679024191,-0.8660254037844384,-0.5000000000000004,0.0
2022-08-05,Jagung Pipil Kering,3800.0,4000.0,Jagung,Q2-2022,2022.0,13795.942500000001,72.21832760000001,99631.9895,5,8,2022,0.2777777777777779,0.2575858384502028,0.0323840475248193,0.6773650198101304,0.04072992485344715,-0.9749279121818236,-0.2225209339563146,-0.8660254037844384,-0.5000000000000004,0.0
2022-08-06,Jagung Pipil Kering,3806.322501796914,4003.7830366352273,Jagung,Q2-2022,2022.0,13795.942500000001,72.21832760000001,99631.9895,6,8,2022,0.28129027877606316,0.2599263217599148,0.0323840475248193,0.6773650198101304,0.04072992485344715,-0.7818314824680299,0.6234898018587334,-0.8660254037844384,-0.5000000000000004,0.0
2022-08-07,Jagung Pipil Kering,3800.413922619187,4004.535562084339,Jagung,Q2-2022,2022.0,13795.942500000001,72.21832760000001,99631.9895,7,8,2022,0.2780077347884371,0.26039189305187094,0.0323840475248193,0.6773650198101304,0.04072992485344715,-2.4492935982947064e-16,1.0,-0.8660254037844384,-0.5000000000000004,0.0
2022-08-08,Jagung Pipil Kering,3800.0,4000.0,Jagung,Q2-2022,2022.0,13795.942500000001,72.21832760000001,99631.9895,8,8,2022,0.2777777777777779,0.2575858384502028,0.0323840475248193,0.6773650198101304,0.04072992485344715,0.7818314824680296,0.6234898018587337,-0.8660254037844384,-0.5000000000000004,0.0
2022-08-09,Jagung Pipil Kering,3800.0,4000.0,Jagung,Q2-2022,2022.0,13795.942500000001,72.21832760000001,99631.9895,9,8,2022,0.2777777777777779,0.2575858384502028,0.0323840475248193,0.6773650198101304,0.04072992485344715,0.9749279121818237,-0.2225209339563141,-0.8660254037844384,-0.5000000000000004,0.0
2022-08-10,Jagung Pipil Kering,3800.0,4000.0,Jagung,Q2-2022,2022.0,13795.942500000001,72.21832760000001,99631.9895,10,8,2022,0.2777777777777779,0.2575858384502028,0.0323840475248193,0.6773650198101304,0.04072992485344715,0.43388373911755845,-0.9009688679024189,-0.8660254037844384,-0.5000000000000004,0.0
2022-08-11,Jagung Pipil Kering,3800.0,4000.0,Jagung,Q2-2022,2022.0,13795.942500000001,72.21832760000001,99631.9895,11,8,2022,0.2777777777777779,0.2575858384502028,0.0323840475248193,0.6773650198101304,0.04072992485344715,-0.4338837391175562,-0.90096886790242,-0.8660254037844384,-0.5000000000000004,0.0
2022-08-12,Jagung Pipil Kering,3800.0,4000.0,Jagung,Q2-2022,2022.0,13795.942500000001,72.21832760000001,99631.9895,12,8,2022,0.2777777777777779,0.2575858384502028,0.0323840475248193,0.6773650198101304,0.04072992485344715,-0.9749279121818235,-0.2225209339563148,-0.8660254037844384,-0.5000000000000004,0.0
2022-08-13,Jagung Pipil Kering,3767.2871918495675,3959.5388446641696,Jagung,Q2-2022,2022.0,13795.942500000001,72.21832760000001,99631.9895,13,8,2022,0.2596039954719822,0.23255339285521393,0.0323840475248193,0.6773650198101304,0.04072992485344715,-0.781831482468029,0.6234898018587346,-0.8660254037844384,-0.5000000000000004,0.0
2022-08-14,Jagung Pipil Kering,3754.3265086925358,3936.0989579463303,Jagung,Q2-2022,2022.0,13795.942500000001,72.21832760000001,99631.9895,14,8,2022,0.2524036159402978,0.2180516396515082,0.0323840475248193,0.6773650198101304,0.04072992485344715,-4.898587196589413e-16,1.0,-0.8660254037844384,-0.5000000000000004,0.0
2022-08-15,Jagung Pipil Kering,3700.0,3900.0,Jagung,Q2-2022,2022.0,13795.942500000001,72.21832760000001,99631.9895,15,8,2022,0.2222222222222221,0.1957179916543863,0.0323840475248193,0.6773650198101304,0.04072992485344715,0.7818314824680284,0.6234898018587354,-0.8660254037844384,-0.5000000000000004,0.0
2022-08-16,Jagung Pipil Kering,3700.0,3900.0,Jagung,Q2-2022,2022.0,13795.942500000001,72.21832760000001,99631.9895,16,8,2022,0.2222222222222221,0.1957179916543863,0.0323840475248193,0.6773650198101304,0.04072992485344715,0.9749279121818237,-0.22252093395631387,-0.8660254037844384,-0.5000000000000004,0.0
2022-08-17,Jagung Pipil Kering,3700.0,3900.0,Jagung,Q2-2022,2022.0,13795.942500000001,72.21832760000001,99631.9895,17,8,2022,0.2222222222222221,0.1957179916543863,0.0323840475248193,0.6773650198101304,0.04072992485344715,0.43388373911755707,-0.9009688679024196,-0.8660254037844384,-0.5000000000000004,0.0
2022-08-18,Jagung Pipil Kering,3700.0,3900.0,Jagung,Q2-2022,2022.0,13795.942500000001,72.21832760000001,99631.9895,18,8,2022,0.2222222222222221,0.1957179916543863,0.0323840475248193,0.6773650198101304,0.04072992485344715,-0.43388373911755757,-0.9009688679024194,-0.8660254037844384,-0.5000000000000004,0.0
2022-08-19,Jagung Pipil Kering,3700.0,3900.0,Jagung,Q2-2022,2022.0,13795.942500000001,72.21832760000001,99631.9895,19,8,2022,0.2222222222222221,0.1957179916543863,0.0323840475248193,0.6773650198101304,0.04072992485344715,-0.9749279121818235,-0.22252093395631506,-0.8660254037844384,-0.5000000000000004,0.0
2022-08-20,Jagung Pipil Kering,3740.278126464325,3925.3231199738916,Jagung,Q2-2022,2022.0,13795.942500000001,72.21832760000001,99631.9895,20,8,2022,0.24459895914684737,0.2113848607237543,0.0323840475248193,0.6773650198101304,0.04072992485344715,-0.7818314824680302,0.6234898018587329,-0.8660254037844384,-0.5000000000000004,0.0
2022-08-21,Jagung Pipil Kering,3741.887152936783,3923.9762219795743,Jagung,Q2-2022,2022.0,13795.942500000001,72.21832760000001,99631.9895,21,8,2022,0.24549286274265714,0.2105515639361344,0.0323840475248193,0.6773650198101304,0.04072992485344715,-7.347880794884119e-16,1.0,-0.8660254037844384,-0.5000000000000004,0.0
2022-08-22,Jagung Pipil Kering,3700.0,3900.0,Jagung,Q2-2022,2022.0,13795.942500000001,72.21832760000001,99631.9895,22,8,2022,0.2222222222222221,0.1957179916543863,0.0323840475248193,0.6773650198101304,0.04072992485344715,0.7818314824680271,0.6234898018587369,-0.8660254037844384,-0.5000000000000004,0.0
2022-08-23,Jagung Pipil Kering,3700.0,3900.0,Jagung,Q2-2022,2022.0,13795.942500000001,72.21832760000001,99631.9895,23,8,2022,0.2222222222222221,0.1957179916543863,0.0323840475248193,0.6773650198101304,0.04072992485344715,0.9749279121818238,-0.22252093395631362,-0.8660254037844384,-0.5000000000000004,0.0
2022-08-24,Jagung Pipil Kering,3700.0,3900.0,Jagung,Q2-2022,2022.0,13795.942500000001,72.21832760000001,99631.9895,24,8,2022,0.2222222222222221,0.1957179916543863,0.0323840475248193,0.6773650198101304,0.04072992485344715,0.4338837391175589,-0.9009688679024188,-0.8660254037844384,-0.5000000000000004,0.0
2022-08-25,Jagung Pipil Kering,3700.0,3900.0,Jagung,Q2-2022,2022.0,13795.942500000001,72.21832760000001,99631.9895,25,8,2022,0.2222222222222221,0.1957179916543863,0.0323840475248193,0.6773650198101304,0.04072992485344715,-0.43388373911755734,-0.9009688679024195,-0.8660254037844384,-0.5000000000000004,0.0
2022-08-26,Jagung Pipil Kering,3700.0,3900.0,Jagung,Q2-2022,2022.0,13795.942500000001,72.21832760000001,99631.9895,26,8,2022,0.2222222222222221,0.1957179916543863,0.0323840475248193,0.6773650198101304,0.04072992485344715,-0.9749279121818242,-0.22252093395631184,-0.8660254037844384,-0.5000000000000004,0.0
2022-08-27,Jagung Pipil Kering,3739.4063669386164,3900.0852864309177,Jagung,Q2-2022,2022.0,13795.942500000001,72.21832760000001,99631.9895,27,8,2022,0.24411464829923157,0.1957707565328044,0.0323840475248193,0.6773650198101304,0.04072992485344715,-0.7818314824680304,0.6234898018587328,-0.8660254037844384,-0.5000000000000004,0.0
2022-08-28,Jagung Pipil Kering,3771.0399730405243,3906.672258426813,Jagung,Q2-2022,2022.0,13795.942500000001,72.21832760000001,99631.9895,28,8,2022,0.2616888739114025,0.19984597427570794,0.0323840475248193,0.6773650198101304,0.04072992485344715,-9.797174393178826e-16,1.0,-0.8660254037844384,-0.5000000000000004,0.0
2022-08-29,Jagung Pipil Kering,3800.0,3900.0,Jagung,Q2-2022,2022.0,13795.942500000001,72.21832760000001,99631.9895,29,8,2022,0.2777777777777779,0.1957179916543863,0.0323840475248193,0.6773650198101304,0.04072992485344715,0.7818314824680291,0.6234898018587344,-0.8660254037844384,-0.5000000000000004,0.0
2022-08-30,Jagung Pipil Kering,3800.0,3900.0,Jagung,Q2-2022,2022.0,13795.942500000001,72.21832760000001,99631.9895,30,8,2022,0.2777777777777779,0.1957179916543863,0.0323840475248193,0.6773650198101304,0.04072992485344715,0.9749279121818246,-0.22252093395630992,-0.8660254037844384,-0.5000000000000004,0.0
2022-08-31,Jagung Pipil Kering,3800.0,3900.0,Jagung,Q2-2022,2022.0,13795.942500000001,72.21832760000001,99631.9895,31,8,2022,0.2777777777777779,0.1957179916543863,0.0323840475248193,0.6773650198101304,0.04072992485344715,0.4338837391175591,-0.9009688679024187,-0.8660254037844384,-0.5000000000000004,0.0
2022-09-01,Jagung Pipil Kering,3800.0,3900.0,Jagung,Q3-2022,2022.0,11893.0081,68.69,81693.07264,1,9,2022,0.2777777777777779,0.1957179916543863,0.0,0.0,0.0,0.7818314824680298,0.6234898018587336,-1.0,-1.8369701987210297e-16,0.0
2022-09-02,Jagung Pipil Kering,3800.0,3900.0,Jagung,Q3-2022,2022.0,11893.0081,68.69,81693.07264,2,9,2022,0.2777777777777779,0.1957179916543863,0.0,0.0,0.0,0.9749279121818236,-0.22252093395631434,-1.0,-1.8369701987210297e-16,0.0
2022-09-03,Jagung Pipil Kering,3797.783665841854,3928.261609341595,Jagung,Q3-2022,2022.0,11893.0081,68.69,81693.07264,3,9,2022,0.2765464810232523,0.21320284082387664,0.0,0.0,0.0,0.43388373911755823,-0.900968867902419,-1.0,-1.8369701987210297e-16,0.0
2022-09-04,Jagung Pipil Kering,3800.2766004741893,3931.2036654302196,Jagung,Q3-2022,2022.0,11893.0081,68.69,81693.07264,4,9,2022,0.2779314447078829,0.21502302757743363,0.0,0.0,0.0,-0.433883739117558,-0.9009688679024191,-1.0,-1.8369701987210297e-16,0.0
2022-09-05,Jagung Pipil Kering,3800.0,3900.0,Jagung,Q3-2022,2022.0,11893.0081,68.69,81693.07264,5,9,2022,0.2777777777777779,0.1957179916543863,0.0,0.0,0.0,-0.9749279121818236,-0.2225209339563146,-1.0,-1.8369701987210297e-16,0.0
2022-09-06,Jagung Pipil Kering,3800.0,3900.0,Jagung,Q3-2022,2022.0,11893.0081,68.69,81693.07264,6,9,2022,0.2777777777777779,0.1957179916543863,0.0,0.0,0.0,-0.7818314824680299,0.6234898018587334,-1.0,-1.8369701987210297e-16,0.0
2022-09-07,Jagung Pipil Kering,3800.0,3900.0,Jagung,Q3-2022,2022.0,11893.0081,68.69,81693.07264,7,9,2022,0.2777777777777779,0.1957179916543863,0.0,0.0,0.0,-2.4492935982947064e-16,1.0,-1.0,-1.8369701987210297e-16,0.0
2022-09-08,Jagung Pipil Kering,3800.0,3900.0,Jagung,Q3-2022,2022.0,11893.0081,68.69,81693.07264,8,9,2022,0.2777777777777779,0.1957179916543863,0.0,0.0,0.0,0.7818314824680296,0.6234898018587337,-1.0,-1.8369701987210297e-16,0.0
2022-09-09,Jagung Pipil Kering,3800.0,3900.0,Jagung,Q3-2022,2022.0,11893.0081,68.69,81693.07264,9,9,2022,0.2777777777777779,0.1957179916543863,0.0,0.0,0.0,0.9749279121818237,-0.2225209339563141,-1.0,-1.8369701987210297e-16,0.0
2022-09-10,Jagung Pipil Kering,3812.4197803204174,3931.2331836768653,Jagung,Q3-2022,2022.0,11893.0081,68.69,81693.07264,10,9,2022,0.2846776557335653,0.2150412898810452,0.0,0.0,0.0,0.43388373911755845,-0.9009688679024189,-1.0,-1.8369701987210297e-16,0.0
2022-09-11,Jagung Pipil Kering,3814.2001151311542,3934.388481176784,Jagung,Q3-2022,2022.0,11893.0081,68.69,81693.07264,11,9,2022,0.2856667306284193,0.21699340450424742,0.0,0.0,0.0,-0.4338837391175562,-0.90096886790242,-1.0,-1.8369701987210297e-16,0.0
2022-09-12,Jagung Pipil Kering,3800.0,3900.0,Jagung,Q3-2022,2022.0,11893.0081,68.69,81693.07264,12,9,2022,0.2777777777777779,0.1957179916543863,0.0,0.0,0.0,-0.9749279121818235,-0.2225209339563148,-1.0,-1.8369701987210297e-16,0.0
2022-09-13,Jagung Pipil Kering,3800.0,3900.0,Jagung,Q3-2022,2022.0,11893.0081,68.69,81693.07264,13,9,2022,0.2777777777777779,0.1957179916543863,0.0,0.0,0.0,-0.781831482468029,0.6234898018587346,-1.0,-1.8369701987210297e-16,0.0
2022-09-14,Jagung Pipil Kering,3800.0,3900.0,Jagung,Q3-2022,2022.0,11893.0081,68.69,81693.07264,14,9,2022,0.2777777777777779,0.1957179916543863,0.0,0.0,0.0,-4.898587196589413e-16,1.0,-1.0,-1.8369701987210297e-16,0.0
2022-09-15,Jagung Pipil Kering,3800.0,3900.0,Jagung,Q3-2022,2022.0,11893.0081,68.69,81693.07264,15,9,2022,0.2777777777777779,0.1957179916543863,0.0,0.0,0.0,0.7818314824680284,0.6234898018587354,-1.0,-1.8369701987210297e-16,0.0
2022-09-16,Jagung Pipil Kering,3800.0,3900.0,Jagung,Q3-2022,2022.0,11893.0081,68.69,81693.07264,16,9,2022,0.2777777777777779,0.1957179916543863,0.0,0.0,0.0,0.9749279121818237,-0.22252093395631387,-1.0,-1.8369701987210297e-16,0.0
2022-09-17,Jagung Pipil Kering,3787.7713965072408,3897.4601661739516,Jagung,Q3-2022,2022.0,11893.0081,68.69,81693.07264,17,9,2022,0.2709841091706895,0.19414665115401863,0.0,0.0,0.0,0.43388373911755707,-0.9009688679024196,-1.0,-1.8369701987210297e-16,0.0
2022-09-18,Jagung Pipil Kering,3788.2806757865005,3905.599817103239,Jagung,Q3-2022,2022.0,11893.0081,68.69,81693.07264,18,9,2022,0.2712670421036114,0.19918247792066435,0.0,0.0,0.0,-0.43388373911755757,-0.9009688679024194,-1.0,-1.8369701987210297e-16,0.0
2022-09-19,Jagung Pipil Kering,3800.0,3950.0,Jagung,Q3-2022,2022.0,11893.0081,68.69,81693.07264,19,9,2022,0.2777777777777779,0.22665191505229476,0.0,0.0,0.0,-0.9749279121818235,-0.22252093395631506,-1.0,-1.8369701987210297e-16,0.0
2022-09-20,Jagung Pipil Kering,3800.0,3950.0,Jagung,Q3-2022,2022.0,11893.0081,68.69,81693.07264,20,9,2022,0.2777777777777779,0.22665191505229476,0.0,0.0,0.0,-0.7818314824680302,0.6234898018587329,-1.0,-1.8369701987210297e-16,0.0
2022-09-21,Jagung Pipil Kering,3800.0,3950.0,Jagung,Q3-2022,2022.0,11893.0081,68.69,81693.07264,21,9,2022,0.2777777777777779,0.22665191505229476,0.0,0.0,0.0,-7.347880794884119e-16,1.0,-1.0,-1.8369701987210297e-16,0.0
2022-09-22,Jagung Pipil Kering,3800.0,3950.0,Jagung,Q3-2022,2022.0,11893.0081,68.69,81693.07264,22,9,2022,0.2777777777777779,0.22665191505229476,0.0,0.0,0.0,0.7818314824680271,0.6234898018587369,-1.0,-1.8369701987210297e-16,0.0
2022-09-23,Jagung Pipil Kering,3800.0,3950.0,Jagung,Q3-2022,2022.0,11893.0081,68.69,81693.07264,23,9,2022,0.2777777777777779,0.22665191505229476,0.0,0.0,0.0,0.9749279121818238,-0.22252093395631362,-1.0,-1.8369701987210297e-16,0.0
2022-09-24,Jagung Pipil Kering,3768.3646618115563,3919.856981452493,Jagung,Q3-2022,2022.0,11893.0081,68.69,81693.07264,24,9,2022,0.2602025898953093,0.2080030785176885,0.0,0.0,0.0,0.4338837391175589,-0.9009688679024188,-1.0,-1.8369701987210297e-16,0.0
2022-09-25,Jagung Pipil Kering,3769.304561979541,3923.056988859614,Jagung,Q3-2022,2022.0,11893.0081,68.69,81693.07264,25,9,2022,0.2607247566553006,0.20998285419778107,0.0,0.0,0.0,-0.43388373911755734,-0.9009688679024195,-1.0,-1.8369701987210297e-16,0.0
2022-09-26,Jagung Pipil Kering,3800.0,3950.0,Jagung,Q3-2022,2022.0,11893.0081,68.69,81693.07264,26,9,2022,0.2777777777777779,0.22665191505229476,0.0,0.0,0.0,-0.9749279121818242,-0.22252093395631184,-1.0,-1.8369701987210297e-16,0.0
2022-09-27,Jagung Pipil Kering,3800.0,3950.0,Jagung,Q3-2022,2022.0,11893.0081,68.69,81693.07264,27,9,2022,0.2777777777777779,0.22665191505229476,0.0,0.0,0.0,-0.7818314824680304,0.6234898018587328,-1.0,-1.8369701987210297e-16,0.0
2022-09-28,Jagung Pipil Kering,3800.0,3950.0,Jagung,Q3-2022,2022.0,11893.0081,68.69,81693.07264,28,9,2022,0.2777777777777779,0.22665191505229476,0.0,0.0,0.0,-9.797174393178826e-16,1.0,-1.0,-1.8369701987210297e-16,0.0
2022-09-29,Jagung Pipil Kering,3800.0,3950.0,Jagung,Q3-2022,2022.0,11893.0081,68.69,81693.07264,29,9,2022,0.2777777777777779,0.22665191505229476,0.0,0.0,0.0,0.7818314824680291,0.6234898018587344,-1.0,-1.8369701987210297e-16,0.0
2022-09-30,Jagung Pipil Kering,3800.0,3950.0,Jagung,Q3-2022,2022.0,11893.0081,68.69,81693.07264,30,9,2022,0.2777777777777779,0.22665191505229476,0.0,0.0,0.0,0.9749279121818246,-0.22252093395630992,-1.0,-1.8369701987210297e-16,0.0
2022-10-01,Jagung Pipil Kering,3806.900228024475,3926.408502273146,Jagung,Q3-2022,2022.0,11893.0081,68.69,81693.07264,1,10,2022,0.2816112377913751,0.212056363381806,0.0,0.0,0.0,0.7818314824680298,0.6234898018587336,-0.8660254037844386,0.5000000000000001,0.0
2022-10-02,Jagung Pipil Kering,3804.4935785183457,3923.312999454751,Jagung,Q3-2022,2022.0,11893.0081,68.69,81693.07264,2,10,2022,0.28027421028796984,0.21014124244056154,0.0,0.0,0.0,0.9749279121818236,-0.22252093395631434,-0.8660254037844386,0.5000000000000001,0.0
2022-10-03,Jagung Pipil Kering,3800.0,3950.0,Jagung,Q3-2022,2022.0,11893.0081,68.69,81693.07264,3,10,2022,0.2777777777777779,0.22665191505229476,0.0,0.0,0.0,0.43388373911755823,-0.900968867902419,-0.8660254037844386,0.5000000000000001,0.0
2022-10-04,Jagung Pipil Kering,3800.0,3950.0,Jagung,Q3-2022,2022.0,11893.0081,68.69,81693.07264,4,10,2022,0.2777777777777779,0.22665191505229476,0.0,0.0,0.0,-0.433883739117558,-0.9009688679024191,-0.8660254037844386,0.5000000000000001,0.0
2022-10-05,Jagung Pipil Kering,3800.0,3950.0,Jagung,Q3-2022,2022.0,11893.0081,68.69,81693.07264,5,10,2022,0.2777777777777779,0.22665191505229476,0.0,0.0,0.0,-0.9749279121818236,-0.2225209339563146,-0.8660254037844386,0.5000000000000001,0.0
2022-10-06,Jagung Pipil Kering,3800.0,3950.0,Jagung,Q3-2022,2022.0,11893.0081,68.69,81693.07264,6,10,2022,0.2777777777777779,0.22665191505229476,0.0,0.0,0.0,-0.7818314824680299,0.6234898018587334,-0.8660254037844386,0.5000000000000001,0.0
2022-10-07,Jagung Pipil Kering,3800.0,3950.0,Jagung,Q3-2022,2022.0,11893.0081,68.69,81693.07264,7,10,2022,0.2777777777777779,0.22665191505229476,0.0,0.0,0.0,-2.4492935982947064e-16,1.0,-0.8660254037844386,0.5000000000000001,0.0
2022-10-08,Jagung Pipil Kering,3792.3250583219283,3903.2585223993246,Jagung,Q3-2022,2022.0,11893.0081,68.69,81693.07264,8,10,2022,0.27351392128996044,0.19773396930020803,0.0,0.0,0.0,0.7818314824680296,0.6234898018587337,-0.8660254037844386,0.5000000000000001,0.0
2022-10-09,Jagung Pipil Kering,3789.7679896691166,3895.507610787948,Jagung,Q3-2022,2022.0,11893.0081,68.69,81693.07264,9,10,2022,0.2720933275939539,0.1929386471792025,0.0,0.0,0.0,0.9749279121818237,-0.2225209339563141,-0.8660254037844386,0.5000000000000001,0.0
2022-10-10,Jagung Pipil Kering,3800.0,3900.0,Jagung,Q3-2022,2022.0,11893.0081,68.69,81693.07264,10,10,2022,0.2777777777777779,0.1957179916543863,0.0,0.0,0.0,0.43388373911755845,-0.9009688679024189,-0.8660254037844386,0.5000000000000001,0.0
2022-10-11,Jagung Pipil Kering,3800.0,3900.0,Jagung,Q3-2022,2022.0,11893.0081,68.69,81693.07264,11,10,2022,0.2777777777777779,0.1957179916543863,0.0,0.0,0.0,-0.4338837391175562,-0.90096886790242,-0.8660254037844386,0.5000000000000001,0.0
2022-10-12,Jagung Pipil Kering,3800.0,3900.0,Jagung,Q3-2022,2022.0,11893.0081,68.69,81693.07264,12,10,2022,0.2777777777777779,0.1957179916543863,0.0,0.0,0.0,-0.9749279121818235,-0.2225209339563148,-0.8660254037844386,0.5000000000000001,0.0
2022-10-13,Jagung Pipil Kering,3800.0,3800.0,Jagung,Q3-2022,2022.0,11893.0081,68.69,81693.07264,13,10,2022,0.2777777777777779,0.13385014485856983,0.0,0.0,0.0,-0.781831482468029,0.6234898018587346,-0.8660254037844386,0.5000000000000001,0.0
2022-10-14,Jagung Pipil Kering,3800.0,3800.0,Jagung,Q3-2022,2022.0,11893.0081,68.69,81693.07264,14,10,2022,0.2777777777777779,0.13385014485856983,0.0,0.0,0.0,-4.898587196589413e-16,1.0,-0.8660254037844386,0.5000000000000001,0.0
2022-10-15,Jagung Pipil Kering,3762.3651305808994,3830.3221813352147,Jagung,Q3-2022,2022.0,11893.0081,68.69,81693.07264,15,10,2022,0.2568695169893884,0.15260982555219016,0.0,0.0,0.0,0.7818314824680284,0.6234898018587354,-0.8660254037844386,0.5000000000000001,0.0
2022-10-16,Jagung Pipil Kering,3758.4833124036613,3826.386394946277,Jagung,Q3-2022,2022.0,11893.0081,68.69,81693.07264,16,10,2022,0.25471295133536764,0.15017483925887154,0.0,0.0,0.0,0.9749279121818237,-0.22252093395631387,-0.8660254037844386,0.5000000000000001,0.0
2022-10-17,Jagung Pipil Kering,3800.0,3800.0,Jagung,Q3-2022,2022.0,11893.0081,68.69,81693.07264,17,10,2022,0.2777777777777779,0.13385014485856983,0.0,0.0,0.0,0.43388373911755707,-0.9009688679024196,-0.8660254037844386,0.5000000000000001,0.0
2022-10-18,Jagung Pipil Kering,3800.0,3800.0,Jagung,Q3-2022,2022.0,11893.0081,68.69,81693.07264,18,10,2022,0.2777777777777779,0.13385014485856983,0.0,0.0,0.0,-0.43388373911755757,-0.9009688679024194,-0.8660254037844386,0.5000000000000001,0.0
2022-10-19,Jagung Pipil Kering,3700.0,3800.0,Jagung,Q3-2022,2022.0,11893.0081,68.69,81693.07264,19,10,2022,0.2222222222222221,0.13385014485856983,0.0,0.0,0.0,-0.9749279121818235,-0.22252093395631506,-0.8660254037844386,0.5000000000000001,0.0
2022-10-20,Jagung Pipil Kering,3700.0,3800.0,Jagung,Q3-2022,2022.0,11893.0081,68.69,81693.07264,20,10,2022,0.2222222222222221,0.13385014485856983,0.0,0.0,0.0,-0.7818314824680302,0.6234898018587329,-0.8660254037844386,0.5000000000000001,0.0
2022-10-21,Jagung Pipil Kering,3700.0,3800.0,Jagung,Q3-2022,2022.0,11893.0081,68.69,81693.07264,21,10,2022,0.2222222222222221,0.13385014485856983,0.0,0.0,0.0,-7.347880794884119e-16,1.0,-0.8660254037844386,0.5000000000000001,0.0
2022-10-22,Jagung Pipil Kering,3706.3355778037217,3814.4140939792856,Jagung,Q3-2022,2022.0,11893.0081,68.69,81693.07264,22,10,2022,0.22574198766873432,0.14276783443867958,0.0,0.0,0.0,0.7818314824680271,0.6234898018587369,-0.8660254037844386,0.5000000000000001,0.0
2022-10-23,Jagung Pipil Kering,3702.193132649692,3810.463657170489,Jagung,Q3-2022,2022.0,11893.0081,68.69,81693.07264,23,10,2022,0.223440629249829,0.14032378424604763,0.0,0.0,0.0,0.9749279121818238,-0.22252093395631362,-0.8660254037844386,0.5000000000000001,0.0
2022-10-24,Jagung Pipil Kering,3700.0,3800.0,Jagung,Q3-2022,2022.0,11893.0081,68.69,81693.07264,24,10,2022,0.2222222222222221,0.13385014485856983,0.0,0.0,0.0,0.4338837391175589,-0.9009688679024188,-0.8660254037844386,0.5000000000000001,0.0
2022-10-25,Jagung Pipil Kering,3700.0,3800.0,Jagung,Q3-2022,2022.0,11893.0081,68.69,81693.07264,25,10,2022,0.2222222222222221,0.13385014485856983,0.0,0.0,0.0,-0.43388373911755734,-0.9009688679024195,-0.8660254037844386,0.5000000000000001,0.0
2022-10-26,Jagung Pipil Kering,3700.0,3800.0,Jagung,Q3-2022,2022.0,11893.0081,68.69,81693.07264,26,10,2022,0.2222222222222221,0.13385014485856983,0.0,0.0,0.0,-0.9749279121818242,-0.22252093395631184,-0.8660254037844386,0.5000000000000001,0.0
2022-10-27,Jagung Pipil Kering,3700.0,3800.0,Jagung,Q3-2022,2022.0,11893.0081,68.69,81693.07264,27,10,2022,0.2222222222222221,0.13385014485856983,0.0,0.0,0.0,-0.7818314824680304,0.6234898018587328,-0.8660254037844386,0.5000000000000001,0.0
2022-10-28,Jagung Pipil Kering,3700.0,3800.0,Jagung,Q3-2022,2022.0,11893.0081,68.69,81693.07264,28,10,2022,0.2222222222222221,0.13385014485856983,0.0,0.0,0.0,-9.797174393178826e-16,1.0,-0.8660254037844386,0.5000000000000001,0.0
2022-10-29,Jagung Pipil Kering,3681.9131278982363,3796.485254705064,Jagung,Q3-2022,2022.0,11893.0081,68.69,81693.07264,29,10,2022,0.21217395994346488,0.131675647624236,0.0,0.0,0.0,0.7818314824680291,0.6234898018587344,-0.8660254037844386,0.5000000000000001,0.0
2022-10-30,Jagung Pipil Kering,3675.8152071196196,3792.547247602871,Jagung,Q3-2022,2022.0,11893.0081,68.69,81693.07264,30,10,2022,0.2087862261775666,0.12923928742344248,0.0,0.0,0.0,0.9749279121818246,-0.22252093395630992,-0.8660254037844386,0.5000000000000001,0.0
2022-10-31,Jagung Pipil Kering,3700.0,3800.0,Jagung,Q3-2022,2022.0,11893.0081,68.69,81693.07264,31,10,2022,0.2222222222222221,0.13385014485856983,0.0,0.0,0.0,0.4338837391175591,-0.9009688679024187,-0.8660254037844386,0.5000000000000001,0.0
2022-11-01,Jagung Pipil Kering,3660.1772691657698,3778.2185383617516,Jagung,Q3-2022,2022.0,11893.0081,68.69,81693.07264,1,11,2022,0.20009848286987197,0.12037442354232875,0.0,0.0,0.0,0.7818314824680298,0.6234898018587336,-0.5000000000000004,0.8660254037844384,0.0
2022-11-02,Jagung Pipil Kering,3653.4062684075307,3770.5822697125254,Jagung,Q3-2022,2022.0,11893.0081,68.69,81693.07264,2,11,2022,0.19633681578196138,0.11565002855350892,0.0,0.0,0.0,0.9749279121818236,-0.22252093395631434,-0.5000000000000004,0.8660254037844384,0.0
2022-11-03,Jagung Pipil Kering,3646.5877926559115,3764.105842185836,Jagung,Q3-2022,2022.0,11893.0081,68.69,81693.07264,3,11,2022,0.19254877369772871,0.11164320229345437,0.0,0.0,0.0,0.43388373911755823,-0.900968867902419,-0.5000000000000004,0.8660254037844384,0.0
2022-11-04,Jagung Pipil Kering,3639.6730830223364,3760.4440097617203,Jagung,Q3-2022,2022.0,11893.0081,68.69,81693.07264,4,11,2022,0.1887072683457427,0.10937770541938319,0.0,0.0,0.0,-0.433883739117558,-0.9009688679024191,-0.5000000000000004,0.8660254037844384,0.0
2022-11-05,Jagung Pipil Kering,3632.6421642819523,3762.903790431866,Jagung,Q3-2022,2022.0,11893.0081,68.69,81693.07264,5,11,2022,0.18480120237886255,0.1108995187559021,0.0,0.0,0.0,-0.9749279121818236,-0.2225209339563146,-0.5000000000000004,0.8660254037844384,0.0
2022-11-06,Jagung Pipil Kering,3625.479361883857,3762.767175572282,Jagung,Q3-2022,2022.0,11893.0081,68.69,81693.07264,6,11,2022,0.18082186771325381,0.11081499808387418,0.0,0.0,0.0,-0.7818314824680299,0.6234898018587334,-0.5000000000000004,0.8660254037844384,0.0
2022-11-07,Jagung Pipil Kering,3618.1971290798706,3755.7611417606745,Jagung,Q3-2022,2022.0,11893.0081,68.69,81693.07264,7,11,2022,0.17677618282215035,0.10648051581884577,0.0,0.0,0.0,-2.4492935982947064e-16,1.0,-0.5000000000000004,0.8660254037844384,0.0
2022-11-08,Jagung Pipil Kering,3613.9918224965377,3748.318935575834,Jagung,Q3-2022,2022.0,11893.0081,68.69,81693.07264,8,11,2022,0.1744399013869653,0.10187618309818003,0.0,0.0,0.0,0.7818314824680296,0.6234898018587337,-0.5000000000000004,0.8660254037844384,0.0
2022-11-09,Jagung Pipil Kering,3609.876134992211,3736.785523813998,Jagung,Q3-2022,2022.0,11893.0081,68.69,81693.07264,9,11,2022,0.17215340832900616,0.09474070957903669,0.0,0.0,0.0,0.9749279121818237,-0.2225209339563141,-0.5000000000000004,0.8660254037844384,0.0
2022-11-10,Jagung Pipil Kering,3605.397346548486,3736.4133582661625,Jagung,Q3-2022,2022.0,11893.0081,68.69,81693.07264,10,11,2022,0.16966519252693657,0.09451045876807473,0.0,0.0,0.0,0.43388373911755845,-0.9009688679024189,-0.5000000000000004,0.8660254037844384,0.0
2022-11-11,Jagung Pipil Kering,3597.3026481343554,3730.7124624349735,Jagung,Q3-2022,2022.0,11893.0081,68.69,81693.07264,11,11,2022,0.16516813785241968,0.09098343726924574,0.0,0.0,0.0,-0.4338837391175562,-0.90096886790242,-0.5000000000000004,0.8660254037844384,0.0
2022-11-12,Jagung Pipil Kering,3589.162720165995,3700.489806517438,Jagung,Q3-2022,2022.0,11893.0081,68.69,81693.07264,12,11,2022,0.16064595564777506,0.07228533080855781,0.0,0.0,0.0,-0.9749279121818235,-0.2225209339563148,-0.5000000000000004,0.8660254037844384,0.0
2022-11-13,Jagung Pipil Kering,3581.0460818882702,3694.4793739701104,Jagung,Q3-2022,2022.0,11893.0081,68.69,81693.07264,13,11,2022,0.15613671216015024,0.06856680560841166,0.0,0.0,0.0,-0.781831482468029,0.6234898018587346,-0.5000000000000004,0.8660254037844384,0.0
2022-11-14,Jagung Pipil Kering,3573.0895029907765,3688.7217070820575,Jagung,Q3-2022,2022.0,11893.0081,68.69,81693.07264,14,11,2022,0.1517163905504315,0.0650046610790973,0.0,0.0,0.0,-4.898587196589413e-16,1.0,-0.5000000000000004,0.8660254037844384,0.0
2022-11-15,Jagung Pipil Kering,3567.4046352218998,3685.575347951105,Jagung,Q3-2022,2022.0,11893.0081,68.69,81693.07264,15,11,2022,0.14855813067883328,0.06305807643231365,0.0,0.0,0.0,0.7818314824680284,0.6234898018587354,-0.5000000000000004,0.8660254037844384,0.0
2022-11-16,Jagung Pipil Kering,3562.373778266381,3684.469160865772,Jagung,Q3-2022,2022.0,11893.0081,68.69,81693.07264,16,11,2022,0.14576321014798954,0.062373702301084855,0.0,0.0,0.0,0.9749279121818237,-0.22252093395631387,-0.5000000000000004,0.8660254037844384,0.0
2022-11-17,Jagung Pipil Kering,3557.2882366690915,3683.2680976888555,Jagung,Q3-2022,2022.0,11893.0081,68.69,81693.07264,17,11,2022,0.14293790926060645,0.06163063037486882,0.0,0.0,0.0,0.43388373911755707,-0.9009688679024196,-0.5000000000000004,0.8660254037844384,0.0
2022-11-18,Jagung Pipil Kering,3525.974618382661,3678.4822891047365,Jagung,Q3-2022,2022.0,11893.0081,68.69,81693.07264,18,11,2022,0.12554145465703392,0.05866975365210525,0.0,0.0,0.0,-0.43388373911755757,-0.9009688679024194,-0.5000000000000004,0.8660254037844384,0.0
2022-11-19,Jagung Pipil Kering,3517.7088563377943,3672.0812345794607,Jagung,Q3-2022,2022.0,11893.0081,68.69,81693.07264,19,11,2022,0.12094936463210804,0.054709559045091005,0.0,0.0,0.0,-0.9749279121818235,-0.22252093395631506,-0.5000000000000004,0.8660254037844384,0.0
2022-11-20,Jagung Pipil Kering,3509.3990413324027,3665.6371339857546,Jagung,Q3-2022,2022.0,11893.0081,68.69,81693.07264,20,11,2022,0.11633280074022379,0.05072273276240846,0.0,0.0,0.0,-0.7818314824680302,0.6234898018587329,-0.5000000000000004,0.8660254037844384,0.0
2022-11-21,Jagung Pipil Kering,3501.35026385903,3659.180528551367,Jagung,Q3-2022,2022.0,11893.0081,68.69,81693.07264,21,11,2022,0.11186125769946109,0.04672817000405116,0.0,0.0,0.0,-7.347880794884119e-16,1.0,-0.5000000000000004,0.8660254037844384,0.0
2022-11-22,Jagung Pipil Kering,3500.5580052424066,3662.8348156721167,Jagung,Q3-2022,2022.0,11893.0081,68.69,81693.07264,22,11,2022,0.11142111402355925,0.04898899876139584,0.0,0.0,0.0,0.7818314824680271,0.6234898018587369,-0.5000000000000004,0.8660254037844384,0.0
2022-11-23,Jagung Pipil Kering,3492.8825421102806,3657.3161192205707,Jagung,Q3-2022,2022.0,11893.0081,68.69,81693.07264,23,11,2022,0.10715696783904494,0.045574700095627474,0.0,0.0,0.0,0.9749279121818238,-0.22252093395631362,-0.5000000000000004,0.8660254037844384,0.0
2022-11-24,Jagung Pipil Kering,3478.237513048188,3655.226450428698,Jagung,Q3-2022,2022.0,11893.0081,68.69,81693.07264,24,11,2022,0.09902084058232652,0.04428186700893155,0.0,0.0,0.0,0.4338837391175589,-0.9009688679024188,-0.5000000000000004,0.8660254037844384,0.0
2022-11-25,Jagung Pipil Kering,3528.499597918935,3670.2821395038477,Jagung,Q3-2022,2022.0,11893.0081,68.69,81693.07264,25,11,2022,0.12694422106607495,0.05359649765999963,0.0,0.0,0.0,-0.43388373911755734,-0.9009688679024195,-0.5000000000000004,0.8660254037844384,0.0
2022-11-26,Jagung Pipil Kering,3464.38798368149,3681.2575272944273,Jagung,Q3-2022,2022.0,11893.0081,68.69,81693.07264,26,11,2022,0.09132665760082781,0.060386733763522216,0.0,0.0,0.0,-0.9749279121818242,-0.22252093395631184,-0.5000000000000004,0.8660254037844384,0.0
2022-11-27,Jagung Pipil Kering,3457.5640041469824,3676.9500298629087,Jagung,Q3-2022,2022.0,11893.0081,68.69,81693.07264,27,11,2022,0.08753555785943479,0.057721777851856615,0.0,0.0,0.0,-0.7818314824680304,0.6234898018587328,-0.5000000000000004,0.8660254037844384,0.0
2022-11-28,Jagung Pipil Kering,3450.7951538426905,3671.2267651569223,Jagung,Q3-2022,2022.0,11893.0081,68.69,81693.07264,28,11,2022,0.08377508546816137,0.05418091721183771,0.0,0.0,0.0,-9.797174393178826e-16,1.0,-0.5000000000000004,0.8660254037844384,0.0
2022-11-29,Jagung Pipil Kering,3444.0720164039367,3665.126547015227,Jagung,Q3-2022,2022.0,11893.0081,68.69,81693.07264,29,11,2022,0.08004000911329823,0.05040684359772296,0.0,0.0,0.0,0.7818314824680291,0.6234898018587344,-0.5000000000000004,0.8660254037844384,0.0
2022-11-30,Jagung Pipil Kering,3437.36048683428,3658.788630290933,Jagung,Q3-2022,2022.0,11893.0081,68.69,81693.07264,30,11,2022,0.07631138157460016,0.046485710988690254,0.0,0.0,0.0,0.9749279121818246,-0.22252093395630992,-0.5000000000000004,0.8660254037844384,0.0
2022-12-01,Jagung Pipil Kering,3400.0,3600.0,Jagung,Q3-2022,2022.0,11893.0081,68.69,81693.07264,1,12,2022,0.05555555555555558,0.01011445126693733,0.0,0.0,0.0,0.7818314824680298,0.6234898018587336,-2.4492935982947064e-16,1.0,0.0
2022-12-02,Jagung Pipil Kering,3400.0,3600.0,Jagung,Q3-2022,2022.0,11893.0081,68.69,81693.07264,2,12,2022,0.05555555555555558,0.01011445126693733,0.0,0.0,0.0,0.9749279121818236,-0.22252093395631434,-2.4492935982947064e-16,1.0,0.0
2022-12-03,Jagung Pipil Kering,3417.8543186504226,3588.2172262389877,Jagung,Q3-2022,2022.0,11893.0081,68.69,81693.07264,3,12,2022,0.06547462147245708,0.0028247028481764858,0.0,0.0,0.0,0.43388373911755823,-0.900968867902419,-2.4492935982947064e-16,1.0,0.0
2022-12-04,Jagung Pipil Kering,3412.9257693634354,3583.651522089789,Jagung,Q3-2022,2022.0,11893.0081,68.69,81693.07264,4,12,2022,0.06273653853524186,0.0,0.0,0.0,0.0,-0.433883739117558,-0.9009688679024191,-2.4492935982947064e-16,1.0,0.0
2022-12-05,Jagung Pipil Kering,3400.0,3600.0,Jagung,Q3-2022,2022.0,11893.0081,68.69,81693.07264,5,12,2022,0.05555555555555558,0.01011445126693733,0.0,0.0,0.0,-0.9749279121818236,-0.2225209339563146,-2.4492935982947064e-16,1.0,0.0
2022-12-06,Jagung Pipil Kering,3400.0,3600.0,Jagung,Q3-2022,2022.0,11893.0081,68.69,81693.07264,6,12,2022,0.05555555555555558,0.01011445126693733,0.0,0.0,0.0,-0.7818314824680299,0.6234898018587334,-2.4492935982947064e-16,1.0,0.0
2022-12-07,Jagung Pipil Kering,3400.0,3600.0,Jagung,Q3-2022,2022.0,11893.0081,68.69,81693.07264,7,12,2022,0.05555555555555558,0.01011445126693733,0.0,0.0,0.0,-2.4492935982947064e-16,1.0,-2.4492935982947064e-16,1.0,0.0
2022-12-08,Jagung Pipil Kering,3400.0,3600.0,Jagung,Q3-2022,2022.0,11893.0081,68.69,81693.07264,8,12,2022,0.05555555555555558,0.01011445126693733,0.0,0.0,0.0,0.7818314824680296,0.6234898018587337,-2.4492935982947064e-16,1.0,0.0
2022-12-09,Jagung Pipil Kering,3400.0,3600.0,Jagung,Q3-2022,2022.0,11893.0081,68.69,81693.07264,9,12,2022,0.05555555555555558,0.01011445126693733,0.0,0.0,0.0,0.9749279121818237,-0.2225209339563141,-2.4492935982947064e-16,1.0,0.0
2022-12-10,Jagung Pipil Kering,3438.046840325399,3629.614373126808,Jagung,Q3-2022,2022.0,11893.0081,68.69,81693.07264,10,12,2022,0.0766926890696662,0.02843622626257236,0.0,0.0,0.0,0.43388373911755845,-0.9009688679024189,-2.4492935982947064e-16,1.0,0.0
2022-12-11,Jagung Pipil Kering,3438.4703840856205,3624.878649264114,Jagung,Q3-2022,2022.0,11893.0081,68.69,81693.07264,11,12,2022,0.07692799115867821,0.025506335878527686,0.0,0.0,0.0,-0.4338837391175562,-0.90096886790242,-2.4492935982947064e-16,1.0,0.0
2022-12-12,Jagung Pipil Kering,3400.0,3600.0,Jagung,Q3-2022,2022.0,11893.0081,68.69,81693.07264,12,12,2022,0.05555555555555558,0.01011445126693733,0.0,0.0,0.0,-0.9749279121818235,-0.2225209339563148,-2.4492935982947064e-16,1.0,0.0
2022-12-13,Jagung Pipil Kering,3400.0,3600.0,Jagung,Q3-2022,2022.0,11893.0081,68.69,81693.07264,13,12,2022,0.05555555555555558,0.01011445126693733,0.0,0.0,0.0,-0.781831482468029,0.6234898018587346,-2.4492935982947064e-16,1.0,0.0
2022-12-14,Jagung Pipil Kering,3400.0,3600.0,Jagung,Q3-2022,2022.0,11893.0081,68.69,81693.07264,14,12,2022,0.05555555555555558,0.01011445126693733,0.0,0.0,0.0,-4.898587196589413e-16,1.0,-2.4492935982947064e-16,1.0,0.0
2022-12-15,Jagung Pipil Kering,3400.0,3600.0,Jagung,Q3-2022,2022.0,11893.0081,68.69,81693.07264,15,12,2022,0.05555555555555558,0.01011445126693733,0.0,0.0,0.0,0.7818314824680284,0.6234898018587354,-2.4492935982947064e-16,1.0,0.0
2022-12-16,Jagung Pipil Kering,3400.0,3600.0,Jagung,Q3-2022,2022.0,11893.0081,68.69,81693.07264,16,12,2022,0.05555555555555558,0.01011445126693733,0.0,0.0,0.0,0.9749279121818237,-0.22252093395631387,-2.4492935982947064e-16,1.0,0.0
2022-12-17,Jagung Pipil Kering,3438.8200458115525,3619.141490957231,Jagung,Q3-2022,2022.0,11893.0081,68.69,81693.07264,17,12,2022,0.07712224767308484,0.02195687956679171,0.0,0.0,0.0,0.43388373911755707,-0.9009688679024196,-2.4492935982947064e-16,1.0,0.0
2022-12-18,Jagung Pipil Kering,3427.3276440153354,3616.6647821622373,Jagung,Q3-2022,2022.0,11893.0081,68.69,81693.07264,18,12,2022,0.07073758000851971,0.02042459316392664,0.0,0.0,0.0,-0.43388373911755757,-0.9009688679024194,-2.4492935982947064e-16,1.0,0.0
2022-12-19,Jagung Pipil Kering,3400.0,3600.0,Jagung,Q3-2022,2022.0,11893.0081,68.69,81693.07264,19,12,2022,0.05555555555555558,0.01011445126693733,0.0,0.0,0.0,-0.9749279121818235,-0.22252093395631506,-2.4492935982947064e-16,1.0,0.0
2022-12-20,Jagung Pipil Kering,3400.0,3600.0,Jagung,Q3-2022,2022.0,11893.0081,68.69,81693.07264,20,12,2022,0.05555555555555558,0.01011445126693733,0.0,0.0,0.0,-0.7818314824680302,0.6234898018587329,-2.4492935982947064e-16,1.0,0.0
2022-12-21,Jagung Pipil Kering,3400.0,3600.0,Jagung,Q3-2022,2022.0,11893.0081,68.69,81693.07264,21,12,2022,0.05555555555555558,0.01011445126693733,0.0,0.0,0.0,-7.347880794884119e-16,1.0,-2.4492935982947064e-16,1.0,0.0
2022-12-22,Jagung Pipil Kering,3400.0,3600.0,Jagung,Q3-2022,2022.0,11893.0081,68.69,81693.07264,22,12,2022,0.05555555555555558,0.01011445126693733,0.0,0.0,0.0,0.7818314824680271,0.6234898018587369,-2.4492935982947064e-16,1.0,0.0
2022-12-23,Jagung Pipil Kering,3400.0,3600.0,Jagung,Q3-2022,2022.0,11893.0081,68.69,81693.07264,23,12,2022,0.05555555555555558,0.01011445126693733,0.0,0.0,0.0,0.9749279121818238,-0.22252093395631362,-2.4492935982947064e-16,1.0,0.0
2022-12-24,Jagung Pipil Kering,3423.392641927266,3644.8443570297163,Jagung,Q3-2022,2022.0,11893.0081,68.69,81693.07264,24,12,2022,0.0685514677373702,0.03785868937065118,0.0,0.0,0.0,0.4338837391175589,-0.9009688679024188,-2.4492935982947064e-16,1.0,0.0
2022-12-25,Jagung Pipil Kering,3525.3767260009176,3709.9843725718383,Jagung,Q3-2022,2022.0,11893.0081,68.69,81693.07264,25,12,2022,0.12520929222273214,0.07815941438902207,0.0,0.0,0.0,-0.43388373911755734,-0.9009688679024195,-2.4492935982947064e-16,1.0,0.0
2022-12-26,Jagung Pipil Kering,3400.0,3700.0,Jagung,Q3-2022,2022.0,11893.0081,68.69,81693.07264,26,12,2022,0.05555555555555558,0.07198229806275336,0.0,0.0,0.0,-0.9749279121818242,-0.22252093395631184,-2.4492935982947064e-16,1.0,0.0
2022-12-27,Jagung Pipil Kering,3400.0,3700.0,Jagung,Q3-2022,2022.0,11893.0081,68.69,81693.07264,27,12,2022,0.05555555555555558,0.07198229806275336,0.0,0.0,0.0,-0.7818314824680304,0.6234898018587328,-2.4492935982947064e-16,1.0,0.0
2022-12-28,Jagung Pipil Kering,3400.0,3700.0,Jagung,Q3-2022,2022.0,11893.0081,68.69,81693.07264,28,12,2022,0.05555555555555558,0.07198229806275336,0.0,0.0,0.0,-9.797174393178826e-16,1.0,-2.4492935982947064e-16,1.0,0.0
2022-12-29,Jagung Pipil Kering,3400.0,3700.0,Jagung,Q3-2022,2022.0,11893.0081,68.69,81693.07264,29,12,2022,0.05555555555555558,0.07198229806275336,0.0,0.0,0.0,0.7818314824680291,0.6234898018587344,-2.4492935982947064e-16,1.0,0.0
2022-12-30,Jagung Pipil Kering,3400.0,3700.0,Jagung,Q3-2022,2022.0,11893.0081,68.69,81693.07264,30,12,2022,0.05555555555555558,0.07198229806275336,0.0,0.0,0.0,0.9749279121818246,-0.22252093395630992,-2.4492935982947064e-16,1.0,0.0
2022-12-31,Jagung Pipil Kering,3406.324002957712,3663.2435321555345,Jagung,Q3-2022,2022.0,11893.0081,68.69,81693.07264,31,12,2022,0.05906889053206221,0.04924186284918619,0.0,0.0,0.0,0.4338837391175591,-0.9009688679024187,-2.4492935982947064e-16,1.0,0.0
2023-01-01,Jagung Pipil Kering,3408.4897868380936,3654.5136874966024,Jagung,Q1-2023,2023.0,68965.86949000001,71.01013366000002,489727.5611,1,1,2023,0.06027210379894088,0.04384089593008511,0.9712632530218501,0.44541708161341376,0.9264335289745327,0.7818314824680298,0.6234898018587336,0.49999999999999994,0.8660254037844387,1.0
2023-01-02,Jagung Pipil Kering,3400.0,3600.0,Jagung,Q1-2023,2023.0,68965.86949000001,71.01013366000002,489727.5611,2,1,2023,0.05555555555555558,0.01011445126693733,0.9712632530218501,0.44541708161341376,0.9264335289745327,0.9749279121818236,-0.22252093395631434,0.49999999999999994,0.8660254037844387,1.0
2023-01-03,Jagung Pipil Kering,3400.0,3600.0,Jagung,Q1-2023,2023.0,68965.86949000001,71.01013366000002,489727.5611,3,1,2023,0.05555555555555558,0.01011445126693733,0.9712632530218501,0.44541708161341376,0.9264335289745327,0.43388373911755823,-0.900968867902419,0.49999999999999994,0.8660254037844387,1.0
2023-01-04,Jagung Pipil Kering,3400.0,3600.0,Jagung,Q1-2023,2023.0,68965.86949000001,71.01013366000002,489727.5611,4,1,2023,0.05555555555555558,0.01011445126693733,0.9712632530218501,0.44541708161341376,0.9264335289745327,-0.433883739117558,-0.9009688679024191,0.49999999999999994,0.8660254037844387,1.0
2023-01-05,Jagung Pipil Kering,3400.0,3600.0,Jagung,Q1-2023,2023.0,68965.86949000001,71.01013366000002,489727.5611,5,1,2023,0.05555555555555558,0.01011445126693733,0.9712632530218501,0.44541708161341376,0.9264335289745327,-0.9749279121818236,-0.2225209339563146,0.49999999999999994,0.8660254037844387,1.0
2023-01-06,Jagung Pipil Kering,3400.0,3600.0,Jagung,Q1-2023,2023.0,68965.86949000001,71.01013366000002,489727.5611,6,1,2023,0.05555555555555558,0.01011445126693733,0.9712632530218501,0.44541708161341376,0.9264335289745327,-0.7818314824680299,0.6234898018587334,0.49999999999999994,0.8660254037844387,1.0
2023-01-07,Jagung Pipil Kering,3444.4945786989992,3838.0974269739168,Jagung,Q1-2023,2023.0,68965.86949000001,71.01013366000002,489727.5611,7,1,2023,0.0802747659438885,0.15742020261194067,0.9712632530218501,0.44541708161341376,0.9264335289745327,-2.4492935982947064e-16,1.0,0.49999999999999994,0.8660254037844387,1.0
2023-01-08,Jagung Pipil Kering,3474.405404332986,3819.4232598376893,Jagung,Q1-2023,2023.0,68965.86949000001,71.01013366000002,489727.5611,8,1,2023,0.09689189129610343,0.14586689749770487,0.9712632530218501,0.44541708161341376,0.9264335289745327,0.7818314824680296,0.6234898018587337,0.49999999999999994,0.8660254037844387,1.0
2023-01-09,Jagung Pipil Kering,3500.0,3800.0,Jagung,Q1-2023,2023.0,68965.86949000001,71.01013366000002,489727.5611,9,1,2023,0.11111111111111116,0.13385014485856983,0.9712632530218501,0.44541708161341376,0.9264335289745327,0.9749279121818237,-0.2225209339563141,0.49999999999999994,0.8660254037844387,1.0
2023-01-10,Jagung Pipil Kering,3500.0,3800.0,Jagung,Q1-2023,2023.0,68965.86949000001,71.01013366000002,489727.5611,10,1,2023,0.11111111111111116,0.13385014485856983,0.9712632530218501,0.44541708161341376,0.9264335289745327,0.43388373911755845,-0.9009688679024189,0.49999999999999994,0.8660254037844387,1.0
2023-01-11,Jagung Pipil Kering,3500.0,3800.0,Jagung,Q1-2023,2023.0,68965.86949000001,71.01013366000002,489727.5611,11,1,2023,0.11111111111111116,0.13385014485856983,0.9712632530218501,0.44541708161341376,0.9264335289745327,-0.4338837391175562,-0.90096886790242,0.49999999999999994,0.8660254037844387,1.0
2023-01-12,Jagung Pipil Kering,3500.0,3800.0,Jagung,Q1-2023,2023.0,68965.86949000001,71.01013366000002,489727.5611,12,1,2023,0.11111111111111116,0.13385014485856983,0.9712632530218501,0.44541708161341376,0.9264335289745327,-0.9749279121818235,-0.2225209339563148,0.49999999999999994,0.8660254037844387,1.0
2023-01-13,Jagung Pipil Kering,3500.0,3800.0,Jagung,Q1-2023,2023.0,68965.86949000001,71.01013366000002,489727.5611,13,1,2023,0.11111111111111116,0.13385014485856983,0.9712632530218501,0.44541708161341376,0.9264335289745327,-0.781831482468029,0.6234898018587346,0.49999999999999994,0.8660254037844387,1.0
2023-01-14,Jagung Pipil Kering,3568.838030746234,3857.4048409954726,Jagung,Q1-2023,2023.0,68965.86949000001,71.01013366000002,489727.5611,14,1,2023,0.14935446152568566,0.16936528393903094,0.9712632530218501,0.44541708161341376,0.9264335289745327,-4.898587196589413e-16,1.0,0.49999999999999994,0.8660254037844387,1.0
2023-01-15,Jagung Pipil Kering,3581.2250036286,3876.015462490229,Jagung,Q1-2023,2023.0,68965.86949000001,71.01013366000002,489727.5611,15,1,2023,0.15623611312700003,0.18087927473315624,0.9712632530218501,0.44541708161341376,0.9264335289745327,0.7818314824680284,0.6234898018587354,0.49999999999999994,0.8660254037844387,1.0
2023-01-16,Jagung Pipil Kering,3600.0,3900.0,Jagung,Q1-2023,2023.0,68965.86949000001,71.01013366000002,489727.5611,16,1,2023,0.16666666666666674,0.1957179916543863,0.9712632530218501,0.44541708161341376,0.9264335289745327,0.9749279121818237,-0.22252093395631387,0.49999999999999994,0.8660254037844387,1.0
2023-01-17,Jagung Pipil Kering,3600.0,3900.0,Jagung,Q1-2023,2023.0,68965.86949000001,71.01013366000002,489727.5611,17,1,2023,0.16666666666666674,0.1957179916543863,0.9712632530218501,0.44541708161341376,0.9264335289745327,0.43388373911755707,-0.9009688679024196,0.49999999999999994,0.8660254037844387,1.0
2023-01-18,Jagung Pipil Kering,3600.0,3900.0,Jagung,Q1-2023,2023.0,68965.86949000001,71.01013366000002,489727.5611,18,1,2023,0.16666666666666674,0.1957179916543863,0.9712632530218501,0.44541708161341376,0.9264335289745327,-0.43388373911755757,-0.9009688679024194,0.49999999999999994,0.8660254037844387,1.0
2023-01-19,Jagung Pipil Kering,3600.0,3900.0,Jagung,Q1-2023,2023.0,68965.86949000001,71.01013366000002,489727.5611,19,1,2023,0.16666666666666674,0.1957179916543863,0.9712632530218501,0.44541708161341376,0.9264335289745327,-0.9749279121818235,-0.22252093395631506,0.49999999999999994,0.8660254037844387,1.0
2023-01-20,Jagung Pipil Kering,3600.0,3900.0,Jagung,Q1-2023,2023.0,68965.86949000001,71.01013366000002,489727.5611,20,1,2023,0.16666666666666674,0.1957179916543863,0.9712632530218501,0.44541708161341376,0.9264335289745327,-0.7818314824680302,0.6234898018587329,0.49999999999999994,0.8660254037844387,1.0
2023-01-21,Jagung Pipil Kering,3644.039819625919,3973.9328168790626,Jagung,Q1-2023,2023.0,68965.86949000001,71.01013366000002,489727.5611,21,1,2023,0.19113323312551045,0.2414586335329565,0.9712632530218501,0.44541708161341376,0.9264335289745327,-7.347880794884119e-16,1.0,0.49999999999999994,0.8660254037844387,1.0
2023-01-22,Jagung Pipil Kering,3653.557445397939,3990.038755767407,Jagung,Q1-2023,2023.0,68965.86949000001,71.01013366000002,489727.5611,22,1,2023,0.196420802998855,0.2514230311294252,0.9712632530218501,0.44541708161341376,0.9264335289745327,0.7818314824680271,0.6234898018587369,0.49999999999999994,0.8660254037844387,1.0
2023-01-23,Jagung Pipil Kering,3800.0,4200.0,Jagung,Q1-2023,2023.0,68965.86949000001,71.01013366000002,489727.5611,23,1,2023,0.2777777777777779,0.3813215320418357,0.9712632530218501,0.44541708161341376,0.9264335289745327,0.9749279121818238,-0.22252093395631362,0.49999999999999994,0.8660254037844387,1.0
2023-01-24,Jagung Pipil Kering,3800.0,4200.0,Jagung,Q1-2023,2023.0,68965.86949000001,71.01013366000002,489727.5611,24,1,2023,0.2777777777777779,0.3813215320418357,0.9712632530218501,0.44541708161341376,0.9264335289745327,0.4338837391175589,-0.9009688679024188,0.49999999999999994,0.8660254037844387,1.0
2023-01-25,Jagung Pipil Kering,3800.0,4200.0,Jagung,Q1-2023,2023.0,68965.86949000001,71.01013366000002,489727.5611,25,1,2023,0.2777777777777779,0.3813215320418357,0.9712632530218501,0.44541708161341376,0.9264335289745327,-0.43388373911755734,-0.9009688679024195,0.49999999999999994,0.8660254037844387,1.0
2023-01-26,Jagung Pipil Kering,3800.0,4200.0,Jagung,Q1-2023,2023.0,68965.86949000001,71.01013366000002,489727.5611,26,1,2023,0.2777777777777779,0.3813215320418357,0.9712632530218501,0.44541708161341376,0.9264335289745327,-0.9749279121818242,-0.22252093395631184,0.49999999999999994,0.8660254037844387,1.0
2023-01-27,Jagung Pipil Kering,3800.0,4200.0,Jagung,Q1-2023,2023.0,68965.86949000001,71.01013366000002,489727.5611,27,1,2023,0.2777777777777779,0.3813215320418357,0.9712632530218501,0.44541708161341376,0.9264335289745327,-0.7818314824680304,0.6234898018587328,0.49999999999999994,0.8660254037844387,1.0
2023-01-28,Jagung Pipil Kering,3657.3236624722363,4189.683561516564,Jagung,Q1-2023,2023.0,68965.86949000001,71.01013366000002,489727.5611,28,1,2023,0.19851314581790924,0.3749389736861186,0.9712632530218501,0.44541708161341376,0.9264335289745327,-9.797174393178826e-16,1.0,0.49999999999999994,0.8660254037844387,1.0
2023-01-29,Jagung Pipil Kering,3658.8915405573807,4193.8470341857155,Jagung,Q1-2023,2023.0,68965.86949000001,71.01013366000002,489727.5611,29,1,2023,0.19938418919854484,0.3775148245784554,0.9712632530218501,0.44541708161341376,0.9264335289745327,0.7818314824680291,0.6234898018587344,0.49999999999999994,0.8660254037844387,1.0
2023-01-30,Jagung Pipil Kering,3800.0,4200.0,Jagung,Q1-2023,2023.0,68965.86949000001,71.01013366000002,489727.5611,30,1,2023,0.2777777777777779,0.3813215320418357,0.9712632530218501,0.44541708161341376,0.9264335289745327,0.9749279121818246,-0.22252093395630992,0.49999999999999994,0.8660254037844387,1.0
2023-01-31,Jagung Pipil Kering,3800.0,4200.0,Jagung,Q1-2023,2023.0,68965.86949000001,71.01013366000002,489727.5611,31,1,2023,0.2777777777777779,0.3813215320418357,0.9712632530218501,0.44541708161341376,0.9264335289745327,0.4338837391175591,-0.9009688679024187,0.49999999999999994,0.8660254037844387,1.0
2023-02-01,Jagung Pipil Kering,3800.0,4200.0,Jagung,Q1-2023,2023.0,68965.86949000001,71.01013366000002,489727.5611,1,2,2023,0.2777777777777779,0.3813215320418357,0.9712632530218501,0.44541708161341376,0.9264335289745327,0.7818314824680298,0.6234898018587336,0.8660254037844386,0.5000000000000001,1.0
2023-02-02,Jagung Pipil Kering,3800.0,4200.0,Jagung,Q1-2023,2023.0,68965.86949000001,71.01013366000002,489727.5611,2,2,2023,0.2777777777777779,0.3813215320418357,0.9712632530218501,0.44541708161341376,0.9264335289745327,0.9749279121818236,-0.22252093395631434,0.8660254037844386,0.5000000000000001,1.0
2023-02-03,Jagung Pipil Kering,3800.0,4200.0,Jagung,Q1-2023,2023.0,68965.86949000001,71.01013366000002,489727.5611,3,2,2023,0.2777777777777779,0.3813215320418357,0.9712632530218501,0.44541708161341376,0.9264335289745327,0.43388373911755823,-0.900968867902419,0.8660254037844386,0.5000000000000001,1.0
2023-02-04,Jagung Pipil Kering,3655.548139303454,4231.683594746658,Jagung,Q1-2023,2023.0,68965.86949000001,71.01013366000002,489727.5611,4,2,2023,0.1975267440574744,0.4009234898991054,0.9712632530218501,0.44541708161341376,0.9264335289745327,-0.433883739117558,-0.9009688679024191,0.8660254037844386,0.5000000000000001,1.0
2023-02-05,Jagung Pipil Kering,3656.991681276223,4257.045523385849,Jagung,Q1-2023,2023.0,68965.86949000001,71.01013366000002,489727.5611,5,2,2023,0.19832871182012402,0.4166143690540647,0.9712632530218501,0.44541708161341376,0.9264335289745327,-0.9749279121818236,-0.2225209339563146,0.8660254037844386,0.5000000000000001,1.0
2023-02-06,Jagung Pipil Kering,3900.0,4300.0,Jagung,Q1-2023,2023.0,68965.86949000001,71.01013366000002,489727.5611,6,2,2023,0.33333333333333326,0.4431893788376522,0.9712632530218501,0.44541708161341376,0.9264335289745327,-0.7818314824680299,0.6234898018587334,0.8660254037844386,0.5000000000000001,1.0
2023-02-07,Jagung Pipil Kering,3900.0,4300.0,Jagung,Q1-2023,2023.0,68965.86949000001,71.01013366000002,489727.5611,7,2,2023,0.33333333333333326,0.4431893788376522,0.9712632530218501,0.44541708161341376,0.9264335289745327,-2.4492935982947064e-16,1.0,0.8660254037844386,0.5000000000000001,1.0
2023-02-08,Jagung Pipil Kering,3900.0,4300.0,Jagung,Q1-2023,2023.0,68965.86949000001,71.01013366000002,489727.5611,8,2,2023,0.33333333333333326,0.4431893788376522,0.9712632530218501,0.44541708161341376,0.9264335289745327,0.7818314824680296,0.6234898018587337,0.8660254037844386,0.5000000000000001,1.0
2023-02-09,Jagung Pipil Kering,3900.0,4300.0,Jagung,Q1-2023,2023.0,68965.86949000001,71.01013366000002,489727.5611,9,2,2023,0.33333333333333326,0.4431893788376522,0.9712632530218501,0.44541708161341376,0.9264335289745327,0.9749279121818237,-0.2225209339563141,0.8660254037844386,0.5000000000000001,1.0
2023-02-10,Jagung Pipil Kering,3900.0,4300.0,Jagung,Q1-2023,2023.0,68965.86949000001,71.01013366000002,489727.5611,10,2,2023,0.33333333333333326,0.4431893788376522,0.9712632530218501,0.44541708161341376,0.9264335289745327,0.43388373911755845,-0.9009688679024189,0.8660254037844386,0.5000000000000001,1.0
2023-02-11,Jagung Pipil Kering,3744.349722283575,4233.489436147527,Jagung,Q1-2023,2023.0,68965.86949000001,71.01013366000002,489727.5611,11,2,2023,0.2468609568242084,0.40204072509037037,0.9712632530218501,0.44541708161341376,0.9264335289745327,-0.4338837391175562,-0.90096886790242,0.8660254037844386,0.5000000000000001,1.0
2023-02-12,Jagung Pipil Kering,3876.5890260898773,4231.237526653071,Jagung,Q1-2023,2023.0,68965.86949000001,71.01013366000002,489727.5611,12,2,2023,0.32032723671659835,0.40064751717436,0.9712632530218501,0.44541708161341376,0.9264335289745327,-0.9749279121818235,-0.2225209339563148,0.8660254037844386,0.5000000000000001,1.0
2023-02-13,Jagung Pipil Kering,3900.0,4300.0,Jagung,Q1-2023,2023.0,68965.86949000001,71.01013366000002,489727.5611,13,2,2023,0.33333333333333326,0.4431893788376522,0.9712632530218501,0.44541708161341376,0.9264335289745327,-0.781831482468029,0.6234898018587346,0.8660254037844386,0.5000000000000001,1.0
2023-02-14,Jagung Pipil Kering,3900.0,4300.0,Jagung,Q1-2023,2023.0,68965.86949000001,71.01013366000002,489727.5611,14,2,2023,0.33333333333333326,0.4431893788376522,0.9712632530218501,0.44541708161341376,0.9264335289745327,-4.898587196589413e-16,1.0,0.8660254037844386,0.5000000000000001,1.0
2023-02-15,Jagung Pipil Kering,3900.0,4300.0,Jagung,Q1-2023,2023.0,68965.86949000001,71.01013366000002,489727.5611,15,2,2023,0.33333333333333326,0.4431893788376522,0.9712632530218501,0.44541708161341376,0.9264335289745327,0.7818314824680284,0.6234898018587354,0.8660254037844386,0.5000000000000001,1.0
2023-02-16,Jagung Pipil Kering,3900.0,4300.0,Jagung,Q1-2023,2023.0,68965.86949000001,71.01013366000002,489727.5611,16,2,2023,0.33333333333333326,0.4431893788376522,0.9712632530218501,0.44541708161341376,0.9264335289745327,0.9749279121818237,-0.22252093395631387,0.8660254037844386,0.5000000000000001,1.0
2023-02-17,Jagung Pipil Kering,3900.0,4300.0,Jagung,Q1-2023,2023.0,68965.86949000001,71.01013366000002,489727.5611,17,2,2023,0.33333333333333326,0.4431893788376522,0.9712632530218501,0.44541708161341376,0.9264335289745327,0.43388373911755707,-0.9009688679024196,0.8660254037844386,0.5000000000000001,1.0
2023-02-18,Jagung Pipil Kering,3888.065973302957,4278.260634092364,Jagung,Q1-2023,2023.0,68965.86949000001,71.01013366000002,489727.5611,18,2,2023,0.3267033185016428,0.429739701243534,0.9712632530218501,0.44541708161341376,0.9264335289745327,-0.43388373911755757,-0.9009688679024194,0.8660254037844386,0.5000000000000001,1.0
2023-02-19,Jagung Pipil Kering,3884.666685352519,4275.311410942572,Jagung,Q1-2023,2023.0,68965.86949000001,71.01013366000002,489727.5611,19,2,2023,0.3248148251958438,0.4279150803835541,0.9712632530218501,0.44541708161341376,0.9264335289745327,-0.9749279121818235,-0.22252093395631506,0.8660254037844386,0.5000000000000001,1.0
2023-02-20,Jagung Pipil Kering,3900.0,4300.0,Jagung,Q1-2023,2023.0,68965.86949000001,71.01013366000002,489727.5611,20,2,2023,0.33333333333333326,0.4431893788376522,0.9712632530218501,0.44541708161341376,0.9264335289745327,-0.7818314824680302,0.6234898018587329,0.8660254037844386,0.5000000000000001,1.0
2023-02-21,Jagung Pipil Kering,3900.0,4300.0,Jagung,Q1-2023,2023.0,68965.86949000001,71.01013366000002,489727.5611,21,2,2023,0.33333333333333326,0.4431893788376522,0.9712632530218501,0.44541708161341376,0.9264335289745327,-7.347880794884119e-16,1.0,0.8660254037844386,0.5000000000000001,1.0
2023-02-22,Jagung Pipil Kering,3900.0,4300.0,Jagung,Q1-2023,2023.0,68965.86949000001,71.01013366000002,489727.5611,22,2,2023,0.33333333333333326,0.4431893788376522,0.9712632530218501,0.44541708161341376,0.9264335289745327,0.7818314824680271,0.6234898018587369,0.8660254037844386,0.5000000000000001,1.0
2023-02-23,Jagung Pipil Kering,4100.0,4450.0,Jagung,Q1-2023,2023.0,68965.86949000001,71.01013366000002,489727.5611,23,2,2023,0.4444444444444444,0.5359911490313767,0.9712632530218501,0.44541708161341376,0.9264335289745327,0.9749279121818238,-0.22252093395631362,0.8660254037844386,0.5000000000000001,1.0
2023-02-24,Jagung Pipil Kering,4100.0,4450.0,Jagung,Q1-2023,2023.0,68965.86949000001,71.01013366000002,489727.5611,24,2,2023,0.4444444444444444,0.5359911490313767,0.9712632530218501,0.44541708161341376,0.9264335289745327,0.4338837391175589,-0.9009688679024188,0.8660254037844386,0.5000000000000001,1.0
2023-02-25,Jagung Pipil Kering,3882.8605158197715,4421.588490967169,Jagung,Q1-2023,2023.0,68965.86949000001,71.01013366000002,489727.5611,25,2,2023,0.3238113976776511,0.5184135601505653,0.9712632530218501,0.44541708161341376,0.9264335289745327,-0.43388373911755734,-0.9009688679024195,0.8660254037844386,0.5000000000000001,1.0
2023-02-26,Jagung Pipil Kering,3875.777591606412,4419.80470664842,Jagung,Q1-2023,2023.0,68965.86949000001,71.01013366000002,489727.5611,26,2,2023,0.3198764397813403,0.5173099712010738,0.9712632530218501,0.44541708161341376,0.9264335289745327,-0.9749279121818242,-0.22252093395631184,0.8660254037844386,0.5000000000000001,1.0
2023-02-27,Jagung Pipil Kering,4100.0,4500.0,Jagung,Q1-2023,2023.0,68965.86949000001,71.01013366000002,489727.5611,27,2,2023,0.4444444444444444,0.5669250724292851,0.9712632530218501,0.44541708161341376,0.9264335289745327,-0.7818314824680304,0.6234898018587328,0.8660254037844386,0.5000000000000001,1.0
2023-02-28,Jagung Pipil Kering,4100.0,4500.0,Jagung,Q1-2023,2023.0,68965.86949000001,71.01013366000002,489727.5611,28,2,2023,0.4444444444444444,0.5669250724292851,0.9712632530218501,0.44541708161341376,0.9264335289745327,-9.797174393178826e-16,1.0,0.8660254037844386,0.5000000000000001,1.0
2023-03-01,Jagung Pipil Kering,3800.0,4200.0,Jagung,Q1-2023,2023.0,68965.86949000001,71.01013366000002,489727.5611,1,3,2023,0.2777777777777779,0.3813215320418357,0.9712632530218501,0.44541708161341376,0.9264335289745327,0.7818314824680298,0.6234898018587336,1.0,6.123233995736766e-17,1.0
2023-03-02,Jagung Pipil Kering,3800.0,4200.0,Jagung,Q1-2023,2023.0,68965.86949000001,71.01013366000002,489727.5611,2,3,2023,0.2777777777777779,0.3813215320418357,0.9712632530218501,0.44541708161341376,0.9264335289745327,0.9749279121818236,-0.22252093395631434,1.0,6.123233995736766e-17,1.0
2023-03-03,Jagung Pipil Kering,3800.0,4200.0,Jagung,Q1-2023,2023.0,68965.86949000001,71.01013366000002,489727.5611,3,3,2023,0.2777777777777779,0.3813215320418357,0.9712632530218501,0.44541708161341376,0.9264335289745327,0.43388373911755823,-0.900968867902419,1.0,6.123233995736766e-17,1.0
2023-03-04,Jagung Pipil Kering,3832.6158724875854,4218.101935062828,Jagung,Q1-2023,2023.0,68965.86949000001,71.01013366000002,489727.5611,4,3,2023,0.29589770693754747,0.3925208094935839,0.9712632530218501,0.44541708161341376,0.9264335289745327,-0.433883739117558,-0.9009688679024191,1.0,6.123233995736766e-17,1.0
2023-03-05,Jagung Pipil Kering,3833.541010041717,4260.177528231965,Jagung,Q1-2023,2023.0,68965.86949000001,71.01013366000002,489727.5611,5,3,2023,0.29641167224539866,0.4185520730138972,0.9712632530218501,0.44541708161341376,0.9264335289745327,-0.9749279121818236,-0.2225209339563146,1.0,6.123233995736766e-17,1.0
2023-03-06,Jagung Pipil Kering,3800.0,4200.0,Jagung,Q1-2023,2023.0,68965.86949000001,71.01013366000002,489727.5611,6,3,2023,0.2777777777777779,0.3813215320418357,0.9712632530218501,0.44541708161341376,0.9264335289745327,-0.7818314824680299,0.6234898018587334,1.0,6.123233995736766e-17,1.0
2023-03-07,Jagung Pipil Kering,3800.0,4200.0,Jagung,Q1-2023,2023.0,68965.86949000001,71.01013366000002,489727.5611,7,3,2023,0.2777777777777779,0.3813215320418357,0.9712632530218501,0.44541708161341376,0.9264335289745327,-2.4492935982947064e-16,1.0,1.0,6.123233995736766e-17,1.0
2023-03-08,Jagung Pipil Kering,3800.0,4200.0,Jagung,Q1-2023,2023.0,68965.86949000001,71.01013366000002,489727.5611,8,3,2023,0.2777777777777779,0.3813215320418357,0.9712632530218501,0.44541708161341376,0.9264335289745327,0.7818314824680296,0.6234898018587337,1.0,6.123233995736766e-17,1.0
2023-03-09,Jagung Pipil Kering,3800.0,4200.0,Jagung,Q1-2023,2023.0,68965.86949000001,71.01013366000002,489727.5611,9,3,2023,0.2777777777777779,0.3813215320418357,0.9712632530218501,0.44541708161341376,0.9264335289745327,0.9749279121818237,-0.2225209339563141,1.0,6.123233995736766e-17,1.0
2023-03-10,Jagung Pipil Kering,3800.0,4200.0,Jagung,Q1-2023,2023.0,68965.86949000001,71.01013366000002,489727.5611,10,3,2023,0.2777777777777779,0.3813215320418357,0.9712632530218501,0.44541708161341376,0.9264335289745327,0.43388373911755845,-0.9009688679024189,1.0,6.123233995736766e-17,1.0
2023-03-11,Jagung Pipil Kering,4102.758458508971,4389.4617629540535,Jagung,Q1-2023,2023.0,68965.86949000001,71.01013366000002,489727.5611,11,3,2023,0.4459769213938729,0.49853744528290234,0.9712632530218501,0.44541708161341376,0.9264335289745327,-0.4338837391175562,-0.90096886790242,1.0,6.123233995736766e-17,1.0
2023-03-12,Jagung Pipil Kering,4100.261907191569,4362.340706964945,Jagung,Q1-2023,2023.0,68965.86949000001,71.01013366000002,489727.5611,12,3,2023,0.4445899484397604,0.4817582319141529,0.9712632530218501,0.44541708161341376,0.9264335289745327,-0.9749279121818235,-0.2225209339563148,1.0,6.123233995736766e-17,1.0
2023-03-13,Jagung Pipil Kering,3900.0,4300.0,Jagung,Q1-2023,2023.0,68965.86949000001,71.01013366000002,489727.5611,13,3,2023,0.33333333333333326,0.4431893788376522,0.9712632530218501,0.44541708161341376,0.9264335289745327,-0.781831482468029,0.6234898018587346,1.0,6.123233995736766e-17,1.0
2023-03-14,Jagung Pipil Kering,3900.0,4300.0,Jagung,Q1-2023,2023.0,68965.86949000001,71.01013366000002,489727.5611,14,3,2023,0.33333333333333326,0.4431893788376522,0.9712632530218501,0.44541708161341376,0.9264335289745327,-4.898587196589413e-16,1.0,1.0,6.123233995736766e-17,1.0
2023-03-15,Jagung Pipil Kering,3900.0,4300.0,Jagung,Q1-2023,2023.0,68965.86949000001,71.01013366000002,489727.5611,15,3,2023,0.33333333333333326,0.4431893788376522,0.9712632530218501,0.44541708161341376,0.9264335289745327,0.7818314824680284,0.6234898018587354,1.0,6.123233995736766e-17,1.0
2023-03-16,Jagung Pipil Kering,3900.0,4300.0,Jagung,Q1-2023,2023.0,68965.86949000001,71.01013366000002,489727.5611,16,3,2023,0.33333333333333326,0.4431893788376522,0.9712632530218501,0.44541708161341376,0.9264335289745327,0.9749279121818237,-0.22252093395631387,1.0,6.123233995736766e-17,1.0
2023-03-17,Jagung Pipil Kering,3900.0,4300.0,Jagung,Q1-2023,2023.0,68965.86949000001,71.01013366000002,489727.5611,17,3,2023,0.33333333333333326,0.4431893788376522,0.9712632530218501,0.44541708161341376,0.9264335289745327,0.43388373911755707,-0.9009688679024196,1.0,6.123233995736766e-17,1.0
2023-03-18,Jagung Pipil Kering,4116.321559170709,4443.544464947196,Jagung,Q1-2023,2023.0,68965.86949000001,71.01013366000002,489727.5611,18,3,2023,0.45351197731706105,0.5319972484950575,0.9712632530218501,0.44541708161341376,0.9264335289745327,-0.43388373911755757,-0.9009688679024194,1.0,6.123233995736766e-17,1.0
2023-03-19,Jagung Pipil Kering,4120.80551261676,4462.635683417244,Jagung,Q1-2023,2023.0,68965.86949000001,71.01013366000002,489727.5611,19,3,2023,0.4560030625648668,0.5438085742895615,0.9712632530218501,0.44541708161341376,0.9264335289745327,-0.9749279121818235,-0.22252093395631506,1.0,6.123233995736766e-17,1.0
2023-03-20,Jagung Pipil Kering,3900.0,4300.0,Jagung,Q1-2023,2023.0,68965.86949000001,71.01013366000002,489727.5611,20,3,2023,0.33333333333333326,0.4431893788376522,0.9712632530218501,0.44541708161341376,0.9264335289745327,-0.7818314824680302,0.6234898018587329,1.0,6.123233995736766e-17,1.0
2023-03-21,Jagung Pipil Kering,3900.0,4300.0,Jagung,Q1-2023,2023.0,68965.86949000001,71.01013366000002,489727.5611,21,3,2023,0.33333333333333326,0.4431893788376522,0.9712632530218501,0.44541708161341376,0.9264335289745327,-7.347880794884119e-16,1.0,1.0,6.123233995736766e-17,1.0
2023-03-22,Jagung Pipil Kering,4148.946889397889,4508.430667214266,Jagung,Q1-2023,2023.0,68965.86949000001,71.01013366000002,489727.5611,22,3,2023,0.471637160776605,0.5721409447052719,0.9712632530218501,0.44541708161341376,0.9264335289745327,0.7818314824680271,0.6234898018587369,1.0,6.123233995736766e-17,1.0
2023-03-23,Jagung Pipil Kering,4182.839005382307,4528.348699855849,Jagung,Q1-2023,2023.0,68965.86949000001,71.01013366000002,489727.5611,23,3,2023,0.4904661141012816,0.5844638026247075,0.9712632530218501,0.44541708161341376,0.9264335289745327,0.9749279121818238,-0.22252093395631362,1.0,6.123233995736766e-17,1.0
2023-03-24,Jagung Pipil Kering,3900.0,4300.0,Jagung,Q1-2023,2023.0,68965.86949000001,71.01013366000002,489727.5611,24,3,2023,0.33333333333333326,0.4431893788376522,0.9712632530218501,0.44541708161341376,0.9264335289745327,0.4338837391175589,-0.9009688679024188,1.0,6.123233995736766e-17,1.0
2023-03-25,Jagung Pipil Kering,4341.246863199292,4614.293057176425,Jagung,Q1-2023,2023.0,68965.86949000001,71.01013366000002,489727.5611,25,3,2023,0.5784704795551627,0.63763572594145,0.9712632530218501,0.44541708161341376,0.9264335289745327,-0.43388373911755734,-0.9009688679024195,1.0,6.123233995736766e-17,1.0
2023-03-26,Jagung Pipil Kering,4102.054390463772,4659.991046904304,Jagung,Q1-2023,2023.0,68965.86949000001,71.01013366000002,489727.5611,26,3,2023,0.4455857724798731,0.6659080882150628,0.9712632530218501,0.44541708161341376,0.9264335289745327,-0.9749279121818242,-0.22252093395631184,1.0,6.123233995736766e-17,1.0
2023-03-27,Jagung Pipil Kering,4200.0,4900.0,Jagung,Q1-2023,2023.0,68965.86949000001,71.01013366000002,489727.5611,27,3,2023,0.5000000000000002,0.8143964596125506,0.9712632530218501,0.44541708161341376,0.9264335289745327,-0.7818314824680304,0.6234898018587328,1.0,6.123233995736766e-17,1.0
2023-03-28,Jagung Pipil Kering,4200.0,4900.0,Jagung,Q1-2023,2023.0,68965.86949000001,71.01013366000002,489727.5611,28,3,2023,0.5000000000000002,0.8143964596125506,0.9712632530218501,0.44541708161341376,0.9264335289745327,-9.797174393178826e-16,1.0,1.0,6.123233995736766e-17,1.0
2023-03-29,Jagung Pipil Kering,4200.0,4900.0,Jagung,Q1-2023,2023.0,68965.86949000001,71.01013366000002,489727.5611,29,3,2023,0.5000000000000002,0.8143964596125506,0.9712632530218501,0.44541708161341376,0.9264335289745327,0.7818314824680291,0.6234898018587344,1.0,6.123233995736766e-17,1.0
2023-03-30,Jagung Pipil Kering,4200.0,4900.0,Jagung,Q1-2023,2023.0,68965.86949000001,71.01013366000002,489727.5611,30,3,2023,0.5000000000000002,0.8143964596125506,0.9712632530218501,0.44541708161341376,0.9264335289745327,0.9749279121818246,-0.22252093395630992,1.0,6.123233995736766e-17,1.0
2023-03-31,Jagung Pipil Kering,4200.0,4900.0,Jagung,Q1-2023,2023.0,68965.86949000001,71.01013366000002,489727.5611,31,3,2023,0.5000000000000002,0.8143964596125506,0.9712632530218501,0.44541708161341376,0.9264335289745327,0.4338837391175591,-0.9009688679024187,1.0,6.123233995736766e-17,1.0
2023-04-01,Jagung Pipil Kering,4195.156363645801,4608.148254411966,Jagung,Q1-2023,2023.0,68965.86949000001,71.01013366000002,489727.5611,1,4,2023,0.49730909091433406,0.6338340687812303,0.9712632530218501,0.44541708161341376,0.9264335289745327,0.7818314824680298,0.6234898018587336,0.8660254037844387,-0.4999999999999998,1.0
2023-04-02,Jagung Pipil Kering,4198.6621033091305,4626.738524066451,Jagung,Q1-2023,2023.0,68965.86949000001,71.01013366000002,489727.5611,2,4,2023,0.49925672406062804,0.6453354683299959,0.9712632530218501,0.44541708161341376,0.9264335289745327,0.9749279121818236,-0.22252093395631434,0.8660254037844387,-0.4999999999999998,1.0
2023-04-03,Jagung Pipil Kering,4200.0,4900.0,Jagung,Q1-2023,2023.0,68965.86949000001,71.01013366000002,489727.5611,3,4,2023,0.5000000000000002,0.8143964596125506,0.9712632530218501,0.44541708161341376,0.9264335289745327,0.43388373911755823,-0.900968867902419,0.8660254037844387,-0.4999999999999998,1.0
2023-04-04,Jagung Pipil Kering,4200.0,4900.0,Jagung,Q1-2023,2023.0,68965.86949000001,71.01013366000002,489727.5611,4,4,2023,0.5000000000000002,0.8143964596125506,0.9712632530218501,0.44541708161341376,0.9264335289745327,-0.433883739117558,-0.9009688679024191,0.8660254037844387,-0.4999999999999998,1.0
2023-04-05,Jagung Pipil Kering,4200.0,4900.0,Jagung,Q1-2023,2023.0,68965.86949000001,71.01013366000002,489727.5611,5,4,2023,0.5000000000000002,0.8143964596125506,0.9712632530218501,0.44541708161341376,0.9264335289745327,-0.9749279121818236,-0.2225209339563146,0.8660254037844387,-0.4999999999999998,1.0
2023-04-06,Jagung Pipil Kering,4200.0,4900.0,Jagung,Q1-2023,2023.0,68965.86949000001,71.01013366000002,489727.5611,6,4,2023,0.5000000000000002,0.8143964596125506,0.9712632530218501,0.44541708161341376,0.9264335289745327,-0.7818314824680299,0.6234898018587334,0.8660254037844387,-0.4999999999999998,1.0
2023-04-07,Jagung Pipil Kering,4274.728863455757,4860.774151824368,Jagung,Q1-2023,2023.0,68965.86949000001,71.01013366000002,489727.5611,7,4,2023,0.5415160352531985,0.7901282719588916,0.9712632530218501,0.44541708161341376,0.9264335289745327,-2.4492935982947064e-16,1.0,0.8660254037844387,-0.4999999999999998,1.0
2023-04-08,Jagung Pipil Kering,4358.652156765493,4871.063948938093,Jagung,Q1-2023,2023.0,68965.86949000001,71.01013366000002,489727.5611,8,4,2023,0.5881400870919407,0.7964943478728106,0.9712632530218501,0.44541708161341376,0.9264335289745327,0.7818314824680296,0.6234898018587337,0.8660254037844387,-0.4999999999999998,1.0
2023-04-09,Jagung Pipil Kering,4432.848173039969,4879.061865832143,Jagung,Q1-2023,2023.0,68965.86949000001,71.01013366000002,489727.5611,9,4,2023,0.6293600961333163,0.8014424868436785,0.9712632530218501,0.44541708161341376,0.9264335289745327,0.9749279121818237,-0.2225209339563141,0.8660254037844387,-0.4999999999999998,1.0
2023-04-10,Jagung Pipil Kering,4500.0,4900.0,Jagung,Q1-2023,2023.0,68965.86949000001,71.01013366000002,489727.5611,10,4,2023,0.6666666666666667,0.8143964596125506,0.9712632530218501,0.44541708161341376,0.9264335289745327,0.43388373911755845,-0.9009688679024189,0.8660254037844387,-0.4999999999999998,1.0
2023-04-11,Jagung Pipil Kering,4500.0,4900.0,Jagung,Q1-2023,2023.0,68965.86949000001,71.01013366000002,489727.5611,11,4,2023,0.6666666666666667,0.8143964596125506,0.9712632530218501,0.44541708161341376,0.9264335289745327,-0.4338837391175562,-0.90096886790242,0.8660254037844387,-0.4999999999999998,1.0
2023-04-12,Jagung Pipil Kering,4500.0,4900.0,Jagung,Q1-2023,2023.0,68965.86949000001,71.01013366000002,489727.5611,12,4,2023,0.6666666666666667,0.8143964596125506,0.9712632530218501,0.44541708161341376,0.9264335289745327,-0.9749279121818235,-0.2225209339563148,0.8660254037844387,-0.4999999999999998,1.0
2023-04-13,Jagung Pipil Kering,4500.0,4900.0,Jagung,Q1-2023,2023.0,68965.86949000001,71.01013366000002,489727.5611,13,4,2023,0.6666666666666667,0.8143964596125506,0.9712632530218501,0.44541708161341376,0.9264335289745327,-0.781831482468029,0.6234898018587346,0.8660254037844387,-0.4999999999999998,1.0
2023-04-14,Jagung Pipil Kering,4500.0,4900.0,Jagung,Q1-2023,2023.0,68965.86949000001,71.01013366000002,489727.5611,14,4,2023,0.6666666666666667,0.8143964596125506,0.9712632530218501,0.44541708161341376,0.9264335289745327,-4.898587196589413e-16,1.0,0.8660254037844387,-0.4999999999999998,1.0
2023-04-15,Jagung Pipil Kering,4484.094648643134,4855.129334006327,Jagung,Q1-2023,2023.0,68965.86949000001,71.01013366000002,489727.5611,15,4,2023,0.6578303603572968,0.7866359447193223,0.9712632530218501,0.44541708161341376,0.9264335289745327,0.7818314824680284,0.6234898018587354,0.8660254037844387,-0.4999999999999998,1.0
2023-04-16,Jagung Pipil Kering,4487.549917910963,4865.750296586455,Jagung,Q1-2023,2023.0,68965.86949000001,71.01013366000002,489727.5611,16,4,2023,0.6597499543949794,0.7932069055766373,0.9712632530218501,0.44541708161341376,0.9264335289745327,0.9749279121818237,-0.22252093395631387,0.8660254037844387,-0.4999999999999998,1.0
2023-04-17,Jagung Pipil Kering,4500.0,4900.0,Jagung,Q1-2023,2023.0,68965.86949000001,71.01013366000002,489727.5611,17,4,2023,0.6666666666666667,0.8143964596125506,0.9712632530218501,0.44541708161341376,0.9264335289745327,0.43388373911755707,-0.9009688679024196,0.8660254037844387,-0.4999999999999998,1.0
2023-04-18,Jagung Pipil Kering,4500.0,4900.0,Jagung,Q1-2023,2023.0,68965.86949000001,71.01013366000002,489727.5611,18,4,2023,0.6666666666666667,0.8143964596125506,0.9712632530218501,0.44541708161341376,0.9264335289745327,-0.43388373911755757,-0.9009688679024194,0.8660254037844387,-0.4999999999999998,1.0
2023-04-19,Jagung Pipil Kering,4500.0,4900.0,Jagung,Q1-2023,2023.0,68965.86949000001,71.01013366000002,489727.5611,19,4,2023,0.6666666666666667,0.8143964596125506,0.9712632530218501,0.44541708161341376,0.9264335289745327,-0.9749279121818235,-0.22252093395631506,0.8660254037844387,-0.4999999999999998,1.0
2023-04-20,Jagung Pipil Kering,4500.0,4900.0,Jagung,Q1-2023,2023.0,68965.86949000001,71.01013366000002,489727.5611,20,4,2023,0.6666666666666667,0.8143964596125506,0.9712632530218501,0.44541708161341376,0.9264335289745327,-0.7818314824680302,0.6234898018587329,0.8660254037844387,-0.4999999999999998,1.0
2023-04-21,Jagung Pipil Kering,4500.0,4900.0,Jagung,Q1-2023,2023.0,68965.86949000001,71.01013366000002,489727.5611,21,4,2023,0.6666666666666667,0.8143964596125506,0.9712632530218501,0.44541708161341376,0.9264335289745327,-7.347880794884119e-16,1.0,0.8660254037844387,-0.4999999999999998,1.0
2023-04-22,Jagung Pipil Kering,4533.869351141405,4902.3157444427015,Jagung,Q1-2023,2023.0,68965.86949000001,71.01013366000002,489727.5611,22,4,2023,0.6854829728563361,0.815829160836544,0.9712632530218501,0.44541708161341376,0.9264335289745327,0.7818314824680271,0.6234898018587369,0.8660254037844387,-0.4999999999999998,1.0
2023-04-23,Jagung Pipil Kering,4521.84296099577,4910.512963084723,Jagung,Q1-2023,2023.0,68965.86949000001,71.01013366000002,489727.5611,23,4,2023,0.6788016449976502,0.8209006035075079,0.9712632530218501,0.44541708161341376,0.9264335289745327,0.9749279121818238,-0.22252093395631362,0.8660254037844387,-0.4999999999999998,1.0
2023-04-24,Jagung Pipil Kering,4700.0,4950.0,Jagung,Q1-2023,2023.0,68965.86949000001,71.01013366000002,489727.5611,24,4,2023,0.7777777777777779,0.845330383010459,0.9712632530218501,0.44541708161341376,0.9264335289745327,0.4338837391175589,-0.9009688679024188,0.8660254037844387,-0.4999999999999998,1.0
2023-04-25,Jagung Pipil Kering,4700.0,4950.0,Jagung,Q1-2023,2023.0,68965.86949000001,71.01013366000002,489727.5611,25,4,2023,0.7777777777777779,0.845330383010459,0.9712632530218501,0.44541708161341376,0.9264335289745327,-0.43388373911755734,-0.9009688679024195,0.8660254037844387,-0.4999999999999998,1.0
2023-04-26,Jagung Pipil Kering,4700.0,4950.0,Jagung,Q1-2023,2023.0,68965.86949000001,71.01013366000002,489727.5611,26,4,2023,0.7777777777777779,0.845330383010459,0.9712632530218501,0.44541708161341376,0.9264335289745327,-0.9749279121818242,-0.22252093395631184,0.8660254037844387,-0.4999999999999998,1.0
2023-04-27,Jagung Pipil Kering,4700.0,4950.0,Jagung,Q1-2023,2023.0,68965.86949000001,71.01013366000002,489727.5611,27,4,2023,0.7777777777777779,0.845330383010459,0.9712632530218501,0.44541708161341376,0.9264335289745327,-0.7818314824680304,0.6234898018587328,0.8660254037844387,-0.4999999999999998,1.0
2023-04-28,Jagung Pipil Kering,4700.0,4950.0,Jagung,Q1-2023,2023.0,68965.86949000001,71.01013366000002,489727.5611,28,4,2023,0.7777777777777779,0.845330383010459,0.9712632530218501,0.44541708161341376,0.9264335289745327,-9.797174393178826e-16,1.0,0.8660254037844387,-0.4999999999999998,1.0
2023-04-29,Jagung Pipil Kering,4538.984878331073,4958.210721857304,Jagung,Q1-2023,2023.0,68965.86949000001,71.01013366000002,489727.5611,29,4,2023,0.6883249324061513,0.8504101798299661,0.9712632530218501,0.44541708161341376,0.9264335289745327,0.7818314824680291,0.6234898018587344,0.8660254037844387,-0.4999999999999998,1.0
2023-04-30,Jagung Pipil Kering,4534.226999560722,4904.535491548359,Jagung,Q1-2023,2023.0,68965.86949000001,71.01013366000002,489727.5611,30,4,2023,0.6856816664226233,0.8172024705751264,0.9712632530218501,0.44541708161341376,0.9264335289745327,0.9749279121818246,-0.22252093395630992,0.8660254037844387,-0.4999999999999998,1.0
2023-05-01,Jagung Pipil Kering,4534.859462384141,4904.878166632482,Jagung,Q2-2023,2023.0,17906.7952,71.06765305000002,127259.3909,1,5,2023,0.686033034657856,0.8174144762711792,0.10234234414520282,0.45645960009917275,0.10345734544967708,0.7818314824680298,0.6234898018587336,0.49999999999999994,-0.8660254037844387,1.0
2023-05-02,Jagung Pipil Kering,4700.0,4950.0,Jagung,Q2-2023,2023.0,17906.7952,71.06765305000002,127259.3909,2,5,2023,0.7777777777777779,0.845330383010459,0.10234234414520282,0.45645960009917275,0.10345734544967708,0.9749279121818236,-0.22252093395631434,0.49999999999999994,-0.8660254037844387,1.0
2023-05-03,Jagung Pipil Kering,4700.0,4950.0,Jagung,Q2-2023,2023.0,17906.7952,71.06765305000002,127259.3909,3,5,2023,0.7777777777777779,0.845330383010459,0.10234234414520282,0.45645960009917275,0.10345734544967708,0.43388373911755823,-0.900968867902419,0.49999999999999994,-0.8660254037844387,1.0
2023-05-04,Jagung Pipil Kering,4700.0,4950.0,Jagung,Q2-2023,2023.0,17906.7952,71.06765305000002,127259.3909,4,5,2023,0.7777777777777779,0.845330383010459,0.10234234414520282,0.45645960009917275,0.10345734544967708,-0.433883739117558,-0.9009688679024191,0.49999999999999994,-0.8660254037844387,1.0
2023-05-05,Jagung Pipil Kering,4700.0,4950.0,Jagung,Q2-2023,2023.0,17906.7952,71.06765305000002,127259.3909,5,5,2023,0.7777777777777779,0.845330383010459,0.10234234414520282,0.45645960009917275,0.10345734544967708,-0.9749279121818236,-0.2225209339563146,0.49999999999999994,-0.8660254037844387,1.0
2023-05-06,Jagung Pipil Kering,4533.94999041304,4977.047873739483,Jagung,Q2-2023,2023.0,17906.7952,71.06765305000002,127259.3909,6,5,2023,0.685527772451689,0.8620643200971285,0.10234234414520282,0.45645960009917275,0.10345734544967708,-0.7818314824680299,0.6234898018587334,0.49999999999999994,-0.8660254037844387,1.0
2023-05-07,Jagung Pipil Kering,4575.099131350544,4973.184690577113,Jagung,Q2-2023,2023.0,17906.7952,71.06765305000002,127259.3909,7,5,2023,0.7083884063058579,0.859674251856791,0.10234234414520282,0.45645960009917275,0.10345734544967708,-2.4492935982947064e-16,1.0,0.49999999999999994,-0.8660254037844387,1.0
2023-05-08,Jagung Pipil Kering,4700.0,4950.0,Jagung,Q2-2023,2023.0,17906.7952,71.06765305000002,127259.3909,8,5,2023,0.7777777777777779,0.845330383010459,0.10234234414520282,0.45645960009917275,0.10345734544967708,0.7818314824680296,0.6234898018587337,0.49999999999999994,-0.8660254037844387,1.0
2023-05-09,Jagung Pipil Kering,4700.0,4950.0,Jagung,Q2-2023,2023.0,17906.7952,71.06765305000002,127259.3909,9,5,2023,0.7777777777777779,0.845330383010459,0.10234234414520282,0.45645960009917275,0.10345734544967708,0.9749279121818237,-0.2225209339563141,0.49999999999999994,-0.8660254037844387,1.0
2023-05-10,Jagung Pipil Kering,4700.0,4950.0,Jagung,Q2-2023,2023.0,17906.7952,71.06765305000002,127259.3909,10,5,2023,0.7777777777777779,0.845330383010459,0.10234234414520282,0.45645960009917275,0.10345734544967708,0.43388373911755845,-0.9009688679024189,0.49999999999999994,-0.8660254037844387,1.0
2023-05-11,Jagung Pipil Kering,4700.0,4950.0,Jagung,Q2-2023,2023.0,17906.7952,71.06765305000002,127259.3909,11,5,2023,0.7777777777777779,0.845330383010459,0.10234234414520282,0.45645960009917275,0.10345734544967708,-0.4338837391175562,-0.90096886790242,0.49999999999999994,-0.8660254037844387,1.0
2023-05-12,Jagung Pipil Kering,4700.0,4950.0,Jagung,Q2-2023,2023.0,17906.7952,71.06765305000002,127259.3909,12,5,2023,0.7777777777777779,0.845330383010459,0.10234234414520282,0.45645960009917275,0.10345734544967708,-0.9749279121818235,-0.2225209339563148,0.49999999999999994,-0.8660254037844387,1.0
2023-05-13,Jagung Pipil Kering,4696.165913849171,4905.397011898335,Jagung,Q2-2023,2023.0,17906.7952,71.06765305000002,127259.3909,13,5,2023,0.7756477299162066,0.8177354746653647,0.10234234414520282,0.45645960009917275,0.10345734544967708,-0.781831482468029,0.6234898018587346,0.49999999999999994,-0.8660254037844387,1.0
2023-05-14,Jagung Pipil Kering,4696.0050852923805,4897.899783108459,Jagung,Q2-2023,2023.0,17906.7952,71.06765305000002,127259.3909,14,5,2023,0.7755583807179891,0.8130971006437124,0.10234234414520282,0.45645960009917275,0.10345734544967708,-4.898587196589413e-16,1.0,0.49999999999999994,-0.8660254037844387,1.0
2023-05-15,Jagung Pipil Kering,4700.0,4900.0,Jagung,Q2-2023,2023.0,17906.7952,71.06765305000002,127259.3909,15,5,2023,0.7777777777777779,0.8143964596125506,0.10234234414520282,0.45645960009917275,0.10345734544967708,0.7818314824680284,0.6234898018587354,0.49999999999999994,-0.8660254037844387,1.0
2023-05-16,Jagung Pipil Kering,4700.0,4900.0,Jagung,Q2-2023,2023.0,17906.7952,71.06765305000002,127259.3909,16,5,2023,0.7777777777777779,0.8143964596125506,0.10234234414520282,0.45645960009917275,0.10345734544967708,0.9749279121818237,-0.22252093395631387,0.49999999999999994,-0.8660254037844387,1.0
2023-05-17,Jagung Pipil Kering,4700.0,4900.0,Jagung,Q2-2023,2023.0,17906.7952,71.06765305000002,127259.3909,17,5,2023,0.7777777777777779,0.8143964596125506,0.10234234414520282,0.45645960009917275,0.10345734544967708,0.43388373911755707,-0.9009688679024196,0.49999999999999994,-0.8660254037844387,1.0
2023-05-18,Jagung Pipil Kering,4692.659325612935,4895.089246398415,Jagung,Q2-2023,2023.0,17906.7952,71.06765305000002,127259.3909,18,5,2023,0.7736996253405197,0.8113582820978018,0.10234234414520282,0.45645960009917275,0.10345734544967708,-0.43388373911755757,-0.9009688679024194,0.49999999999999994,-0.8660254037844387,1.0
2023-05-19,Jagung Pipil Kering,4700.0,4900.0,Jagung,Q2-2023,2023.0,17906.7952,71.06765305000002,127259.3909,19,5,2023,0.7777777777777779,0.8143964596125506,0.10234234414520282,0.45645960009917275,0.10345734544967708,-0.9749279121818235,-0.22252093395631506,0.49999999999999994,-0.8660254037844387,1.0
2023-05-20,Jagung Pipil Kering,4689.8908189995545,4892.693619199875,Jagung,Q2-2023,2023.0,17906.7952,71.06765305000002,127259.3909,20,5,2023,0.7721615661108638,0.8098761591328101,0.10234234414520282,0.45645960009917275,0.10345734544967708,-0.7818314824680302,0.6234898018587329,0.49999999999999994,-0.8660254037844387,1.0
2023-05-21,Jagung Pipil Kering,4688.341279274936,4891.139721575644,Jagung,Q2-2023,2023.0,17906.7952,71.06765305000002,127259.3909,21,5,2023,0.7713007107082979,0.8089147961312877,0.10234234414520282,0.45645960009917275,0.10345734544967708,-7.347880794884119e-16,1.0,0.49999999999999994,-0.8660254037844387,1.0
2023-05-22,Jagung Pipil Kering,4700.0,4900.0,Jagung,Q2-2023,2023.0,17906.7952,71.06765305000002,127259.3909,22,5,2023,0.7777777777777779,0.8143964596125506,0.10234234414520282,0.45645960009917275,0.10345734544967708,0.7818314824680271,0.6234898018587369,0.49999999999999994,-0.8660254037844387,1.0
2023-05-23,Jagung Pipil Kering,4700.0,4900.0,Jagung,Q2-2023,2023.0,17906.7952,71.06765305000002,127259.3909,23,5,2023,0.7777777777777779,0.8143964596125506,0.10234234414520282,0.45645960009917275,0.10345734544967708,0.9749279121818238,-0.22252093395631362,0.49999999999999994,-0.8660254037844387,1.0
2023-05-24,Jagung Pipil Kering,4700.0,4900.0,Jagung,Q2-2023,2023.0,17906.7952,71.06765305000002,127259.3909,24,5,2023,0.7777777777777779,0.8143964596125506,0.10234234414520282,0.45645960009917275,0.10345734544967708,0.4338837391175589,-0.9009688679024188,0.49999999999999994,-0.8660254037844387,1.0
2023-05-25,Jagung Pipil Kering,4700.0,4900.0,Jagung,Q2-2023,2023.0,17906.7952,71.06765305000002,127259.3909,25,5,2023,0.7777777777777779,0.8143964596125506,0.10234234414520282,0.45645960009917275,0.10345734544967708,-0.43388373911755734,-0.9009688679024195,0.49999999999999994,-0.8660254037844387,1.0
2023-05-26,Jagung Pipil Kering,4700.0,4900.0,Jagung,Q2-2023,2023.0,17906.7952,71.06765305000002,127259.3909,26,5,2023,0.7777777777777779,0.8143964596125506,0.10234234414520282,0.45645960009917275,0.10345734544967708,-0.9749279121818242,-0.22252093395631184,0.49999999999999994,-0.8660254037844387,1.0
2023-05-27,Jagung Pipil Kering,4691.758881941025,4898.948999115028,Jagung,Q2-2023,2023.0,17906.7952,71.06765305000002,127259.3909,27,5,2023,0.7731993788561249,0.8137462279952135,0.10234234414520282,0.45645960009917275,0.10345734544967708,-0.7818314824680304,0.6234898018587328,0.49999999999999994,-0.8660254037844387,1.0
2023-05-28,Jagung Pipil Kering,4689.149331553392,4896.986097045829,Jagung,Q2-2023,2023.0,17906.7952,71.06765305000002,127259.3909,28,5,2023,0.7717496286407732,0.81253182275029,0.10234234414520282,0.45645960009917275,0.10345734544967708,-9.797174393178826e-16,1.0,0.49999999999999994,-0.8660254037844387,1.0
2023-05-29,Jagung Pipil Kering,4700.0,4900.0,Jagung,Q2-2023,2023.0,17906.7952,71.06765305000002,127259.3909,29,5,2023,0.7777777777777779,0.8143964596125506,0.10234234414520282,0.45645960009917275,0.10345734544967708,0.7818314824680291,0.6234898018587344,0.49999999999999994,-0.8660254037844387,1.0
2023-05-30,Jagung Pipil Kering,4700.0,4900.0,Jagung,Q2-2023,2023.0,17906.7952,71.06765305000002,127259.3909,30,5,2023,0.7777777777777779,0.8143964596125506,0.10234234414520282,0.45645960009917275,0.10345734544967708,0.9749279121818246,-0.22252093395630992,0.49999999999999994,-0.8660254037844387,1.0
2023-05-31,Jagung Pipil Kering,4700.0,4900.0,Jagung,Q2-2023,2023.0,17906.7952,71.06765305000002,127259.3909,31,5,2023,0.7777777777777779,0.8143964596125506,0.10234234414520282,0.45645960009917275,0.10345734544967708,0.4338837391175591,-0.9009688679024187,0.49999999999999994,-0.8660254037844387,1.0
2023-06-01,Jagung Pipil Kering,4677.859197338828,4889.121917512744,Jagung,Q2-2023,2023.0,17906.7952,71.06765305000002,127259.3909,1,6,2023,0.7654773318549049,0.8076664242050131,0.10234234414520282,0.45645960009917275,0.10345734544967708,0.7818314824680298,0.6234898018587336,1.2246467991473532e-16,-1.0,1.0
2023-06-02,Jagung Pipil Kering,4700.0,4900.0,Jagung,Q2-2023,2023.0,17906.7952,71.06765305000002,127259.3909,2,6,2023,0.7777777777777779,0.8143964596125506,0.10234234414520282,0.45645960009917275,0.10345734544967708,0.9749279121818236,-0.22252093395631434,1.2246467991473532e-16,-1.0,1.0
2023-06-03,Jagung Pipil Kering,4671.263782210711,4884.831802069567,Jagung,Q2-2023,2023.0,17906.7952,71.06765305000002,127259.3909,3,6,2023,0.7618132123392838,0.805012222155264,0.10234234414520282,0.45645960009917275,0.10345734544967708,0.43388373911755823,-0.900968867902419,1.2246467991473532e-16,-1.0,1.0
2023-06-04,Jagung Pipil Kering,4668.516541571484,4883.936234545594,Jagung,Q2-2023,2023.0,17906.7952,71.06765305000002,127259.3909,4,6,2023,0.7602869675397133,0.8044581538115794,0.10234234414520282,0.45645960009917275,0.10345734544967708,-0.433883739117558,-0.9009688679024191,1.2246467991473532e-16,-1.0,1.0
2023-06-05,Jagung Pipil Kering,4700.0,4900.0,Jagung,Q2-2023,2023.0,17906.7952,71.06765305000002,127259.3909,5,6,2023,0.7777777777777779,0.8143964596125506,0.10234234414520282,0.45645960009917275,0.10345734544967708,-0.9749279121818236,-0.2225209339563146,1.2246467991473532e-16,-1.0,1.0
2023-06-06,Jagung Pipil Kering,4700.0,4900.0,Jagung,Q2-2023,2023.0,17906.7952,71.06765305000002,127259.3909,6,6,2023,0.7777777777777779,0.8143964596125506,0.10234234414520282,0.45645960009917275,0.10345734544967708,-0.7818314824680299,0.6234898018587334,1.2246467991473532e-16,-1.0,1.0
2023-06-07,Jagung Pipil Kering,4700.0,4900.0,Jagung,Q2-2023,2023.0,17906.7952,71.06765305000002,127259.3909,7,6,2023,0.7777777777777779,0.8143964596125506,0.10234234414520282,0.45645960009917275,0.10345734544967708,-2.4492935982947064e-16,1.0,1.2246467991473532e-16,-1.0,1.0
2023-06-08,Jagung Pipil Kering,4700.0,4900.0,Jagung,Q2-2023,2023.0,17906.7952,71.06765305000002,127259.3909,8,6,2023,0.7777777777777779,0.8143964596125506,0.10234234414520282,0.45645960009917275,0.10345734544967708,0.7818314824680296,0.6234898018587337,1.2246467991473532e-16,-1.0,1.0
2023-06-09,Jagung Pipil Kering,4700.0,4900.0,Jagung,Q2-2023,2023.0,17906.7952,71.06765305000002,127259.3909,9,6,2023,0.7777777777777779,0.8143964596125506,0.10234234414520282,0.45645960009917275,0.10345734544967708,0.9749279121818237,-0.2225209339563141,1.2246467991473532e-16,-1.0,1.0
2023-06-10,Jagung Pipil Kering,4717.423085811666,4859.693722318381,Jagung,Q2-2023,2023.0,17906.7952,71.06765305000002,127259.3909,10,6,2023,0.7874572698953701,0.7894598334873906,0.10234234414520282,0.45645960009917275,0.10345734544967708,0.43388373911755845,-0.9009688679024189,1.2246467991473532e-16,-1.0,1.0
2023-06-11,Jagung Pipil Kering,4708.4511483924,4846.871356700529,Jagung,Q2-2023,2023.0,17906.7952,71.06765305000002,127259.3909,11,6,2023,0.782472860218,0.781526911971338,0.10234234414520282,0.45645960009917275,0.10345734544967708,-0.4338837391175562,-0.90096886790242,1.2246467991473532e-16,-1.0,1.0
2023-06-12,Jagung Pipil Kering,4700.0,4800.0,Jagung,Q2-2023,2023.0,17906.7952,71.06765305000002,127259.3909,12,6,2023,0.7777777777777779,0.7525286128167341,0.10234234414520282,0.45645960009917275,0.10345734544967708,-0.9749279121818235,-0.2225209339563148,1.2246467991473532e-16,-1.0,1.0
2023-06-13,Jagung Pipil Kering,4700.0,4800.0,Jagung,Q2-2023,2023.0,17906.7952,71.06765305000002,127259.3909,13,6,2023,0.7777777777777779,0.7525286128167341,0.10234234414520282,0.45645960009917275,0.10345734544967708,-0.781831482468029,0.6234898018587346,1.2246467991473532e-16,-1.0,1.0
2023-06-14,Jagung Pipil Kering,4700.0,4800.0,Jagung,Q2-2023,2023.0,17906.7952,71.06765305000002,127259.3909,14,6,2023,0.7777777777777779,0.7525286128167341,0.10234234414520282,0.45645960009917275,0.10345734544967708,-4.898587196589413e-16,1.0,1.2246467991473532e-16,-1.0,1.0
2023-06-15,Jagung Pipil Kering,4700.0,4800.0,Jagung,Q2-2023,2023.0,17906.7952,71.06765305000002,127259.3909,15,6,2023,0.7777777777777779,0.7525286128167341,0.10234234414520282,0.45645960009917275,0.10345734544967708,0.7818314824680284,0.6234898018587354,1.2246467991473532e-16,-1.0,1.0
2023-06-16,Jagung Pipil Kering,4700.0,4800.0,Jagung,Q2-2023,2023.0,17906.7952,71.06765305000002,127259.3909,16,6,2023,0.7777777777777779,0.7525286128167341,0.10234234414520282,0.45645960009917275,0.10345734544967708,0.9749279121818237,-0.22252093395631387,1.2246467991473532e-16,-1.0,1.0
2023-06-17,Jagung Pipil Kering,4705.099865465465,4821.810070796125,Jagung,Q2-2023,2023.0,17906.7952,71.06765305000002,127259.3909,17,6,2023,0.780611036369703,0.76602203400294,0.10234234414520282,0.45645960009917275,0.10345734544967708,0.43388373911755707,-0.9009688679024196,1.2246467991473532e-16,-1.0,1.0
2023-06-18,Jagung Pipil Kering,4702.811124160245,4819.1668511544785,Jagung,Q2-2023,2023.0,17906.7952,71.06765305000002,127259.3909,18,6,2023,0.7793395134223584,0.7643867309245693,0.10234234414520282,0.45645960009917275,0.10345734544967708,-0.43388373911755757,-0.9009688679024194,1.2246467991473532e-16,-1.0,1.0
2023-06-19,Jagung Pipil Kering,4700.0,4800.0,Jagung,Q2-2023,2023.0,17906.7952,71.06765305000002,127259.3909,19,6,2023,0.7777777777777779,0.7525286128167341,0.10234234414520282,0.45645960009917275,0.10345734544967708,-0.9749279121818235,-0.22252093395631506,1.2246467991473532e-16,-1.0,1.0
2023-06-20,Jagung Pipil Kering,4700.0,4800.0,Jagung,Q2-2023,2023.0,17906.7952,71.06765305000002,127259.3909,20,6,2023,0.7777777777777779,0.7525286128167341,0.10234234414520282,0.45645960009917275,0.10345734544967708,-0.7818314824680302,0.6234898018587329,1.2246467991473532e-16,-1.0,1.0
2023-06-21,Jagung Pipil Kering,4700.0,4800.0,Jagung,Q2-2023,2023.0,17906.7952,71.06765305000002,127259.3909,21,6,2023,0.7777777777777779,0.7525286128167341,0.10234234414520282,0.45645960009917275,0.10345734544967708,-7.347880794884119e-16,1.0,1.2246467991473532e-16,-1.0,1.0
2023-06-22,Jagung Pipil Kering,4700.0,4800.0,Jagung,Q2-2023,2023.0,17906.7952,71.06765305000002,127259.3909,22,6,2023,0.7777777777777779,0.7525286128167341,0.10234234414520282,0.45645960009917275,0.10345734544967708,0.7818314824680271,0.6234898018587369,1.2246467991473532e-16,-1.0,1.0
2023-06-23,Jagung Pipil Kering,4700.0,4800.0,Jagung,Q2-2023,2023.0,17906.7952,71.06765305000002,127259.3909,23,6,2023,0.7777777777777779,0.7525286128167341,0.10234234414520282,0.45645960009917275,0.10345734544967708,0.9749279121818238,-0.22252093395631362,1.2246467991473532e-16,-1.0,1.0
2023-06-24,Jagung Pipil Kering,4699.936998703319,4813.87745527419,Jagung,Q2-2023,2023.0,17906.7952,71.06765305000002,127259.3909,24,6,2023,0.7777427770573995,0.7611142955849282,0.10234234414520282,0.45645960009917275,0.10345734544967708,0.4338837391175589,-0.9009688679024188,1.2246467991473532e-16,-1.0,1.0
2023-06-25,Jagung Pipil Kering,4700.471967247945,4812.834762490653,Jagung,Q2-2023,2023.0,17906.7952,71.06765305000002,127259.3909,25,6,2023,0.7780399818044141,0.7604692040110583,0.10234234414520282,0.45645960009917275,0.10345734544967708,-0.43388373911755734,-0.9009688679024195,1.2246467991473532e-16,-1.0,1.0
2023-06-26,Jagung Pipil Kering,4700.0,4800.0,Jagung,Q2-2023,2023.0,17906.7952,71.06765305000002,127259.3909,26,6,2023,0.7777777777777779,0.7525286128167341,0.10234234414520282,0.45645960009917275,0.10345734544967708,-0.9749279121818242,-0.22252093395631184,1.2246467991473532e-16,-1.0,1.0
2023-06-27,Jagung Pipil Kering,4700.0,4800.0,Jagung,Q2-2023,2023.0,17906.7952,71.06765305000002,127259.3909,27,6,2023,0.7777777777777779,0.7525286128167341,0.10234234414520282,0.45645960009917275,0.10345734544967708,-0.7818314824680304,0.6234898018587328,1.2246467991473532e-16,-1.0,1.0
2023-06-28,Jagung Pipil Kering,4700.0,4800.0,Jagung,Q2-2023,2023.0,17906.7952,71.06765305000002,127259.3909,28,6,2023,0.7777777777777779,0.7525286128167341,0.10234234414520282,0.45645960009917275,0.10345734544967708,-9.797174393178826e-16,1.0,1.2246467991473532e-16,-1.0,1.0
2023-06-29,Jagung Pipil Kering,4700.0,4800.0,Jagung,Q2-2023,2023.0,17906.7952,71.06765305000002,127259.3909,29,6,2023,0.7777777777777779,0.7525286128167341,0.10234234414520282,0.45645960009917275,0.10345734544967708,0.7818314824680291,0.6234898018587344,1.2246467991473532e-16,-1.0,1.0
2023-06-30,Jagung Pipil Kering,4700.0,4800.0,Jagung,Q2-2023,2023.0,17906.7952,71.06765305000002,127259.3909,30,6,2023,0.7777777777777779,0.7525286128167341,0.10234234414520282,0.45645960009917275,0.10345734544967708,0.9749279121818246,-0.22252093395630992,1.2246467991473532e-16,-1.0,1.0
2023-07-01,Jagung Pipil Kering,4701.035592223299,4809.484038928072,Jagung,Q2-2023,2023.0,17906.7952,71.06765305000002,127259.3909,1,7,2023,0.7783531067907219,0.7583961834908091,0.10234234414520282,0.45645960009917275,0.10345734544967708,0.7818314824680298,0.6234898018587336,-0.4999999999999997,-0.8660254037844388,1.0
2023-07-02,Jagung Pipil Kering,4699.377586713342,4806.304583834501,Jagung,Q2-2023,2023.0,17906.7952,71.06765305000002,127259.3909,2,7,2023,0.7774319926185231,0.756429123084577,0.10234234414520282,0.45645960009917275,0.10345734544967708,0.9749279121818236,-0.22252093395631434,-0.4999999999999997,-0.8660254037844388,1.0
2023-07-03,Jagung Pipil Kering,4700.0,4800.0,Jagung,Q2-2023,2023.0,17906.7952,71.06765305000002,127259.3909,3,7,2023,0.7777777777777779,0.7525286128167341,0.10234234414520282,0.45645960009917275,0.10345734544967708,0.43388373911755823,-0.900968867902419,-0.4999999999999997,-0.8660254037844388,1.0
2023-07-04,Jagung Pipil Kering,4700.0,4800.0,Jagung,Q2-2023,2023.0,17906.7952,71.06765305000002,127259.3909,4,7,2023,0.7777777777777779,0.7525286128167341,0.10234234414520282,0.45645960009917275,0.10345734544967708,-0.433883739117558,-0.9009688679024191,-0.4999999999999997,-0.8660254037844388,1.0
2023-07-05,Jagung Pipil Kering,4700.0,4800.0,Jagung,Q2-2023,2023.0,17906.7952,71.06765305000002,127259.3909,5,7,2023,0.7777777777777779,0.7525286128167341,0.10234234414520282,0.45645960009917275,0.10345734544967708,-0.9749279121818236,-0.2225209339563146,-0.4999999999999997,-0.8660254037844388,1.0
2023-07-06,Jagung Pipil Kering,4700.0,4800.0,Jagung,Q2-2023,2023.0,17906.7952,71.06765305000002,127259.3909,6,7,2023,0.7777777777777779,0.7525286128167341,0.10234234414520282,0.45645960009917275,0.10345734544967708,-0.7818314824680299,0.6234898018587334,-0.4999999999999997,-0.8660254037844388,1.0
2023-07-07,Jagung Pipil Kering,4700.0,4800.0,Jagung,Q2-2023,2023.0,17906.7952,71.06765305000002,127259.3909,7,7,2023,0.7777777777777779,0.7525286128167341,0.10234234414520282,0.45645960009917275,0.10345734544967708,-2.4492935982947064e-16,1.0,-0.4999999999999997,-0.8660254037844388,1.0
2023-07-08,Jagung Pipil Kering,4694.191078616564,4795.9533948700955,Jagung,Q2-2023,2023.0,17906.7952,71.06765305000002,127259.3909,8,7,2023,0.7745505992314243,0.7500250653545333,0.10234234414520282,0.45645960009917275,0.10345734544967708,0.7818314824680296,0.6234898018587337,-0.4999999999999997,-0.8660254037844388,1.0
2023-07-09,Jagung Pipil Kering,4692.496444662553,4795.880823428364,Jagung,Q2-2023,2023.0,17906.7952,71.06765305000002,127259.3909,9,7,2023,0.7736091359236406,0.7499801669661457,0.10234234414520282,0.45645960009917275,0.10345734544967708,0.9749279121818237,-0.2225209339563141,-0.4999999999999997,-0.8660254037844388,1.0
2023-07-10,Jagung Pipil Kering,4700.0,4800.0,Jagung,Q2-2023,2023.0,17906.7952,71.06765305000002,127259.3909,10,7,2023,0.7777777777777779,0.7525286128167341,0.10234234414520282,0.45645960009917275,0.10345734544967708,0.43388373911755845,-0.9009688679024189,-0.4999999999999997,-0.8660254037844388,1.0
2023-07-11,Jagung Pipil Kering,4700.0,4800.0,Jagung,Q2-2023,2023.0,17906.7952,71.06765305000002,127259.3909,11,7,2023,0.7777777777777779,0.7525286128167341,0.10234234414520282,0.45645960009917275,0.10345734544967708,-0.4338837391175562,-0.90096886790242,-0.4999999999999997,-0.8660254037844388,1.0
2023-07-12,Jagung Pipil Kering,4700.0,4800.0,Jagung,Q2-2023,2023.0,17906.7952,71.06765305000002,127259.3909,12,7,2023,0.7777777777777779,0.7525286128167341,0.10234234414520282,0.45645960009917275,0.10345734544967708,-0.9749279121818235,-0.2225209339563148,-0.4999999999999997,-0.8660254037844388,1.0
2023-07-13,Jagung Pipil Kering,4700.0,4800.0,Jagung,Q2-2023,2023.0,17906.7952,71.06765305000002,127259.3909,13,7,2023,0.7777777777777779,0.7525286128167341,0.10234234414520282,0.45645960009917275,0.10345734544967708,-0.781831482468029,0.6234898018587346,-0.4999999999999997,-0.8660254037844388,1.0
2023-07-14,Jagung Pipil Kering,4700.0,4800.0,Jagung,Q2-2023,2023.0,17906.7952,71.06765305000002,127259.3909,14,7,2023,0.7777777777777779,0.7525286128167341,0.10234234414520282,0.45645960009917275,0.10345734544967708,-4.898587196589413e-16,1.0,-0.4999999999999997,-0.8660254037844388,1.0
2023-07-15,Jagung Pipil Kering,4711.318346858346,4817.502999242693,Jagung,Q2-2023,2023.0,17906.7952,71.06765305000002,127259.3909,15,7,2023,0.7840657482546367,0.7633573415728763,0.10234234414520282,0.45645960009917275,0.10345734544967708,0.7818314824680284,0.6234898018587354,-0.4999999999999997,-0.8660254037844388,1.0
2023-07-16,Jagung Pipil Kering,4708.106214610973,4813.954149769911,Jagung,Q2-2023,2023.0,17906.7952,71.06765305000002,127259.3909,16,7,2023,0.7822812303394298,0.7611617448180414,0.10234234414520282,0.45645960009917275,0.10345734544967708,0.9749279121818237,-0.22252093395631387,-0.4999999999999997,-0.8660254037844388,1.0
2023-07-17,Jagung Pipil Kering,4700.0,4800.0,Jagung,Q2-2023,2023.0,17906.7952,71.06765305000002,127259.3909,17,7,2023,0.7777777777777779,0.7525286128167341,0.10234234414520282,0.45645960009917275,0.10345734544967708,0.43388373911755707,-0.9009688679024196,-0.4999999999999997,-0.8660254037844388,1.0
2023-07-18,Jagung Pipil Kering,4700.0,4800.0,Jagung,Q2-2023,2023.0,17906.7952,71.06765305000002,127259.3909,18,7,2023,0.7777777777777779,0.7525286128167341,0.10234234414520282,0.45645960009917275,0.10345734544967708,-0.43388373911755757,-0.9009688679024194,-0.4999999999999997,-0.8660254037844388,1.0
2023-07-19,Jagung Pipil Kering,4698.370320884883,4802.6915747508065,Jagung,Q2-2023,2023.0,17906.7952,71.06765305000002,127259.3909,19,7,2023,0.7768724004916014,0.7541938321599582,0.10234234414520282,0.45645960009917275,0.10345734544967708,-0.9749279121818235,-0.22252093395631506,-0.4999999999999997,-0.8660254037844388,1.0
2023-07-20,Jagung Pipil Kering,4700.0,4800.0,Jagung,Q2-2023,2023.0,17906.7952,71.06765305000002,127259.3909,20,7,2023,0.7777777777777779,0.7525286128167341,0.10234234414520282,0.45645960009917275,0.10345734544967708,-0.7818314824680302,0.6234898018587329,-0.4999999999999997,-0.8660254037844388,1.0
2023-07-21,Jagung Pipil Kering,4700.0,4800.0,Jagung,Q2-2023,2023.0,17906.7952,71.06765305000002,127259.3909,21,7,2023,0.7777777777777779,0.7525286128167341,0.10234234414520282,0.45645960009917275,0.10345734544967708,-7.347880794884119e-16,1.0,-0.4999999999999997,-0.8660254037844388,1.0
2023-07-22,Jagung Pipil Kering,4690.256226961704,4791.452447372108,Jagung,Q2-2023,2023.0,17906.7952,71.06765305000002,127259.3909,22,7,2023,0.7723645705342801,0.7472404260521182,0.10234234414520282,0.45645960009917275,0.10345734544967708,0.7818314824680271,0.6234898018587369,-0.4999999999999997,-0.8660254037844388,1.0
2023-07-23,Jagung Pipil Kering,4690.454492284718,4787.918961137219,Jagung,Q2-2023,2023.0,17906.7952,71.06765305000002,127259.3909,23,7,2023,0.7724747179359543,0.7450543342017664,0.10234234414520282,0.45645960009917275,0.10345734544967708,0.9749279121818238,-0.22252093395631362,-0.4999999999999997,-0.8660254037844388,1.0
2023-07-24,Jagung Pipil Kering,4700.0,4800.0,Jagung,Q2-2023,2023.0,17906.7952,71.06765305000002,127259.3909,24,7,2023,0.7777777777777779,0.7525286128167341,0.10234234414520282,0.45645960009917275,0.10345734544967708,0.4338837391175589,-0.9009688679024188,-0.4999999999999997,-0.8660254037844388,1.0
2023-07-25,Jagung Pipil Kering,4700.0,4800.0,Jagung,Q2-2023,2023.0,17906.7952,71.06765305000002,127259.3909,25,7,2023,0.7777777777777779,0.7525286128167341,0.10234234414520282,0.45645960009917275,0.10345734544967708,-0.43388373911755734,-0.9009688679024195,-0.4999999999999997,-0.8660254037844388,1.0
2023-07-26,Jagung Pipil Kering,4700.0,4800.0,Jagung,Q2-2023,2023.0,17906.7952,71.06765305000002,127259.3909,26,7,2023,0.7777777777777779,0.7525286128167341,0.10234234414520282,0.45645960009917275,0.10345734544967708,-0.9749279121818242,-0.22252093395631184,-0.4999999999999997,-0.8660254037844388,1.0
2023-07-27,Jagung Pipil Kering,4700.0,4800.0,Jagung,Q2-2023,2023.0,17906.7952,71.06765305000002,127259.3909,27,7,2023,0.7777777777777779,0.7525286128167341,0.10234234414520282,0.45645960009917275,0.10345734544967708,-0.7818314824680304,0.6234898018587328,-0.4999999999999997,-0.8660254037844388,1.0
2023-07-28,Jagung Pipil Kering,4700.0,4800.0,Jagung,Q2-2023,2023.0,17906.7952,71.06765305000002,127259.3909,28,7,2023,0.7777777777777779,0.7525286128167341,0.10234234414520282,0.45645960009917275,0.10345734544967708,-9.797174393178826e-16,1.0,-0.4999999999999997,-0.8660254037844388,1.0
2023-07-29,Jagung Pipil Kering,4732.491645197124,4844.555172170741,Jagung,Q2-2023,2023.0,17906.7952,71.06765305000002,127259.3909,29,7,2023,0.7958286917761799,0.7800939384749404,0.10234234414520282,0.45645960009917275,0.10345734544967708,0.7818314824680291,0.6234898018587344,-0.4999999999999997,-0.8660254037844388,1.0
2023-07-30,Jagung Pipil Kering,4700.0,4800.0,Jagung,Q2-2023,2023.0,17906.7952,71.06765305000002,127259.3909,30,7,2023,0.7777777777777779,0.7525286128167341,0.10234234414520282,0.45645960009917275,0.10345734544967708,0.9749279121818246,-0.22252093395630992,-0.4999999999999997,-0.8660254037844388,1.0
2023-07-31,Jagung Pipil Kering,4700.0,4800.0,Jagung,Q2-2023,2023.0,17906.7952,71.06765305000002,127259.3909,31,7,2023,0.7777777777777779,0.7525286128167341,0.10234234414520282,0.45645960009917275,0.10345734544967708,0.4338837391175591,-0.9009688679024187,-0.4999999999999997,-0.8660254037844388,1.0
2023-08-01,Jagung Pipil Kering,4700.0,4800.0,Jagung,Q2-2023,2023.0,17906.7952,71.06765305000002,127259.3909,1,8,2023,0.7777777777777779,0.7525286128167341,0.10234234414520282,0.45645960009917275,0.10345734544967708,0.7818314824680298,0.6234898018587336,-0.8660254037844384,-0.5000000000000004,1.0
2023-08-02,Jagung Pipil Kering,4700.0,4800.0,Jagung,Q2-2023,2023.0,17906.7952,71.06765305000002,127259.3909,2,8,2023,0.7777777777777779,0.7525286128167341,0.10234234414520282,0.45645960009917275,0.10345734544967708,0.9749279121818236,-0.22252093395631434,-0.8660254037844384,-0.5000000000000004,1.0
2023-08-03,Jagung Pipil Kering,4700.0,4800.0,Jagung,Q2-2023,2023.0,17906.7952,71.06765305000002,127259.3909,3,8,2023,0.7777777777777779,0.7525286128167341,0.10234234414520282,0.45645960009917275,0.10345734544967708,0.43388373911755823,-0.900968867902419,-0.8660254037844384,-0.5000000000000004,1.0
2023-08-04,Jagung Pipil Kering,4700.0,4800.0,Jagung,Q2-2023,2023.0,17906.7952,71.06765305000002,127259.3909,4,8,2023,0.7777777777777779,0.7525286128167341,0.10234234414520282,0.45645960009917275,0.10345734544967708,-0.433883739117558,-0.9009688679024191,-0.8660254037844384,-0.5000000000000004,1.0
2023-08-05,Jagung Pipil Kering,4730.14449760905,4862.411830062779,Jagung,Q2-2023,2023.0,17906.7952,71.06765305000002,127259.3909,5,8,2023,0.7945247208939168,0.7911414682224396,0.10234234414520282,0.45645960009917275,0.10345734544967708,-0.9749279121818236,-0.2225209339563146,-0.8660254037844384,-0.5000000000000004,1.0
2023-08-06,Jagung Pipil Kering,4733.331464752577,4869.634883832192,Jagung,Q2-2023,2023.0,17906.7952,71.06765305000002,127259.3909,6,8,2023,0.7962952581958762,0.7956102160624794,0.10234234414520282,0.45645960009917275,0.10345734544967708,-0.7818314824680299,0.6234898018587334,-0.8660254037844384,-0.5000000000000004,1.0
2023-08-07,Jagung Pipil Kering,4700.0,4800.0,Jagung,Q2-2023,2023.0,17906.7952,71.06765305000002,127259.3909,7,8,2023,0.7777777777777779,0.7525286128167341,0.10234234414520282,0.45645960009917275,0.10345734544967708,-2.4492935982947064e-16,1.0,-0.8660254037844384,-0.5000000000000004,1.0
2023-08-08,Jagung Pipil Kering,4700.0,4800.0,Jagung,Q2-2023,2023.0,17906.7952,71.06765305000002,127259.3909,8,8,2023,0.7777777777777779,0.7525286128167341,0.10234234414520282,0.45645960009917275,0.10345734544967708,0.7818314824680296,0.6234898018587337,-0.8660254037844384,-0.5000000000000004,1.0
2023-08-09,Jagung Pipil Kering,4700.0,4800.0,Jagung,Q2-2023,2023.0,17906.7952,71.06765305000002,127259.3909,9,8,2023,0.7777777777777779,0.7525286128167341,0.10234234414520282,0.45645960009917275,0.10345734544967708,0.9749279121818237,-0.2225209339563141,-0.8660254037844384,-0.5000000000000004,1.0
2023-08-10,Jagung Pipil Kering,4700.0,4800.0,Jagung,Q2-2023,2023.0,17906.7952,71.06765305000002,127259.3909,10,8,2023,0.7777777777777779,0.7525286128167341,0.10234234414520282,0.45645960009917275,0.10345734544967708,0.43388373911755845,-0.9009688679024189,-0.8660254037844384,-0.5000000000000004,1.0
2023-08-11,Jagung Pipil Kering,4700.0,4800.0,Jagung,Q2-2023,2023.0,17906.7952,71.06765305000002,127259.3909,11,8,2023,0.7777777777777779,0.7525286128167341,0.10234234414520282,0.45645960009917275,0.10345734544967708,-0.4338837391175562,-0.90096886790242,-0.8660254037844384,-0.5000000000000004,1.0
2023-08-12,Jagung Pipil Kering,4769.118917013734,4914.741927251241,Jagung,Q2-2023,2023.0,17906.7952,71.06765305000002,127259.3909,12,8,2023,0.8161771761187413,0.8235169725790992,0.10234234414520282,0.45645960009917275,0.10345734544967708,-0.9749279121818235,-0.2225209339563148,-0.8660254037844384,-0.5000000000000004,1.0
2023-08-13,Jagung Pipil Kering,4785.189710193787,4945.973945755536,Jagung,Q2-2023,2023.0,17906.7952,71.06765305000002,127259.3909,13,8,2023,0.8251053945521039,0.8428395499385775,0.10234234414520282,0.45645960009917275,0.10345734544967708,-0.781831482468029,0.6234898018587346,-0.8660254037844384,-0.5000000000000004,1.0
2023-08-14,Jagung Pipil Kering,4800.0,5000.0,Jagung,Q2-2023,2023.0,17906.7952,71.06765305000002,127259.3909,14,8,2023,0.8333333333333333,0.876264306408367,0.10234234414520282,0.45645960009917275,0.10345734544967708,-4.898587196589413e-16,1.0,-0.8660254037844384,-0.5000000000000004,1.0
2023-08-15,Jagung Pipil Kering,4800.0,5000.0,Jagung,Q2-2023,2023.0,17906.7952,71.06765305000002,127259.3909,15,8,2023,0.8333333333333333,0.876264306408367,0.10234234414520282,0.45645960009917275,0.10345734544967708,0.7818314824680284,0.6234898018587354,-0.8660254037844384,-0.5000000000000004,1.0
2023-08-16,Jagung Pipil Kering,4800.0,5000.0,Jagung,Q2-2023,2023.0,17906.7952,71.06765305000002,127259.3909,16,8,2023,0.8333333333333333,0.876264306408367,0.10234234414520282,0.45645960009917275,0.10345734544967708,0.9749279121818237,-0.22252093395631387,-0.8660254037844384,-0.5000000000000004,1.0
2023-08-17,Jagung Pipil Kering,4818.932693710327,5013.237682313756,Jagung,Q2-2023,2023.0,17906.7952,71.06765305000002,127259.3909,17,8,2023,0.8438514965057371,0.8844541754215585,0.10234234414520282,0.45645960009917275,0.10345734544967708,0.43388373911755707,-0.9009688679024196,-0.8660254037844384,-0.5000000000000004,1.0
2023-08-18,Jagung Pipil Kering,4800.0,5000.0,Jagung,Q2-2023,2023.0,17906.7952,71.06765305000002,127259.3909,18,8,2023,0.8333333333333333,0.876264306408367,0.10234234414520282,0.45645960009917275,0.10345734544967708,-0.43388373911755757,-0.9009688679024194,-0.8660254037844384,-0.5000000000000004,1.0
2023-08-19,Jagung Pipil Kering,4831.439272281956,5016.130161669624,Jagung,Q2-2023,2023.0,17906.7952,71.06765305000002,127259.3909,19,8,2023,0.8507995957121979,0.8862436901180475,0.10234234414520282,0.45645960009917275,0.10345734544967708,-0.9749279121818235,-0.22252093395631506,-0.8660254037844384,-0.5000000000000004,1.0
2023-08-20,Jagung Pipil Kering,4838.858764148139,5017.316907673235,Jagung,Q2-2023,2023.0,17906.7952,71.06765305000002,127259.3909,20,8,2023,0.8549215356378552,0.8869779043174169,0.10234234414520282,0.45645960009917275,0.10345734544967708,-0.7818314824680302,0.6234898018587329,-0.8660254037844384,-0.5000000000000004,1.0
2023-08-21,Jagung Pipil Kering,4800.0,5000.0,Jagung,Q2-2023,2023.0,17906.7952,71.06765305000002,127259.3909,21,8,2023,0.8333333333333333,0.876264306408367,0.10234234414520282,0.45645960009917275,0.10345734544967708,-7.347880794884119e-16,1.0,-0.8660254037844384,-0.5000000000000004,1.0
2023-08-22,Jagung Pipil Kering,4800.0,5000.0,Jagung,Q2-2023,2023.0,17906.7952,71.06765305000002,127259.3909,22,8,2023,0.8333333333333333,0.876264306408367,0.10234234414520282,0.45645960009917275,0.10345734544967708,0.7818314824680271,0.6234898018587369,-0.8660254037844384,-0.5000000000000004,1.0
2023-08-23,Jagung Pipil Kering,4800.0,5000.0,Jagung,Q2-2023,2023.0,17906.7952,71.06765305000002,127259.3909,23,8,2023,0.8333333333333333,0.876264306408367,0.10234234414520282,0.45645960009917275,0.10345734544967708,0.9749279121818238,-0.22252093395631362,-0.8660254037844384,-0.5000000000000004,1.0
2023-08-24,Jagung Pipil Kering,4800.0,5000.0,Jagung,Q2-2023,2023.0,17906.7952,71.06765305000002,127259.3909,24,8,2023,0.8333333333333333,0.876264306408367,0.10234234414520282,0.45645960009917275,0.10345734544967708,0.4338837391175589,-0.9009688679024188,-0.8660254037844384,-0.5000000000000004,1.0
2023-08-25,Jagung Pipil Kering,4800.0,5000.0,Jagung,Q2-2023,2023.0,17906.7952,71.06765305000002,127259.3909,25,8,2023,0.8333333333333333,0.876264306408367,0.10234234414520282,0.45645960009917275,0.10345734544967708,-0.43388373911755734,-0.9009688679024195,-0.8660254037844384,-0.5000000000000004,1.0
2023-08-26,Jagung Pipil Kering,4928.258243656979,5141.729292513733,Jagung,Q2-2023,2023.0,17906.7952,71.06765305000002,127259.3909,26,8,2023,0.9045879131427663,0.9639491679655579,0.10234234414520282,0.45645960009917275,0.10345734544967708,-0.9749279121818242,-0.22252093395631184,-0.8660254037844384,-0.5000000000000004,1.0
2023-08-27,Jagung Pipil Kering,4945.613497847573,5160.821809808461,Jagung,Q2-2023,2023.0,17906.7952,71.06765305000002,127259.3909,27,8,2023,0.9142297210264296,0.975761297314925,0.10234234414520282,0.45645960009917275,0.10345734544967708,-0.7818314824680304,0.6234898018587328,-0.8660254037844384,-0.5000000000000004,1.0
2023-08-28,Jagung Pipil Kering,5000.0,5200.0,Jagung,Q2-2023,2023.0,17906.7952,71.06765305000002,127259.3909,28,8,2023,0.9444444444444444,1.0,0.10234234414520282,0.45645960009917275,0.10345734544967708,-9.797174393178826e-16,1.0,-0.8660254037844384,-0.5000000000000004,1.0
2023-08-29,Jagung Pipil Kering,5000.0,5200.0,Jagung,Q2-2023,2023.0,17906.7952,71.06765305000002,127259.3909,29,8,2023,0.9444444444444444,1.0,0.10234234414520282,0.45645960009917275,0.10345734544967708,0.7818314824680291,0.6234898018587344,-0.8660254037844384,-0.5000000000000004,1.0
2023-08-30,Jagung Pipil Kering,5000.0,5200.0,Jagung,Q2-2023,2023.0,17906.7952,71.06765305000002,127259.3909,30,8,2023,0.9444444444444444,1.0,0.10234234414520282,0.45645960009917275,0.10345734544967708,0.9749279121818246,-0.22252093395630992,-0.8660254037844384,-0.5000000000000004,1.0
2023-08-31,Jagung Pipil Kering,5000.0,5200.0,Jagung,Q2-2023,2023.0,17906.7952,71.06765305000002,127259.3909,31,8,2023,0.9444444444444444,1.0,0.10234234414520282,0.45645960009917275,0.10345734544967708,0.4338837391175591,-0.9009688679024187,-0.8660254037844384,-0.5000000000000004,1.0
2023-09-01,Jagung Pipil Kering,5000.0,5200.0,Jagung,Q3-2023,2023.0,9353.0426,81.16508426,75914.04907,1,9,2023,0.9444444444444444,1.0,-0.04322501262439801,2.3949549630561258,-0.01312114870531822,0.7818314824680298,0.6234898018587336,-1.0,-1.8369701987210297e-16,1.0
2023-09-02,Jagung Pipil Kering,5051.098315884226,5294.615441516184,Jagung,Q3-2023,2023.0,9353.0426,81.16508426,75914.04907,2,9,2023,0.9728323977134592,1.0585365364024177,-0.04322501262439801,2.3949549630561258,-0.01312114870531822,0.9749279121818236,-0.22252093395631434,-1.0,-1.8369701987210297e-16,1.0
2023-09-03,Jagung Pipil Kering,5062.092135055886,5284.111731180359,Jagung,Q3-2023,2023.0,9353.0426,81.16508426,75914.04907,3,9,2023,0.9789400750310475,1.0520381169839736,-0.04322501262439801,2.3949549630561258,-0.01312114870531822,0.43388373911755823,-0.900968867902419,-1.0,-1.8369701987210297e-16,1.0
2023-09-04,Jagung Pipil Kering,5400.0,5700.0,Jagung,Q3-2023,2023.0,9353.0426,81.16508426,75914.04907,4,9,2023,1.1666666666666667,1.3093392339790824,-0.04322501262439801,2.3949549630561258,-0.01312114870531822,-0.433883739117558,-0.9009688679024191,-1.0,-1.8369701987210297e-16,1.0
2023-09-05,Jagung Pipil Kering,5400.0,5700.0,Jagung,Q3-2023,2023.0,9353.0426,81.16508426,75914.04907,5,9,2023,1.1666666666666667,1.3093392339790824,-0.04322501262439801,2.3949549630561258,-0.01312114870531822,-0.9749279121818236,-0.2225209339563146,-1.0,-1.8369701987210297e-16,1.0
2023-09-06,Jagung Pipil Kering,5400.0,5700.0,Jagung,Q3-2023,2023.0,9353.0426,81.16508426,75914.04907,6,9,2023,1.1666666666666667,1.3093392339790824,-0.04322501262439801,2.3949549630561258,-0.01312114870531822,-0.7818314824680299,0.6234898018587334,-1.0,-1.8369701987210297e-16,1.0
2023-09-07,Jagung Pipil Kering,5400.0,5700.0,Jagung,Q3-2023,2023.0,9353.0426,81.16508426,75914.04907,7,9,2023,1.1666666666666667,1.3093392339790824,-0.04322501262439801,2.3949549630561258,-0.01312114870531822,-2.4492935982947064e-16,1.0,-1.0,-1.8369701987210297e-16,1.0
2023-09-08,Jagung Pipil Kering,5400.0,5700.0,Jagung,Q3-2023,2023.0,9353.0426,81.16508426,75914.04907,8,9,2023,1.1666666666666667,1.3093392339790824,-0.04322501262439801,2.3949549630561258,-0.01312114870531822,0.7818314824680296,0.6234898018587337,-1.0,-1.8369701987210297e-16,1.0
2023-09-09,Jagung Pipil Kering,5153.225181398449,5401.622743350755,Jagung,Q3-2023,2023.0,9353.0426,81.16508426,75914.04907,9,9,2023,1.0295695452213607,1.124739649961767,-0.04322501262439801,2.3949549630561258,-0.01312114870531822,0.9749279121818237,-0.2225209339563141,-1.0,-1.8369701987210297e-16,1.0
2023-09-10,Jagung Pipil Kering,5168.377415763394,5418.647376524489,Jagung,Q3-2023,2023.0,9353.0426,81.16508426,75914.04907,10,9,2023,1.0379874532018858,1.135272423931243,-0.04322501262439801,2.3949549630561258,-0.01312114870531822,0.43388373911755845,-0.9009688679024189,-1.0,-1.8369701987210297e-16,1.0
2023-09-11,Jagung Pipil Kering,5400.0,5700.0,Jagung,Q3-2023,2023.0,9353.0426,81.16508426,75914.04907,11,9,2023,1.1666666666666667,1.3093392339790824,-0.04322501262439801,2.3949549630561258,-0.01312114870531822,-0.4338837391175562,-0.90096886790242,-1.0,-1.8369701987210297e-16,1.0
2023-09-12,Jagung Pipil Kering,5400.0,5700.0,Jagung,Q3-2023,2023.0,9353.0426,81.16508426,75914.04907,12,9,2023,1.1666666666666667,1.3093392339790824,-0.04322501262439801,2.3949549630561258,-0.01312114870531822,-0.9749279121818235,-0.2225209339563148,-1.0,-1.8369701987210297e-16,1.0
2023-09-13,Jagung Pipil Kering,5400.0,5700.0,Jagung,Q3-2023,2023.0,9353.0426,81.16508426,75914.04907,13,9,2023,1.1666666666666667,1.3093392339790824,-0.04322501262439801,2.3949549630561258,-0.01312114870531822,-0.781831482468029,0.6234898018587346,-1.0,-1.8369701987210297e-16,1.0
2023-09-14,Jagung Pipil Kering,5400.0,5700.0,Jagung,Q3-2023,2023.0,9353.0426,81.16508426,75914.04907,14,9,2023,1.1666666666666667,1.3093392339790824,-0.04322501262439801,2.3949549630561258,-0.01312114870531822,-4.898587196589413e-16,1.0,-1.0,-1.8369701987210297e-16,1.0
2023-09-15,Jagung Pipil Kering,5400.0,5700.0,Jagung,Q3-2023,2023.0,9353.0426,81.16508426,75914.04907,15,9,2023,1.1666666666666667,1.3093392339790824,-0.04322501262439801,2.3949549630561258,-0.01312114870531822,0.7818314824680284,0.6234898018587354,-1.0,-1.8369701987210297e-16,1.0
2023-09-16,Jagung Pipil Kering,5264.795574249285,5566.953497516431,Jagung,Q3-2023,2023.0,9353.0426,81.16508426,75914.04907,16,9,2023,1.0915530968051586,1.2270262276553554,-0.04322501262439801,2.3949549630561258,-0.01312114870531822,0.9749279121818237,-0.22252093395631387,-1.0,-1.8369701987210297e-16,1.0
2023-09-17,Jagung Pipil Kering,5276.827400160641,5579.954424304414,Jagung,Q3-2023,2023.0,9353.0426,81.16508426,75914.04907,17,9,2023,1.0982374445336898,1.2350696211225811,-0.04322501262439801,2.3949549630561258,-0.01312114870531822,0.43388373911755707,-0.9009688679024196,-1.0,-1.8369701987210297e-16,1.0
2023-09-18,Jagung Pipil Kering,5500.0,5800.0,Jagung,Q3-2023,2023.0,9353.0426,81.16508426,75914.04907,18,9,2023,1.222222222222222,1.3712070807748984,-0.04322501262439801,2.3949549630561258,-0.01312114870531822,-0.43388373911755757,-0.9009688679024194,-1.0,-1.8369701987210297e-16,1.0
2023-09-19,Jagung Pipil Kering,5500.0,5800.0,Jagung,Q3-2023,2023.0,9353.0426,81.16508426,75914.04907,19,9,2023,1.222222222222222,1.3712070807748984,-0.04322501262439801,2.3949549630561258,-0.01312114870531822,-0.9749279121818235,-0.22252093395631506,-1.0,-1.8369701987210297e-16,1.0
2023-09-20,Jagung Pipil Kering,5500.0,5800.0,Jagung,Q3-2023,2023.0,9353.0426,81.16508426,75914.04907,20,9,2023,1.222222222222222,1.3712070807748984,-0.04322501262439801,2.3949549630561258,-0.01312114870531822,-0.7818314824680302,0.6234898018587329,-1.0,-1.8369701987210297e-16,1.0
2023-09-21,Jagung Pipil Kering,5500.0,5800.0,Jagung,Q3-2023,2023.0,9353.0426,81.16508426,75914.04907,21,9,2023,1.222222222222222,1.3712070807748984,-0.04322501262439801,2.3949549630561258,-0.01312114870531822,-7.347880794884119e-16,1.0,-1.0,-1.8369701987210297e-16,1.0
2023-09-22,Jagung Pipil Kering,5500.0,5800.0,Jagung,Q3-2023,2023.0,9353.0426,81.16508426,75914.04907,22,9,2023,1.222222222222222,1.3712070807748984,-0.04322501262439801,2.3949549630561258,-0.01312114870531822,0.7818314824680271,0.6234898018587369,-1.0,-1.8369701987210297e-16,1.0
2023-09-23,Jagung Pipil Kering,5417.715809189946,5770.7892389644285,Jagung,Q3-2023,2023.0,9353.0426,81.16508426,75914.04907,23,9,2023,1.1765087828833038,1.3531350118895191,-0.04322501262439801,2.3949549630561258,-0.01312114870531822,0.9749279121818238,-0.22252093395631362,-1.0,-1.8369701987210297e-16,1.0
2023-09-24,Jagung Pipil Kering,5456.06380298118,5780.547623207924,Jagung,Q3-2023,2023.0,9353.0426,81.16508426,75914.04907,24,9,2023,1.1978132238784334,1.3591723141030316,-0.04322501262439801,2.3949549630561258,-0.01312114870531822,0.4338837391175589,-0.9009688679024188,-1.0,-1.8369701987210297e-16,1.0
2023-09-25,Jagung Pipil Kering,5500.0,5800.0,Jagung,Q3-2023,2023.0,9353.0426,81.16508426,75914.04907,25,9,2023,1.222222222222222,1.3712070807748984,-0.04322501262439801,2.3949549630561258,-0.01312114870531822,-0.43388373911755734,-0.9009688679024195,-1.0,-1.8369701987210297e-16,1.0
2023-09-26,Jagung Pipil Kering,5500.0,5800.0,Jagung,Q3-2023,2023.0,9353.0426,81.16508426,75914.04907,26,9,2023,1.222222222222222,1.3712070807748984,-0.04322501262439801,2.3949549630561258,-0.01312114870531822,-0.9749279121818242,-0.22252093395631184,-1.0,-1.8369701987210297e-16,1.0
2023-09-27,Jagung Pipil Kering,5500.0,5800.0,Jagung,Q3-2023,2023.0,9353.0426,81.16508426,75914.04907,27,9,2023,1.222222222222222,1.3712070807748984,-0.04322501262439801,2.3949549630561258,-0.01312114870531822,-0.7818314824680304,0.6234898018587328,-1.0,-1.8369701987210297e-16,1.0
2023-09-28,Jagung Pipil Kering,5501.809755623557,5782.626037954587,Jagung,Q3-2023,2023.0,9353.0426,81.16508426,75914.04907,28,9,2023,1.2232276420130874,1.3604581845542794,-0.04322501262439801,2.3949549630561258,-0.01312114870531822,-9.797174393178826e-16,1.0,-1.0,-1.8369701987210297e-16,1.0
2023-09-29,Jagung Pipil Kering,5500.0,5800.0,Jagung,Q3-2023,2023.0,9353.0426,81.16508426,75914.04907,29,9,2023,1.222222222222222,1.3712070807748984,-0.04322501262439801,2.3949549630561258,-0.01312114870531822,0.7818314824680291,0.6234898018587344,-1.0,-1.8369701987210297e-16,1.0
2023-09-30,Jagung Pipil Kering,5494.9669476554855,5776.910815630026,Jagung,Q3-2023,2023.0,9353.0426,81.16508426,75914.04907,30,9,2023,1.2194260820308254,1.3569222995624797,-0.04322501262439801,2.3949549630561258,-0.01312114870531822,0.9749279121818246,-0.22252093395630992,-1.0,-1.8369701987210297e-16,1.0
2023-10-01,Jagung Pipil Kering,5490.581779758867,5770.6896641712965,Jagung,Q3-2023,2023.0,9353.0426,81.16508426,75914.04907,1,10,2023,1.216989877643815,1.3530734071090569,-0.04322501262439801,2.3949549630561258,-0.01312114870531822,0.7818314824680298,0.6234898018587336,-0.8660254037844386,0.5000000000000001,1.0
2023-10-02,Jagung Pipil Kering,5500.0,5800.0,Jagung,Q3-2023,2023.0,9353.0426,81.16508426,75914.04907,2,10,2023,1.222222222222222,1.3712070807748984,-0.04322501262439801,2.3949549630561258,-0.01312114870531822,0.9749279121818236,-0.22252093395631434,-0.8660254037844386,0.5000000000000001,1.0
2023-10-03,Jagung Pipil Kering,5500.0,5800.0,Jagung,Q3-2023,2023.0,9353.0426,81.16508426,75914.04907,3,10,2023,1.222222222222222,1.3712070807748984,-0.04322501262439801,2.3949549630561258,-0.01312114870531822,0.43388373911755823,-0.900968867902419,-0.8660254037844386,0.5000000000000001,1.0
2023-10-04,Jagung Pipil Kering,5500.0,5800.0,Jagung,Q3-2023,2023.0,9353.0426,81.16508426,75914.04907,4,10,2023,1.222222222222222,1.3712070807748984,-0.04322501262439801,2.3949549630561258,-0.01312114870531822,-0.433883739117558,-0.9009688679024191,-0.8660254037844386,0.5000000000000001,1.0
2023-10-05,Jagung Pipil Kering,5500.0,5800.0,Jagung,Q3-2023,2023.0,9353.0426,81.16508426,75914.04907,5,10,2023,1.222222222222222,1.3712070807748984,-0.04322501262439801,2.3949549630561258,-0.01312114870531822,-0.9749279121818236,-0.2225209339563146,-0.8660254037844386,0.5000000000000001,1.0
2023-10-06,Jagung Pipil Kering,5500.0,5800.0,Jagung,Q3-2023,2023.0,9353.0426,81.16508426,75914.04907,6,10,2023,1.222222222222222,1.3712070807748984,-0.04322501262439801,2.3949549630561258,-0.01312114870531822,-0.7818314824680299,0.6234898018587334,-0.8660254037844386,0.5000000000000001,1.0
2023-10-07,Jagung Pipil Kering,5501.038737141144,5798.359211347291,Jagung,Q3-2023,2023.0,9353.0426,81.16508426,75914.04907,7,10,2023,1.2227992984117468,1.370191960164998,-0.04322501262439801,2.3949549630561258,-0.01312114870531822,-2.4492935982947064e-16,1.0,-0.8660254037844386,0.5000000000000001,1.0
2023-10-08,Jagung Pipil Kering,5499.547388199693,5799.3671194702865,Jagung,Q3-2023,2023.0,9353.0426,81.16508426,75914.04907,8,10,2023,1.221970771222052,1.370815531218375,-0.04322501262439801,2.3949549630561258,-0.01312114870531822,0.7818314824680296,0.6234898018587337,-0.8660254037844386,0.5000000000000001,1.0
2023-10-09,Jagung Pipil Kering,5500.0,5800.0,Jagung,Q3-2023,2023.0,9353.0426,81.16508426,75914.04907,9,10,2023,1.222222222222222,1.3712070807748984,-0.04322501262439801,2.3949549630561258,-0.01312114870531822,0.9749279121818237,-0.2225209339563141,-0.8660254037844386,0.5000000000000001,1.0
2023-10-10,Jagung Pipil Kering,5500.0,5800.0,Jagung,Q3-2023,2023.0,9353.0426,81.16508426,75914.04907,10,10,2023,1.222222222222222,1.3712070807748984,-0.04322501262439801,2.3949549630561258,-0.01312114870531822,0.43388373911755845,-0.9009688679024189,-0.8660254037844386,0.5000000000000001,1.0
2023-10-11,Jagung Pipil Kering,5500.0,5800.0,Jagung,Q3-2023,2023.0,9353.0426,81.16508426,75914.04907,11,10,2023,1.222222222222222,1.3712070807748984,-0.04322501262439801,2.3949549630561258,-0.01312114870531822,-0.4338837391175562,-0.90096886790242,-0.8660254037844386,0.5000000000000001,1.0
2023-10-12,Jagung Pipil Kering,5500.0,5800.0,Jagung,Q3-2023,2023.0,9353.0426,81.16508426,75914.04907,12,10,2023,1.222222222222222,1.3712070807748984,-0.04322501262439801,2.3949549630561258,-0.01312114870531822,-0.9749279121818235,-0.2225209339563148,-0.8660254037844386,0.5000000000000001,1.0
2023-10-13,Jagung Pipil Kering,5500.0,5800.0,Jagung,Q3-2023,2023.0,9353.0426,81.16508426,75914.04907,13,10,2023,1.222222222222222,1.3712070807748984,-0.04322501262439801,2.3949549630561258,-0.01312114870531822,-0.781831482468029,0.6234898018587346,-0.8660254037844386,0.5000000000000001,1.0
2023-10-14,Jagung Pipil Kering,5502.229794824139,5829.716865235925,Jagung,Q3-2023,2023.0,9353.0426,81.16508426,75914.04907,14,10,2023,1.223460997124522,1.3895922654315798,-0.04322501262439801,2.3949549630561258,-0.01312114870531822,-4.898587196589413e-16,1.0,-0.8660254037844386,0.5000000000000001,1.0
2023-10-15,Jagung Pipil Kering,5498.569508463147,5834.019064722234,Jagung,Q3-2023,2023.0,9353.0426,81.16508426,75914.04907,15,10,2023,1.2214275047017484,1.3922539436186203,-0.04322501262439801,2.3949549630561258,-0.01312114870531822,0.7818314824680284,0.6234898018587354,-0.8660254037844386,0.5000000000000001,1.0
2023-10-16,Jagung Pipil Kering,5500.0,5700.0,Jagung,Q3-2023,2023.0,9353.0426,81.16508426,75914.04907,16,10,2023,1.222222222222222,1.3093392339790824,-0.04322501262439801,2.3949549630561258,-0.01312114870531822,0.9749279121818237,-0.22252093395631387,-0.8660254037844386,0.5000000000000001,1.0
2023-10-17,Jagung Pipil Kering,5500.0,5700.0,Jagung,Q3-2023,2023.0,9353.0426,81.16508426,75914.04907,17,10,2023,1.222222222222222,1.3093392339790824,-0.04322501262439801,2.3949549630561258,-0.01312114870531822,0.43388373911755707,-0.9009688679024196,-0.8660254037844386,0.5000000000000001,1.0
2023-10-18,Jagung Pipil Kering,5500.0,5700.0,Jagung,Q3-2023,2023.0,9353.0426,81.16508426,75914.04907,18,10,2023,1.222222222222222,1.3093392339790824,-0.04322501262439801,2.3949549630561258,-0.01312114870531822,-0.43388373911755757,-0.9009688679024194,-0.8660254037844386,0.5000000000000001,1.0
2023-10-19,Jagung Pipil Kering,5500.0,5700.0,Jagung,Q3-2023,2023.0,9353.0426,81.16508426,75914.04907,19,10,2023,1.222222222222222,1.3093392339790824,-0.04322501262439801,2.3949549630561258,-0.01312114870531822,-0.9749279121818235,-0.22252093395631506,-0.8660254037844386,0.5000000000000001,1.0
2023-10-20,Jagung Pipil Kering,5500.0,5700.0,Jagung,Q3-2023,2023.0,9353.0426,81.16508426,75914.04907,20,10,2023,1.222222222222222,1.3093392339790824,-0.04322501262439801,2.3949549630561258,-0.01312114870531822,-0.7818314824680302,0.6234898018587329,-0.8660254037844386,0.5000000000000001,1.0
2023-10-21,Jagung Pipil Kering,5477.042304988959,5856.760240652245,Jagung,Q3-2023,2023.0,9353.0426,81.16508426,75914.04907,21,10,2023,1.209467947216088,1.406323419502566,-0.04322501262439801,2.3949549630561258,-0.01312114870531822,-7.347880794884119e-16,1.0,-0.8660254037844386,0.5000000000000001,1.0
2023-10-22,Jagung Pipil Kering,5480.536046496671,5923.320926629612,Jagung,Q3-2023,2023.0,9353.0426,81.16508426,75914.04907,22,10,2023,1.2114089147203726,1.447503082729288,-0.04322501262439801,2.3949549630561258,-0.01312114870531822,0.7818314824680271,0.6234898018587369,-0.8660254037844386,0.5000000000000001,1.0
2023-10-23,Jagung Pipil Kering,5500.0,5700.0,Jagung,Q3-2023,2023.0,9353.0426,81.16508426,75914.04907,23,10,2023,1.222222222222222,1.3093392339790824,-0.04322501262439801,2.3949549630561258,-0.01312114870531822,0.9749279121818238,-0.22252093395631362,-0.8660254037844386,0.5000000000000001,1.0
2023-10-24,Jagung Pipil Kering,5500.0,5700.0,Jagung,Q3-2023,2023.0,9353.0426,81.16508426,75914.04907,24,10,2023,1.222222222222222,1.3093392339790824,-0.04322501262439801,2.3949549630561258,-0.01312114870531822,0.4338837391175589,-0.9009688679024188,-0.8660254037844386,0.5000000000000001,1.0
2023-10-25,Jagung Pipil Kering,5500.0,5700.0,Jagung,Q3-2023,2023.0,9353.0426,81.16508426,75914.04907,25,10,2023,1.222222222222222,1.3093392339790824,-0.04322501262439801,2.3949549630561258,-0.01312114870531822,-0.43388373911755734,-0.9009688679024195,-0.8660254037844386,0.5000000000000001,1.0
2023-10-26,Jagung Pipil Kering,5500.0,5700.0,Jagung,Q3-2023,2023.0,9353.0426,81.16508426,75914.04907,26,10,2023,1.222222222222222,1.3093392339790824,-0.04322501262439801,2.3949549630561258,-0.01312114870531822,-0.9749279121818242,-0.22252093395631184,-0.8660254037844386,0.5000000000000001,1.0
2023-10-27,Jagung Pipil Kering,5500.0,5700.0,Jagung,Q3-2023,2023.0,9353.0426,81.16508426,75914.04907,27,10,2023,1.222222222222222,1.3093392339790824,-0.04322501262439801,2.3949549630561258,-0.01312114870531822,-0.7818314824680304,0.6234898018587328,-0.8660254037844386,0.5000000000000001,1.0
2023-10-28,Jagung Pipil Kering,5492.896705194978,5909.039420722756,Jagung,Q3-2023,2023.0,9353.0426,81.16508426,75914.04907,28,10,2023,1.2182759473305433,1.4386674225346994,-0.04322501262439801,2.3949549630561258,-0.01312114870531822,-9.797174393178826e-16,1.0,-0.8660254037844386,0.5000000000000001,1.0
2023-10-29,Jagung Pipil Kering,5488.513627250706,5893.094384253509,Jagung,Q3-2023,2023.0,9353.0426,81.16508426,75914.04907,29,10,2023,1.2158409040281704,1.428802571800368,-0.04322501262439801,2.3949549630561258,-0.01312114870531822,0.7818314824680291,0.6234898018587344,-0.8660254037844386,0.5000000000000001,1.0
2023-10-30,Jagung Pipil Kering,5500.0,5900.0,Jagung,Q3-2023,2023.0,9353.0426,81.16508426,75914.04907,30,10,2023,1.222222222222222,1.4330749275707149,-0.04322501262439801,2.3949549630561258,-0.01312114870531822,0.9749279121818246,-0.22252093395630992,-0.8660254037844386,0.5000000000000001,1.0
2023-10-31,Jagung Pipil Kering,5500.0,5900.0,Jagung,Q3-2023,2023.0,9353.0426,81.16508426,75914.04907,31,10,2023,1.222222222222222,1.4330749275707149,-0.04322501262439801,2.3949549630561258,-0.01312114870531822,0.4338837391175591,-0.9009688679024187,-0.8660254037844386,0.5000000000000001,1.0
2023-11-01,Jagung Pipil Kering,5500.0,5900.0,Jagung,Q3-2023,2023.0,9353.0426,81.16508426,75914.04907,1,11,2023,1.222222222222222,1.4330749275707149,-0.04322501262439801,2.3949549630561258,-0.01312114870531822,0.7818314824680298,0.6234898018587336,-0.5000000000000004,0.8660254037844384,1.0
2023-11-02,Jagung Pipil Kering,5500.0,5900.0,Jagung,Q3-2023,2023.0,9353.0426,81.16508426,75914.04907,2,11,2023,1.222222222222222,1.4330749275707149,-0.04322501262439801,2.3949549630561258,-0.01312114870531822,0.9749279121818236,-0.22252093395631434,-0.5000000000000004,0.8660254037844384,1.0
2023-11-03,Jagung Pipil Kering,5500.0,5900.0,Jagung,Q3-2023,2023.0,9353.0426,81.16508426,75914.04907,3,11,2023,1.222222222222222,1.4330749275707149,-0.04322501262439801,2.3949549630561258,-0.01312114870531822,0.43388373911755823,-0.900968867902419,-0.5000000000000004,0.8660254037844384,1.0
2023-11-04,Jagung Pipil Kering,5532.5389881456895,5923.438497585787,Jagung,Q3-2023,2023.0,9353.0426,81.16508426,75914.04907,4,11,2023,1.2402994378587164,1.4475758213483312,-0.04322501262439801,2.3949549630561258,-0.01312114870531822,-0.433883739117558,-0.9009688679024191,-0.5000000000000004,0.8660254037844384,1.0
2023-11-05,Jagung Pipil Kering,5529.832458167832,5937.652394693388,Jagung,Q3-2023,2023.0,9353.0426,81.16508426,75914.04907,5,11,2023,1.23879581009324,1.4563696534345763,-0.04322501262439801,2.3949549630561258,-0.01312114870531822,-0.9749279121818236,-0.2225209339563146,-0.5000000000000004,0.8660254037844384,1.0
2023-11-06,Jagung Pipil Kering,5500.0,6000.0,Jagung,Q3-2023,2023.0,9353.0426,81.16508426,75914.04907,6,11,2023,1.222222222222222,1.4949427743665313,-0.04322501262439801,2.3949549630561258,-0.01312114870531822,-0.7818314824680299,0.6234898018587334,-0.5000000000000004,0.8660254037844384,1.0
2023-11-07,Jagung Pipil Kering,5500.0,6000.0,Jagung,Q3-2023,2023.0,9353.0426,81.16508426,75914.04907,7,11,2023,1.222222222222222,1.4949427743665313,-0.04322501262439801,2.3949549630561258,-0.01312114870531822,-2.4492935982947064e-16,1.0,-0.5000000000000004,0.8660254037844384,1.0
2023-11-08,Jagung Pipil Kering,5500.0,6000.0,Jagung,Q3-2023,2023.0,9353.0426,81.16508426,75914.04907,8,11,2023,1.222222222222222,1.4949427743665313,-0.04322501262439801,2.3949549630561258,-0.01312114870531822,0.7818314824680296,0.6234898018587337,-0.5000000000000004,0.8660254037844384,1.0
2023-11-09,Jagung Pipil Kering,5500.0,6000.0,Jagung,Q3-2023,2023.0,9353.0426,81.16508426,75914.04907,9,11,2023,1.222222222222222,1.4949427743665313,-0.04322501262439801,2.3949549630561258,-0.01312114870531822,0.9749279121818237,-0.2225209339563141,-0.5000000000000004,0.8660254037844384,1.0
2023-11-10,Jagung Pipil Kering,5500.0,6000.0,Jagung,Q3-2023,2023.0,9353.0426,81.16508426,75914.04907,10,11,2023,1.222222222222222,1.4949427743665313,-0.04322501262439801,2.3949549630561258,-0.01312114870531822,0.43388373911755845,-0.9009688679024189,-0.5000000000000004,0.8660254037844384,1.0
2023-11-11,Jagung Pipil Kering,5520.618365740381,5956.180418400413,Jagung,Q3-2023,2023.0,9353.0426,81.16508426,75914.04907,11,11,2023,1.2336768698557672,1.4678325427559313,-0.04322501262439801,2.3949549630561258,-0.01312114870531822,-0.4338837391175562,-0.90096886790242,-0.5000000000000004,0.8660254037844384,1.0
2023-11-12,Jagung Pipil Kering,5521.23142451939,5958.452507876487,Jagung,Q3-2023,2023.0,9353.0426,81.16508426,75914.04907,12,11,2023,1.234017458066328,1.4692382355920528,-0.04322501262439801,2.3949549630561258,-0.01312114870531822,-0.9749279121818235,-0.2225209339563148,-0.5000000000000004,0.8660254037844384,1.0
2023-11-13,Jagung Pipil Kering,5500.0,6000.0,Jagung,Q3-2023,2023.0,9353.0426,81.16508426,75914.04907,13,11,2023,1.222222222222222,1.4949427743665313,-0.04322501262439801,2.3949549630561258,-0.01312114870531822,-0.781831482468029,0.6234898018587346,-0.5000000000000004,0.8660254037844384,1.0
2023-11-14,Jagung Pipil Kering,5500.0,6000.0,Jagung,Q3-2023,2023.0,9353.0426,81.16508426,75914.04907,14,11,2023,1.222222222222222,1.4949427743665313,-0.04322501262439801,2.3949549630561258,-0.01312114870531822,-4.898587196589413e-16,1.0,-0.5000000000000004,0.8660254037844384,1.0
2023-11-15,Jagung Pipil Kering,5500.0,6000.0,Jagung,Q3-2023,2023.0,9353.0426,81.16508426,75914.04907,15,11,2023,1.222222222222222,1.4949427743665313,-0.04322501262439801,2.3949549630561258,-0.01312114870531822,0.7818314824680284,0.6234898018587354,-0.5000000000000004,0.8660254037844384,1.0
2023-11-16,Jagung Pipil Kering,5500.0,6000.0,Jagung,Q3-2023,2023.0,9353.0426,81.16508426,75914.04907,16,11,2023,1.222222222222222,1.4949427743665313,-0.04322501262439801,2.3949549630561258,-0.01312114870531822,0.9749279121818237,-0.22252093395631387,-0.5000000000000004,0.8660254037844384,1.0
2023-11-17,Jagung Pipil Kering,5500.0,6000.0,Jagung,Q3-2023,2023.0,9353.0426,81.16508426,75914.04907,17,11,2023,1.222222222222222,1.4949427743665313,-0.04322501262439801,2.3949549630561258,-0.01312114870531822,0.43388373911755707,-0.9009688679024196,-0.5000000000000004,0.8660254037844384,1.0
2023-11-18,Jagung Pipil Kering,5521.707501998311,5956.4163836990965,Jagung,Q3-2023,2023.0,9353.0426,81.16508426,75914.04907,18,11,2023,1.2342819455546172,1.467978529405412,-0.04322501262439801,2.3949549630561258,-0.01312114870531822,-0.43388373911755757,-0.9009688679024194,-0.5000000000000004,0.8660254037844384,1.0
2023-11-19,Jagung Pipil Kering,5522.523557221085,5953.308043156018,Jagung,Q3-2023,2023.0,9353.0426,81.16508426,75914.04907,19,11,2023,1.2347353095672695,1.466055466040328,-0.04322501262439801,2.3949549630561258,-0.01312114870531822,-0.9749279121818235,-0.22252093395631506,-0.5000000000000004,0.8660254037844384,1.0
2023-11-20,Jagung Pipil Kering,5500.0,6000.0,Jagung,Q3-2023,2023.0,9353.0426,81.16508426,75914.04907,20,11,2023,1.222222222222222,1.4949427743665313,-0.04322501262439801,2.3949549630561258,-0.01312114870531822,-0.7818314824680302,0.6234898018587329,-0.5000000000000004,0.8660254037844384,1.0
2023-11-21,Jagung Pipil Kering,5500.0,6000.0,Jagung,Q3-2023,2023.0,9353.0426,81.16508426,75914.04907,21,11,2023,1.222222222222222,1.4949427743665313,-0.04322501262439801,2.3949549630561258,-0.01312114870531822,-7.347880794884119e-16,1.0,-0.5000000000000004,0.8660254037844384,1.0
2023-11-22,Jagung Pipil Kering,5500.0,6000.0,Jagung,Q3-2023,2023.0,9353.0426,81.16508426,75914.04907,22,11,2023,1.222222222222222,1.4949427743665313,-0.04322501262439801,2.3949549630561258,-0.01312114870531822,0.7818314824680271,0.6234898018587369,-0.5000000000000004,0.8660254037844384,1.0
2023-11-23,Jagung Pipil Kering,5500.0,6000.0,Jagung,Q3-2023,2023.0,9353.0426,81.16508426,75914.04907,23,11,2023,1.222222222222222,1.4949427743665313,-0.04322501262439801,2.3949549630561258,-0.01312114870531822,0.9749279121818238,-0.22252093395631362,-0.5000000000000004,0.8660254037844384,1.0
2023-11-24,Jagung Pipil Kering,5500.0,6000.0,Jagung,Q3-2023,2023.0,9353.0426,81.16508426,75914.04907,24,11,2023,1.222222222222222,1.4949427743665313,-0.04322501262439801,2.3949549630561258,-0.01312114870531822,0.4338837391175589,-0.9009688679024188,-0.5000000000000004,0.8660254037844384,1.0
2023-11-25,Jagung Pipil Kering,5557.811775601251,5979.17891821092,Jagung,Q3-2023,2023.0,9353.0426,81.16508426,75914.04907,25,11,2023,1.254339875334028,1.4820612193840317,-0.04322501262439801,2.3949549630561258,-0.01312114870531822,-0.43388373911755734,-0.9009688679024195,-0.5000000000000004,0.8660254037844384,1.0
2023-11-26,Jagung Pipil Kering,5566.634454914252,5978.270907867049,Jagung,Q3-2023,2023.0,9353.0426,81.16508426,75914.04907,26,11,2023,1.2592413638412514,1.4814994529355952,-0.04322501262439801,2.3949549630561258,-0.01312114870531822,-0.9749279121818242,-0.22252093395631184,-0.5000000000000004,0.8660254037844384,1.0
2023-11-27,Jagung Pipil Kering,5700.0,5900.0,Jagung,Q3-2023,2023.0,9353.0426,81.16508426,75914.04907,27,11,2023,1.3333333333333333,1.4330749275707149,-0.04322501262439801,2.3949549630561258,-0.01312114870531822,-0.7818314824680304,0.6234898018587328,-0.5000000000000004,0.8660254037844384,1.0
2023-11-28,Jagung Pipil Kering,5700.0,5900.0,Jagung,Q3-2023,2023.0,9353.0426,81.16508426,75914.04907,28,11,2023,1.3333333333333333,1.4330749275707149,-0.04322501262439801,2.3949549630561258,-0.01312114870531822,-9.797174393178826e-16,1.0,-0.5000000000000004,0.8660254037844384,1.0
2023-11-29,Jagung Pipil Kering,5700.0,5900.0,Jagung,Q3-2023,2023.0,9353.0426,81.16508426,75914.04907,29,11,2023,1.3333333333333333,1.4330749275707149,-0.04322501262439801,2.3949549630561258,-0.01312114870531822,0.7818314824680291,0.6234898018587344,-0.5000000000000004,0.8660254037844384,1.0
2023-11-30,Jagung Pipil Kering,5700.0,5900.0,Jagung,Q3-2023,2023.0,9353.0426,81.16508426,75914.04907,30,11,2023,1.3333333333333333,1.4330749275707149,-0.04322501262439801,2.3949549630561258,-0.01312114870531822,0.9749279121818246,-0.22252093395630992,-0.5000000000000004,0.8660254037844384,1.0
2023-12-01,Jagung Pipil Kering,5700.0,5900.0,Jagung,Q3-2023,2023.0,9353.0426,81.16508426,75914.04907,1,12,2023,1.3333333333333333,1.4330749275707149,-0.04322501262439801,2.3949549630561258,-0.01312114870531822,0.7818314824680298,0.6234898018587336,-2.4492935982947064e-16,1.0,1.0
2023-12-02,Jagung Pipil Kering,5678.464957866673,5903.766098060778,Jagung,Q3-2023,2023.0,9353.0426,81.16508426,75914.04907,2,12,2023,1.3213694210370408,1.4354049313491375,-0.04322501262439801,2.3949549630561258,-0.01312114870531822,0.9749279121818236,-0.22252093395631434,-2.4492935982947064e-16,1.0,1.0
2023-12-03,Jagung Pipil Kering,5680.4952673412945,5901.087961649031,Jagung,Q3-2023,2023.0,9353.0426,81.16508426,75914.04907,3,12,2023,1.3224973707451635,1.4337480260169349,-0.04322501262439801,2.3949549630561258,-0.01312114870531822,0.43388373911755823,-0.900968867902419,-2.4492935982947064e-16,1.0,1.0
2023-12-04,Jagung Pipil Kering,5700.0,5900.0,Jagung,Q3-2023,2023.0,9353.0426,81.16508426,75914.04907,4,12,2023,1.3333333333333333,1.4330749275707149,-0.04322501262439801,2.3949549630561258,-0.01312114870531822,-0.433883739117558,-0.9009688679024191,-2.4492935982947064e-16,1.0,1.0
2023-12-05,Jagung Pipil Kering,5700.0,5900.0,Jagung,Q3-2023,2023.0,9353.0426,81.16508426,75914.04907,5,12,2023,1.3333333333333333,1.4330749275707149,-0.04322501262439801,2.3949549630561258,-0.01312114870531822,-0.9749279121818236,-0.2225209339563146,-2.4492935982947064e-16,1.0,1.0
2023-12-06,Jagung Pipil Kering,5700.0,5900.0,Jagung,Q3-2023,2023.0,9353.0426,81.16508426,75914.04907,6,12,2023,1.3333333333333333,1.4330749275707149,-0.04322501262439801,2.3949549630561258,-0.01312114870531822,-0.7818314824680299,0.6234898018587334,-2.4492935982947064e-16,1.0,1.0
2023-12-07,Jagung Pipil Kering,5700.0,5900.0,Jagung,Q3-2023,2023.0,9353.0426,81.16508426,75914.04907,7,12,2023,1.3333333333333333,1.4330749275707149,-0.04322501262439801,2.3949549630561258,-0.01312114870531822,-2.4492935982947064e-16,1.0,-2.4492935982947064e-16,1.0,1.0
2023-12-08,Jagung Pipil Kering,5700.0,5900.0,Jagung,Q3-2023,2023.0,9353.0426,81.16508426,75914.04907,8,12,2023,1.3333333333333333,1.4330749275707149,-0.04322501262439801,2.3949549630561258,-0.01312114870531822,0.7818314824680296,0.6234898018587337,-2.4492935982947064e-16,1.0,1.0
2023-12-09,Jagung Pipil Kering,5692.122423023787,5922.682161200197,Jagung,Q3-2023,2023.0,9353.0426,81.16508426,75914.04907,9,12,2023,1.3289569016798815,1.447107892312033,-0.04322501262439801,2.3949549630561258,-0.01312114870531822,0.9749279121818237,-0.2225209339563141,-2.4492935982947064e-16,1.0,1.0
2023-12-10,Jagung Pipil Kering,5692.043830133616,5922.346947082045,Jagung,Q3-2023,2023.0,9353.0426,81.16508426,75914.04907,10,12,2023,1.3289132389631202,1.4469005025549766,-0.04322501262439801,2.3949549630561258,-0.01312114870531822,0.43388373911755845,-0.9009688679024189,-2.4492935982947064e-16,1.0,1.0
2023-12-11,Jagung Pipil Kering,5700.0,5900.0,Jagung,Q3-2023,2023.0,9353.0426,81.16508426,75914.04907,11,12,2023,1.3333333333333333,1.4330749275707149,-0.04322501262439801,2.3949549630561258,-0.01312114870531822,-0.4338837391175562,-0.90096886790242,-2.4492935982947064e-16,1.0,1.0
2023-12-12,Jagung Pipil Kering,5700.0,5900.0,Jagung,Q3-2023,2023.0,9353.0426,81.16508426,75914.04907,12,12,2023,1.3333333333333333,1.4330749275707149,-0.04322501262439801,2.3949549630561258,-0.01312114870531822,-0.9749279121818235,-0.2225209339563148,-2.4492935982947064e-16,1.0,1.0
2023-12-13,Jagung Pipil Kering,5700.0,5900.0,Jagung,Q3-2023,2023.0,9353.0426,81.16508426,75914.04907,13,12,2023,1.3333333333333333,1.4330749275707149,-0.04322501262439801,2.3949549630561258,-0.01312114870531822,-0.781831482468029,0.6234898018587346,-2.4492935982947064e-16,1.0,1.0
2023-12-14,Jagung Pipil Kering,5700.0,5900.0,Jagung,Q3-2023,2023.0,9353.0426,81.16508426,75914.04907,14,12,2023,1.3333333333333333,1.4330749275707149,-0.04322501262439801,2.3949549630561258,-0.01312114870531822,-4.898587196589413e-16,1.0,-2.4492935982947064e-16,1.0,1.0
2023-12-15,Jagung Pipil Kering,5700.0,5900.0,Jagung,Q3-2023,2023.0,9353.0426,81.16508426,75914.04907,15,12,2023,1.3333333333333333,1.4330749275707149,-0.04322501262439801,2.3949549630561258,-0.01312114870531822,0.7818314824680284,0.6234898018587354,-2.4492935982947064e-16,1.0,1.0
2023-12-16,Jagung Pipil Kering,5695.339085094946,5919.934486213018,Jagung,Q3-2023,2023.0,9353.0426,81.16508426,75914.04907,16,12,2023,1.330743936163859,1.4454079649605185,-0.04322501262439801,2.3949549630561258,-0.01312114870531822,0.9749279121818237,-0.22252093395631387,-2.4492935982947064e-16,1.0,1.0
2023-12-17,Jagung Pipil Kering,5696.6101390118565,5921.064481486491,Jagung,Q3-2023,2023.0,9353.0426,81.16508426,75914.04907,17,12,2023,1.3314500772288091,1.4461070687051105,-0.04322501262439801,2.3949549630561258,-0.01312114870531822,0.43388373911755707,-0.9009688679024196,-2.4492935982947064e-16,1.0,1.0
2023-12-18,Jagung Pipil Kering,5700.0,5900.0,Jagung,Q3-2023,2023.0,9353.0426,81.16508426,75914.04907,18,12,2023,1.3333333333333333,1.4330749275707149,-0.04322501262439801,2.3949549630561258,-0.01312114870531822,-0.43388373911755757,-0.9009688679024194,-2.4492935982947064e-16,1.0,1.0
2023-12-19,Jagung Pipil Kering,5700.0,5900.0,Jagung,Q3-2023,2023.0,9353.0426,81.16508426,75914.04907,19,12,2023,1.3333333333333333,1.4330749275707149,-0.04322501262439801,2.3949549630561258,-0.01312114870531822,-0.9749279121818235,-0.22252093395631506,-2.4492935982947064e-16,1.0,1.0
2023-12-20,Jagung Pipil Kering,5700.0,5900.0,Jagung,Q3-2023,2023.0,9353.0426,81.16508426,75914.04907,20,12,2023,1.3333333333333333,1.4330749275707149,-0.04322501262439801,2.3949549630561258,-0.01312114870531822,-0.7818314824680302,0.6234898018587329,-2.4492935982947064e-16,1.0,1.0
2023-12-21,Jagung Pipil Kering,5700.0,5900.0,Jagung,Q3-2023,2023.0,9353.0426,81.16508426,75914.04907,21,12,2023,1.3333333333333333,1.4330749275707149,-0.04322501262439801,2.3949549630561258,-0.01312114870531822,-7.347880794884119e-16,1.0,-2.4492935982947064e-16,1.0,1.0
2023-12-22,Jagung Pipil Kering,5700.0,5900.0,Jagung,Q3-2023,2023.0,9353.0426,81.16508426,75914.04907,22,12,2023,1.3333333333333333,1.4330749275707149,-0.04322501262439801,2.3949549630561258,-0.01312114870531822,0.7818314824680271,0.6234898018587369,-2.4492935982947064e-16,1.0,1.0
2023-12-23,Jagung Pipil Kering,5688.431641212042,5936.156429106659,Jagung,Q3-2023,2023.0,9353.0426,81.16508426,75914.04907,23,12,2023,1.3269064673400235,1.4554441317372606,-0.04322501262439801,2.3949549630561258,-0.01312114870531822,0.9749279121818238,-0.22252093395631362,-2.4492935982947064e-16,1.0,1.0
2023-12-24,Jagung Pipil Kering,5695.5290281632115,5962.11037113287,Jagung,Q3-2023,2023.0,9353.0426,81.16508426,75914.04907,24,12,2023,1.330849460090673,1.471501276827512,-0.04322501262439801,2.3949549630561258,-0.01312114870531822,0.4338837391175589,-0.9009688679024188,-2.4492935982947064e-16,1.0,1.0
2023-12-25,Jagung Pipil Kering,5718.188766970262,5963.6259539073935,Jagung,Q3-2023,2023.0,9353.0426,81.16508426,75914.04907,25,12,2023,1.343438203872368,1.472438935256518,-0.04322501262439801,2.3949549630561258,-0.01312114870531822,-0.43388373911755734,-0.9009688679024195,-2.4492935982947064e-16,1.0,1.0
2023-12-26,Jagung Pipil Kering,5700.0,6000.0,Jagung,Q3-2023,2023.0,9353.0426,81.16508426,75914.04907,26,12,2023,1.3333333333333333,1.4949427743665313,-0.04322501262439801,2.3949549630561258,-0.01312114870531822,-0.9749279121818242,-0.22252093395631184,-2.4492935982947064e-16,1.0,1.0
2023-12-27,Jagung Pipil Kering,5700.0,6000.0,Jagung,Q3-2023,2023.0,9353.0426,81.16508426,75914.04907,27,12,2023,1.3333333333333333,1.4949427743665313,-0.04322501262439801,2.3949549630561258,-0.01312114870531822,-0.7818314824680304,0.6234898018587328,-2.4492935982947064e-16,1.0,1.0
2023-12-28,Jagung Pipil Kering,5700.0,6000.0,Jagung,Q3-2023,2023.0,9353.0426,81.16508426,75914.04907,28,12,2023,1.3333333333333333,1.4949427743665313,-0.04322501262439801,2.3949549630561258,-0.01312114870531822,-9.797174393178826e-16,1.0,-2.4492935982947064e-16,1.0,1.0
2023-12-29,Jagung Pipil Kering,5700.0,6000.0,Jagung,Q3-2023,2023.0,9353.0426,81.16508426,75914.04907,29,12,2023,1.3333333333333333,1.4949427743665313,-0.04322501262439801,2.3949549630561258,-0.01312114870531822,0.7818314824680291,0.6234898018587344,-2.4492935982947064e-16,1.0,1.0
2023-12-30,Jagung Pipil Kering,5700.0,6000.0,Jagung,Q3-2023,2023.0,9353.0426,81.16508426,75914.04907,30,12,2023,1.3333333333333333,1.4949427743665313,-0.04322501262439801,2.3949549630561258,-0.01312114870531822,0.9749279121818246,-0.22252093395630992,-2.4492935982947064e-16,1.0,1.0
2023-12-31,Jagung Pipil Kering,5709.775822708036,5941.989434621768,Jagung,Q3-2023,2023.0,9353.0426,81.16508426,75914.04907,31,12,2023,1.3387643459489087,1.4590528866529398,-0.04322501262439801,2.3949549630561258,-0.01312114870531822,0.4338837391175591,-0.9009688679024187,-2.4492935982947064e-16,1.0,1.0
