Tanggal,Komoditi,Harga Petani,Harga Pengecer,Tipe,Periode,tahun,Luas Panen,Produktivitas,Produksi,Hari,Bulan,Tahun,harga_petani_scaled,harga_pengecer_scaled,luas_panen_scaled,produktivitas_scaled,produksi_scaled,hari_sin,hari_cos,bulan_sin,bulan_cos,tahun_norm
2022-01-01,Beras Premium,9499.999997639217,9999.999978177066,Padi,Q1-2022,2022.0,38556.619999999995,55.20358781,212846.3758,1,1,2022,2.1312035536347196e-05,0.12220469630046527,1.0,0.204491273721775,1.0,0.7818314824680298,0.6234898018587336,0.49999999999999994,0.8660254037844387,0.0
2022-01-02,Beras Premium,9499.999997978282,9999.999959338178,Padi,Q1-2022,2022.0,38556.619999999995,55.20358781,212846.3758,2,1,2022,2.1312262221684364e-05,0.12220468776881788,1.0,0.204491273721775,1.0,0.9749279121818236,-0.22252093395631434,0.49999999999999994,0.8660254037844387,0.0
2022-01-03,Beras Premium,9500.0,10000.0,Padi,Q1-2022,2022.0,38556.619999999995,55.20358781,212846.3758,3,1,2022,2.1313613861373426e-05,0.12220470618350987,1.0,0.204491273721775,1.0,0.43388373911755823,-0.900968867902419,0.49999999999999994,0.8660254037844387,0.0
2022-01-04,Beras Premium,9500.0,10000.0,Padi,Q1-2022,2022.0,38556.619999999995,55.20358781,212846.3758,4,1,2022,2.1313613861373426e-05,0.12220470618350987,1.0,0.204491273721775,1.0,-0.433883739117558,-0.9009688679024191,0.49999999999999994,0.8660254037844387,0.0
2022-01-05,Beras Premium,9500.0,10000.0,Padi,Q1-2022,2022.0,38556.619999999995,55.20358781,212846.3758,5,1,2022,2.1313613861373426e-05,0.12220470618350987,1.0,0.204491273721775,1.0,-0.9749279121818236,-0.2225209339563146,0.49999999999999994,0.8660254037844387,0.0
2022-01-06,Beras Premium,9500.0,10000.0,Padi,Q1-2022,2022.0,38556.619999999995,55.20358781,212846.3758,6,1,2022,2.1313613861373426e-05,0.12220470618350987,1.0,0.204491273721775,1.0,-0.7818314824680299,0.6234898018587334,0.49999999999999994,0.8660254037844387,0.0
2022-01-07,Beras Premium,9500.0,10000.0,Padi,Q1-2022,2022.0,38556.619999999995,55.20358781,212846.3758,7,1,2022,2.1313613861373426e-05,0.12220470618350987,1.0,0.204491273721775,1.0,-2.4492935982947064e-16,1.0,0.49999999999999994,0.8660254037844387,0.0
2022-01-08,Beras Premium,9500.000000241393,9999.999912821704,Padi,Q1-2022,2022.0,38556.619999999995,55.20358781,212846.3758,8,1,2022,2.1313775246945e-05,0.12220466670270547,1.0,0.204491273721775,1.0,0.7818314824680296,0.6234898018587337,0.49999999999999994,0.8660254037844387,0.0
2022-01-09,Beras Premium,9500.000000610858,9999.999917024023,Padi,Q1-2022,2022.0,38556.619999999995,55.20358781,212846.3758,9,1,2022,2.1314022257357124e-05,0.12220466860582757,1.0,0.204491273721775,1.0,0.9749279121818237,-0.2225209339563141,0.49999999999999994,0.8660254037844387,0.0
2022-01-10,Beras Premium,9500.0,10000.0,Padi,Q1-2022,2022.0,38556.619999999995,55.20358781,212846.3758,10,1,2022,2.1313613861373426e-05,0.12220470618350987,1.0,0.204491273721775,1.0,0.43388373911755845,-0.9009688679024189,0.49999999999999994,0.8660254037844387,0.0
2022-01-11,Beras Premium,9500.0,10000.0,Padi,Q1-2022,2022.0,38556.619999999995,55.20358781,212846.3758,11,1,2022,2.1313613861373426e-05,0.12220470618350987,1.0,0.204491273721775,1.0,-0.4338837391175562,-0.90096886790242,0.49999999999999994,0.8660254037844387,0.0
2022-01-12,Beras Premium,9500.0,10000.0,Padi,Q1-2022,2022.0,38556.619999999995,55.20358781,212846.3758,12,1,2022,2.1313613861373426e-05,0.12220470618350987,1.0,0.204491273721775,1.0,-0.9749279121818235,-0.2225209339563148,0.49999999999999994,0.8660254037844387,0.0
2022-01-13,Beras Premium,9500.0,10000.0,Padi,Q1-2022,2022.0,38556.619999999995,55.20358781,212846.3758,13,1,2022,2.1313613861373426e-05,0.12220470618350987,1.0,0.204491273721775,1.0,-0.781831482468029,0.6234898018587346,0.49999999999999994,0.8660254037844387,0.0
2022-01-14,Beras Premium,9500.0,10000.0,Padi,Q1-2022,2022.0,38556.619999999995,55.20358781,212846.3758,14,1,2022,2.1313613861373426e-05,0.12220470618350987,1.0,0.204491273721775,1.0,-4.898587196589413e-16,1.0,0.49999999999999994,0.8660254037844387,0.0
2022-01-15,Beras Premium,9500.000002106244,9999.999977820024,Padi,Q1-2022,2022.0,38556.619999999995,55.20358781,212846.3758,15,1,2022,2.13150220131908e-05,0.12220469613876972,1.0,0.204491273721775,1.0,0.7818314824680284,0.6234898018587354,0.49999999999999994,0.8660254037844387,0.0
2022-01-16,Beras Premium,9500.000002155764,9999.999994557278,Padi,Q1-2022,2022.0,38556.619999999995,55.20358781,212846.3758,16,1,2022,2.1315055120041393e-05,0.12220470371864067,1.0,0.204491273721775,1.0,0.9749279121818237,-0.22252093395631387,0.49999999999999994,0.8660254037844387,0.0
2022-01-17,Beras Premium,9500.0,10000.0,Padi,Q1-2022,2022.0,38556.619999999995,55.20358781,212846.3758,17,1,2022,2.1313613861373426e-05,0.12220470618350987,1.0,0.204491273721775,1.0,0.43388373911755707,-0.9009688679024196,0.49999999999999994,0.8660254037844387,0.0
2022-01-18,Beras Premium,9500.0,10000.0,Padi,Q1-2022,2022.0,38556.619999999995,55.20358781,212846.3758,18,1,2022,2.1313613861373426e-05,0.12220470618350987,1.0,0.204491273721775,1.0,-0.43388373911755757,-0.9009688679024194,0.49999999999999994,0.8660254037844387,0.0
2022-01-19,Beras Premium,9500.0,10000.0,Padi,Q1-2022,2022.0,38556.619999999995,55.20358781,212846.3758,19,1,2022,2.1313613861373426e-05,0.12220470618350987,1.0,0.204491273721775,1.0,-0.9749279121818235,-0.22252093395631506,0.49999999999999994,0.8660254037844387,0.0
2022-01-20,Beras Premium,9500.0,10000.0,Padi,Q1-2022,2022.0,38556.619999999995,55.20358781,212846.3758,20,1,2022,2.1313613861373426e-05,0.12220470618350987,1.0,0.204491273721775,1.0,-0.7818314824680302,0.6234898018587329,0.49999999999999994,0.8660254037844387,0.0
2022-01-21,Beras Premium,9500.0,10000.0,Padi,Q1-2022,2022.0,38556.619999999995,55.20358781,212846.3758,21,1,2022,2.1313613861373426e-05,0.12220470618350987,1.0,0.204491273721775,1.0,-7.347880794884119e-16,1.0,0.49999999999999994,0.8660254037844387,0.0
2022-01-22,Beras Premium,9500.00000061187,10000.000152139284,Padi,Q1-2022,2022.0,38556.619999999995,55.20358781,212846.3758,22,1,2022,2.131402293414908e-05,0.12220477508347116,1.0,0.204491273721775,1.0,0.7818314824680271,0.6234898018587369,0.49999999999999994,0.8660254037844387,0.0
2022-01-23,Beras Premium,9500.000000005331,10000.000188729786,Padi,Q1-2022,2022.0,38556.619999999995,55.20358781,212846.3758,23,1,2022,2.1313617426521603e-05,0.12220479165436693,1.0,0.204491273721775,1.0,0.9749279121818238,-0.22252093395631362,0.49999999999999994,0.8660254037844387,0.0
2022-01-24,Beras Premium,9500.0,10000.0,Padi,Q1-2022,2022.0,38556.619999999995,55.20358781,212846.3758,24,1,2022,2.1313613861373426e-05,0.12220470618350987,1.0,0.204491273721775,1.0,0.4338837391175589,-0.9009688679024188,0.49999999999999994,0.8660254037844387,0.0
2022-01-25,Beras Premium,9500.0,10000.0,Padi,Q1-2022,2022.0,38556.619999999995,55.20358781,212846.3758,25,1,2022,2.1313613861373426e-05,0.12220470618350987,1.0,0.204491273721775,1.0,-0.43388373911755734,-0.9009688679024195,0.49999999999999994,0.8660254037844387,0.0
2022-01-26,Beras Premium,9500.0,10000.0,Padi,Q1-2022,2022.0,38556.619999999995,55.20358781,212846.3758,26,1,2022,2.1313613861373426e-05,0.12220470618350987,1.0,0.204491273721775,1.0,-0.9749279121818242,-0.22252093395631184,0.49999999999999994,0.8660254037844387,0.0
2022-01-27,Beras Premium,9500.0,10000.0,Padi,Q1-2022,2022.0,38556.619999999995,55.20358781,212846.3758,27,1,2022,2.1313613861373426e-05,0.12220470618350987,1.0,0.204491273721775,1.0,-0.7818314824680304,0.6234898018587328,0.49999999999999994,0.8660254037844387,0.0
2022-01-28,Beras Premium,9500.0,10000.0,Padi,Q1-2022,2022.0,38556.619999999995,55.20358781,212846.3758,28,1,2022,2.1313613861373426e-05,0.12220470618350987,1.0,0.204491273721775,1.0,-9.797174393178826e-16,1.0,0.49999999999999994,0.8660254037844387,0.0
2022-01-29,Beras Premium,9500.0,10000.0,Padi,Q1-2022,2022.0,38556.619999999995,55.20358781,212846.3758,29,1,2022,2.1313613861373426e-05,0.12220470618350987,1.0,0.204491273721775,1.0,0.7818314824680291,0.6234898018587344,0.49999999999999994,0.8660254037844387,0.0
2022-01-30,Beras Premium,9500.0,10000.0,Padi,Q1-2022,2022.0,38556.619999999995,55.20358781,212846.3758,30,1,2022,2.1313613861373426e-05,0.12220470618350987,1.0,0.204491273721775,1.0,0.9749279121818246,-0.22252093395630992,0.49999999999999994,0.8660254037844387,0.0
2022-01-31,Beras Premium,9500.0,10000.0,Padi,Q1-2022,2022.0,38556.619999999995,55.20358781,212846.3758,31,1,2022,2.1313613861373426e-05,0.12220470618350987,1.0,0.204491273721775,1.0,0.4338837391175591,-0.9009688679024187,0.49999999999999994,0.8660254037844387,0.0
2022-02-01,Beras Premium,9499.999999218893,9999.999815503468,Padi,Q1-2022,2022.0,38556.619999999995,55.20358781,212846.3758,1,2,2022,2.1313091644437065e-05,0.12220462262978415,1.0,0.204491273721775,1.0,0.7818314824680298,0.6234898018587336,0.8660254037844386,0.5000000000000001,0.0
2022-02-02,Beras Premium,9500.0,10000.0,Padi,Q1-2022,2022.0,38556.619999999995,55.20358781,212846.3758,2,2,2022,2.1313613861373426e-05,0.12220470618350987,1.0,0.204491273721775,1.0,0.9749279121818236,-0.22252093395631434,0.8660254037844386,0.5000000000000001,0.0
2022-02-03,Beras Premium,9500.0,10000.0,Padi,Q1-2022,2022.0,38556.619999999995,55.20358781,212846.3758,3,2,2022,2.1313613861373426e-05,0.12220470618350987,1.0,0.204491273721775,1.0,0.43388373911755823,-0.900968867902419,0.8660254037844386,0.5000000000000001,0.0
2022-02-04,Beras Premium,9500.0,10000.0,Padi,Q1-2022,2022.0,38556.619999999995,55.20358781,212846.3758,4,2,2022,2.1313613861373426e-05,0.12220470618350987,1.0,0.204491273721775,1.0,-0.433883739117558,-0.9009688679024191,0.8660254037844386,0.5000000000000001,0.0
2022-02-05,Beras Premium,9499.999999801761,9999.999835487753,Padi,Q1-2022,2022.0,38556.619999999995,55.20358781,212846.3758,5,2,2022,2.131348132738964e-05,0.12220463168015172,1.0,0.204491273721775,1.0,-0.9749279121818236,-0.2225209339563146,0.8660254037844386,0.5000000000000001,0.0
2022-02-06,Beras Premium,9499.999999951735,9999.999854192754,Padi,Q1-2022,2022.0,38556.619999999995,55.20358781,212846.3758,6,2,2022,2.131358159385144e-05,0.12220464015116494,1.0,0.204491273721775,1.0,-0.7818314824680299,0.6234898018587334,0.8660254037844386,0.5000000000000001,0.0
2022-02-07,Beras Premium,9500.0,10000.0,Padi,Q1-2022,2022.0,38556.619999999995,55.20358781,212846.3758,7,2,2022,2.1313613861373426e-05,0.12220470618350987,1.0,0.204491273721775,1.0,-2.4492935982947064e-16,1.0,0.8660254037844386,0.5000000000000001,0.0
2022-02-08,Beras Premium,9500.0,10000.0,Padi,Q1-2022,2022.0,38556.619999999995,55.20358781,212846.3758,8,2,2022,2.1313613861373426e-05,0.12220470618350987,1.0,0.204491273721775,1.0,0.7818314824680296,0.6234898018587337,0.8660254037844386,0.5000000000000001,0.0
2022-02-09,Beras Premium,9500.0,10000.0,Padi,Q1-2022,2022.0,38556.619999999995,55.20358781,212846.3758,9,2,2022,2.1313613861373426e-05,0.12220470618350987,1.0,0.204491273721775,1.0,0.9749279121818237,-0.2225209339563141,0.8660254037844386,0.5000000000000001,0.0
2022-02-10,Beras Premium,9500.0,10000.0,Padi,Q1-2022,2022.0,38556.619999999995,55.20358781,212846.3758,10,2,2022,2.1313613861373426e-05,0.12220470618350987,1.0,0.204491273721775,1.0,0.43388373911755845,-0.9009688679024189,0.8660254037844386,0.5000000000000001,0.0
2022-02-11,Beras Premium,9500.0,10000.0,Padi,Q1-2022,2022.0,38556.619999999995,55.20358781,212846.3758,11,2,2022,2.1313613861373426e-05,0.12220470618350987,1.0,0.204491273721775,1.0,-0.4338837391175562,-0.90096886790242,0.8660254037844386,0.5000000000000001,0.0
2022-02-12,Beras Premium,9500.000000729644,9999.999912497098,Padi,Q1-2022,2022.0,38556.619999999995,55.20358781,212846.3758,12,2,2022,2.1314101672942343e-05,0.1222046665556995,1.0,0.204491273721775,1.0,-0.9749279121818235,-0.2225209339563148,0.8660254037844386,0.5000000000000001,0.0
2022-02-13,Beras Premium,9500.000000818485,9999.999924132344,Padi,Q1-2022,2022.0,38556.619999999995,55.20358781,212846.3758,13,2,2022,2.1314161068985982e-05,0.12220467182500272,1.0,0.204491273721775,1.0,-0.781831482468029,0.6234898018587346,0.8660254037844386,0.5000000000000001,0.0
2022-02-14,Beras Premium,9500.0,10000.0,Padi,Q1-2022,2022.0,38556.619999999995,55.20358781,212846.3758,14,2,2022,2.1313613861373426e-05,0.12220470618350987,1.0,0.204491273721775,1.0,-4.898587196589413e-16,1.0,0.8660254037844386,0.5000000000000001,0.0
2022-02-15,Beras Premium,9500.0,10000.0,Padi,Q1-2022,2022.0,38556.619999999995,55.20358781,212846.3758,15,2,2022,2.1313613861373426e-05,0.12220470618350987,1.0,0.204491273721775,1.0,0.7818314824680284,0.6234898018587354,0.8660254037844386,0.5000000000000001,0.0
2022-02-16,Beras Premium,9500.0,10000.0,Padi,Q1-2022,2022.0,38556.619999999995,55.20358781,212846.3758,16,2,2022,2.1313613861373426e-05,0.12220470618350987,1.0,0.204491273721775,1.0,0.9749279121818237,-0.22252093395631387,0.8660254037844386,0.5000000000000001,0.0
2022-02-17,Beras Premium,9500.0,10000.0,Padi,Q1-2022,2022.0,38556.619999999995,55.20358781,212846.3758,17,2,2022,2.1313613861373426e-05,0.12220470618350987,1.0,0.204491273721775,1.0,0.43388373911755707,-0.9009688679024196,0.8660254037844386,0.5000000000000001,0.0
2022-02-18,Beras Premium,9500.0,10000.0,Padi,Q1-2022,2022.0,38556.619999999995,55.20358781,212846.3758,18,2,2022,2.1313613861373426e-05,0.12220470618350987,1.0,0.204491273721775,1.0,-0.43388373911755757,-0.9009688679024194,0.8660254037844386,0.5000000000000001,0.0
2022-02-19,Beras Premium,9500.000000958058,10000.000001942943,Padi,Q1-2022,2022.0,38556.619999999995,55.20358781,212846.3758,19,2,2022,2.1314254381010755e-05,0.12220470706341846,1.0,0.204491273721775,1.0,-0.9749279121818235,-0.22252093395631506,0.8660254037844386,0.5000000000000001,0.0
2022-02-20,Beras Premium,9500.000000906368,10000.0000162049,Padi,Q1-2022,2022.0,38556.619999999995,55.20358781,212846.3758,20,2,2022,2.1314219823764802e-05,0.12220471352229101,1.0,0.204491273721775,1.0,-0.7818314824680302,0.6234898018587329,0.8660254037844386,0.5000000000000001,0.0
2022-02-21,Beras Premium,9500.0,10000.0,Padi,Q1-2022,2022.0,38556.619999999995,55.20358781,212846.3758,21,2,2022,2.1313613861373426e-05,0.12220470618350987,1.0,0.204491273721775,1.0,-7.347880794884119e-16,1.0,0.8660254037844386,0.5000000000000001,0.0
2022-02-22,Beras Premium,9500.0,10000.0,Padi,Q1-2022,2022.0,38556.619999999995,55.20358781,212846.3758,22,2,2022,2.1313613861373426e-05,0.12220470618350987,1.0,0.204491273721775,1.0,0.7818314824680271,0.6234898018587369,0.8660254037844386,0.5000000000000001,0.0
2022-02-23,Beras Premium,9500.0,10000.0,Padi,Q1-2022,2022.0,38556.619999999995,55.20358781,212846.3758,23,2,2022,2.1313613861373426e-05,0.12220470618350987,1.0,0.204491273721775,1.0,0.9749279121818238,-0.22252093395631362,0.8660254037844386,0.5000000000000001,0.0
2022-02-24,Beras Premium,9500.0,10000.0,Padi,Q1-2022,2022.0,38556.619999999995,55.20358781,212846.3758,24,2,2022,2.1313613861373426e-05,0.12220470618350987,1.0,0.204491273721775,1.0,0.4338837391175589,-0.9009688679024188,0.8660254037844386,0.5000000000000001,0.0
2022-02-25,Beras Premium,9500.0,10000.0,Padi,Q1-2022,2022.0,38556.619999999995,55.20358781,212846.3758,25,2,2022,2.1313613861373426e-05,0.12220470618350987,1.0,0.204491273721775,1.0,-0.43388373911755734,-0.9009688679024195,0.8660254037844386,0.5000000000000001,0.0
2022-02-26,Beras Premium,9500.000000120264,10000.000107497457,Padi,Q1-2022,2022.0,38556.619999999995,55.20358781,212846.3758,26,2,2022,2.1313694265501226e-05,0.1222047548663383,1.0,0.204491273721775,1.0,-0.9749279121818242,-0.22252093395631184,0.8660254037844386,0.5000000000000001,0.0
2022-02-27,Beras Premium,9500.000000018992,10000.000123572992,Padi,Q1-2022,2022.0,38556.619999999995,55.20358781,212846.3758,27,2,2022,2.1313626558772114e-05,0.12220476214653342,1.0,0.204491273721775,1.0,-0.7818314824680304,0.6234898018587328,0.8660254037844386,0.5000000000000001,0.0
2022-02-28,Beras Premium,9499.99999998498,10000.00013990121,Padi,Q1-2022,2022.0,38556.619999999995,55.20358781,212846.3758,28,2,2022,2.131360382051639e-05,0.12220476954116322,1.0,0.204491273721775,1.0,-9.797174393178826e-16,1.0,0.8660254037844386,0.5000000000000001,0.0
2022-03-01,Beras Premium,9500.000000024096,9999.99990422349,Padi,Q1-2022,2022.0,38556.619999999995,55.20358781,212846.3758,1,3,2022,2.1313629971153603e-05,0.12220466280879627,1.0,0.204491273721775,1.0,0.7818314824680298,0.6234898018587336,1.0,6.123233995736766e-17,0.0
2022-03-02,Beras Premium,9500.0,10000.0,Padi,Q1-2022,2022.0,38556.619999999995,55.20358781,212846.3758,2,3,2022,2.1313613861373426e-05,0.12220470618350987,1.0,0.204491273721775,1.0,0.9749279121818236,-0.22252093395631434,1.0,6.123233995736766e-17,0.0
2022-03-03,Beras Premium,9499.999999738218,9999.99995811444,Padi,Q1-2022,2022.0,38556.619999999995,55.20358781,212846.3758,3,3,2022,2.1313438844927646e-05,0.12220468721461852,1.0,0.204491273721775,1.0,0.43388373911755823,-0.900968867902419,1.0,6.123233995736766e-17,0.0
2022-03-04,Beras Premium,9500.0,10000.0,Padi,Q1-2022,2022.0,38556.619999999995,55.20358781,212846.3758,4,3,2022,2.1313613861373426e-05,0.12220470618350987,1.0,0.204491273721775,1.0,-0.433883739117558,-0.9009688679024191,1.0,6.123233995736766e-17,0.0
2022-03-05,Beras Premium,9499.999999459773,9999.999986421011,Padi,Q1-2022,2022.0,38556.619999999995,55.20358781,212846.3758,5,3,2022,2.131325268717177e-05,0.12220470003393569,1.0,0.204491273721775,1.0,-0.9749279121818236,-0.2225209339563146,1.0,6.123233995736766e-17,0.0
2022-03-06,Beras Premium,9499.999999299438,10000.000084708685,Padi,Q1-2022,2022.0,38556.619999999995,55.20358781,212846.3758,6,3,2022,2.1313145493806473e-05,0.1222047445458907,1.0,0.204491273721775,1.0,-0.7818314824680299,0.6234898018587334,1.0,6.123233995736766e-17,0.0
2022-03-07,Beras Premium,9499.999999132164,10000.00009729049,Padi,Q1-2022,2022.0,38556.619999999995,55.20358781,212846.3758,7,3,2022,2.1313033660597114e-05,0.12220475024386612,1.0,0.204491273721775,1.0,-2.4492935982947064e-16,1.0,1.0,6.123233995736766e-17,0.0
2022-03-08,Beras Premium,9500.0,10000.0,Padi,Q1-2022,2022.0,38556.619999999995,55.20358781,212846.3758,8,3,2022,2.1313613861373426e-05,0.12220470618350987,1.0,0.204491273721775,1.0,0.7818314824680296,0.6234898018587337,1.0,6.123233995736766e-17,0.0
2022-03-09,Beras Premium,9500.0,10000.0,Padi,Q1-2022,2022.0,38556.619999999995,55.20358781,212846.3758,9,3,2022,2.1313613861373426e-05,0.12220470618350987,1.0,0.204491273721775,1.0,0.9749279121818237,-0.2225209339563141,1.0,6.123233995736766e-17,0.0
2022-03-10,Beras Premium,9500.0,10000.0,Padi,Q1-2022,2022.0,38556.619999999995,55.20358781,212846.3758,10,3,2022,2.1313613861373426e-05,0.12220470618350987,1.0,0.204491273721775,1.0,0.43388373911755845,-0.9009688679024189,1.0,6.123233995736766e-17,0.0
2022-03-11,Beras Premium,9499.999998531533,10000.000056342984,Padi,Q1-2022,2022.0,38556.619999999995,55.20358781,212846.3758,11,3,2022,2.1312632103587248e-05,0.12220473169979496,1.0,0.204491273721775,1.0,-0.4338837391175562,-0.90096886790242,1.0,6.123233995736766e-17,0.0
2022-03-12,Beras Premium,9499.999998436668,10000.000053320868,Padi,Q1-2022,2022.0,38556.619999999995,55.20358781,212846.3758,12,3,2022,2.1312568679654476e-05,0.12220473033115642,1.0,0.204491273721775,1.0,-0.9749279121818235,-0.2225209339563148,1.0,6.123233995736766e-17,0.0
2022-03-13,Beras Premium,9499.999998379788,10000.000047823258,Padi,Q1-2022,2022.0,38556.619999999995,55.20358781,212846.3758,13,3,2022,2.1312530652295436e-05,0.12220472784143066,1.0,0.204491273721775,1.0,-0.781831482468029,0.6234898018587346,1.0,6.123233995736766e-17,0.0
2022-03-14,Beras Premium,9500.0,10000.0,Padi,Q1-2022,2022.0,38556.619999999995,55.20358781,212846.3758,14,3,2022,2.1313613861373426e-05,0.12220470618350987,1.0,0.204491273721775,1.0,-4.898587196589413e-16,1.0,1.0,6.123233995736766e-17,0.0
2022-03-15,Beras Premium,9500.0,10000.0,Padi,Q1-2022,2022.0,38556.619999999995,55.20358781,212846.3758,15,3,2022,2.1313613861373426e-05,0.12220470618350987,1.0,0.204491273721775,1.0,0.7818314824680284,0.6234898018587354,1.0,6.123233995736766e-17,0.0
2022-03-16,Beras Premium,9500.0,10000.0,Padi,Q1-2022,2022.0,38556.619999999995,55.20358781,212846.3758,16,3,2022,2.1313613861373426e-05,0.12220470618350987,1.0,0.204491273721775,1.0,0.9749279121818237,-0.22252093395631387,1.0,6.123233995736766e-17,0.0
2022-03-17,Beras Premium,9500.0,10000.0,Padi,Q1-2022,2022.0,38556.619999999995,55.20358781,212846.3758,17,3,2022,2.1313613861373426e-05,0.12220470618350987,1.0,0.204491273721775,1.0,0.43388373911755707,-0.9009688679024196,1.0,6.123233995736766e-17,0.0
2022-03-18,Beras Premium,9500.0,10000.0,Padi,Q1-2022,2022.0,38556.619999999995,55.20358781,212846.3758,18,3,2022,2.1313613861373426e-05,0.12220470618350987,1.0,0.204491273721775,1.0,-0.43388373911755757,-0.9009688679024194,1.0,6.123233995736766e-17,0.0
2022-03-19,Beras Premium,9499.999999243983,9999.999957283555,Padi,Q1-2022,2022.0,38556.619999999995,55.20358781,212846.3758,19,3,2022,2.13131084185747e-05,0.12220468683833197,1.0,0.204491273721775,1.0,-0.9749279121818235,-0.22252093395631506,1.0,6.123233995736766e-17,0.0
2022-03-20,Beras Premium,9499.999999643,9999.999931737508,Padi,Q1-2022,2022.0,38556.619999999995,55.20358781,212846.3758,20,3,2022,2.1313375185627592e-05,0.12220467526918544,1.0,0.204491273721775,1.0,-0.7818314824680302,0.6234898018587329,1.0,6.123233995736766e-17,0.0
2022-03-21,Beras Premium,9500.0,10000.0,Padi,Q1-2022,2022.0,38556.619999999995,55.20358781,212846.3758,21,3,2022,2.1313613861373426e-05,0.12220470618350987,1.0,0.204491273721775,1.0,-7.347880794884119e-16,1.0,1.0,6.123233995736766e-17,0.0
2022-03-22,Beras Premium,9500.0,10000.0,Padi,Q1-2022,2022.0,38556.619999999995,55.20358781,212846.3758,22,3,2022,2.1313613861373426e-05,0.12220470618350987,1.0,0.204491273721775,1.0,0.7818314824680271,0.6234898018587369,1.0,6.123233995736766e-17,0.0
2022-03-23,Beras Premium,9500.0,10000.0,Padi,Q1-2022,2022.0,38556.619999999995,55.20358781,212846.3758,23,3,2022,2.1313613861373426e-05,0.12220470618350987,1.0,0.204491273721775,1.0,0.9749279121818238,-0.22252093395631362,1.0,6.123233995736766e-17,0.0
2022-03-24,Beras Premium,9500.0,10000.0,Padi,Q1-2022,2022.0,38556.619999999995,55.20358781,212846.3758,24,3,2022,2.1313613861373426e-05,0.12220470618350987,1.0,0.204491273721775,1.0,0.4338837391175589,-0.9009688679024188,1.0,6.123233995736766e-17,0.0
2022-03-25,Beras Premium,9500.0,10000.0,Padi,Q1-2022,2022.0,38556.619999999995,55.20358781,212846.3758,25,3,2022,2.1313613861373426e-05,0.12220470618350987,1.0,0.204491273721775,1.0,-0.43388373911755734,-0.9009688679024195,1.0,6.123233995736766e-17,0.0
2022-03-26,Beras Premium,9500.000003728299,9999.99971696459,Padi,Q1-2022,2022.0,38556.619999999995,55.20358781,212846.3758,26,3,2022,2.1316106455060435e-05,0.12220457800406503,1.0,0.204491273721775,1.0,-0.9749279121818242,-0.22252093395631184,1.0,6.123233995736766e-17,0.0
2022-03-27,Beras Premium,9500.000004606087,9999.999674221792,Padi,Q1-2022,2022.0,38556.619999999995,55.20358781,212846.3758,27,3,2022,2.131669330918129e-05,0.12220455864695268,1.0,0.204491273721775,1.0,-0.7818314824680304,0.6234898018587328,1.0,6.123233995736766e-17,0.0
2022-03-28,Beras Premium,9500.0,10000.0,Padi,Q1-2022,2022.0,38556.619999999995,55.20358781,212846.3758,28,3,2022,2.1313613861373426e-05,0.12220470618350987,1.0,0.204491273721775,1.0,-9.797174393178826e-16,1.0,1.0,6.123233995736766e-17,0.0
2022-03-29,Beras Premium,9500.0,10000.0,Padi,Q1-2022,2022.0,38556.619999999995,55.20358781,212846.3758,29,3,2022,2.1313613861373426e-05,0.12220470618350987,1.0,0.204491273721775,1.0,0.7818314824680291,0.6234898018587344,1.0,6.123233995736766e-17,0.0
2022-03-30,Beras Premium,9500.0,10000.0,Padi,Q1-2022,2022.0,38556.619999999995,55.20358781,212846.3758,30,3,2022,2.1313613861373426e-05,0.12220470618350987,1.0,0.204491273721775,1.0,0.9749279121818246,-0.22252093395630992,1.0,6.123233995736766e-17,0.0
2022-03-31,Beras Premium,9500.0,10000.0,Padi,Q1-2022,2022.0,38556.619999999995,55.20358781,212846.3758,31,3,2022,2.1313613861373426e-05,0.12220470618350987,1.0,0.204491273721775,1.0,0.4338837391175591,-0.9009688679024187,1.0,6.123233995736766e-17,0.0
2022-04-01,Beras Premium,9499.99999949878,9999.999967990841,Padi,Q1-2022,2022.0,38556.619999999995,55.20358781,212846.3758,1,4,2022,2.1313278765866528e-05,0.12220469168738646,1.0,0.204491273721775,1.0,0.7818314824680298,0.6234898018587336,0.8660254037844387,-0.4999999999999998,0.0
2022-04-02,Beras Premium,9499.999999048445,10000.000027151442,Padi,Q1-2022,2022.0,38556.619999999995,55.20358781,212846.3758,2,4,2022,2.131297768936946e-05,0.12220471847969794,1.0,0.204491273721775,1.0,0.9749279121818236,-0.22252093395631434,0.8660254037844387,-0.4999999999999998,0.0
2022-04-03,Beras Premium,9499.999998539139,10000.000048824866,Padi,Q1-2022,2022.0,38556.619999999995,55.20358781,212846.3758,3,4,2022,2.1312637187520522e-05,0.12220472829503315,1.0,0.204491273721775,1.0,0.43388373911755823,-0.900968867902419,0.8660254037844387,-0.4999999999999998,0.0
2022-04-04,Beras Premium,9500.0,10000.0,Padi,Q1-2022,2022.0,38556.619999999995,55.20358781,212846.3758,4,4,2022,2.1313613861373426e-05,0.12220470618350987,1.0,0.204491273721775,1.0,-0.433883739117558,-0.9009688679024191,0.8660254037844387,-0.4999999999999998,0.0
2022-04-05,Beras Premium,9500.0,10000.0,Padi,Q1-2022,2022.0,38556.619999999995,55.20358781,212846.3758,5,4,2022,2.1313613861373426e-05,0.12220470618350987,1.0,0.204491273721775,1.0,-0.9749279121818236,-0.2225209339563146,0.8660254037844387,-0.4999999999999998,0.0
2022-04-06,Beras Premium,9500.0,10000.0,Padi,Q1-2022,2022.0,38556.619999999995,55.20358781,212846.3758,6,4,2022,2.1313613861373426e-05,0.12220470618350987,1.0,0.204491273721775,1.0,-0.7818314824680299,0.6234898018587334,0.8660254037844387,-0.4999999999999998,0.0
2022-04-07,Beras Premium,9500.0,10000.0,Padi,Q1-2022,2022.0,38556.619999999995,55.20358781,212846.3758,7,4,2022,2.1313613861373426e-05,0.12220470618350987,1.0,0.204491273721775,1.0,-2.4492935982947064e-16,1.0,0.8660254037844387,-0.4999999999999998,0.0
2022-04-08,Beras Premium,9500.0,10000.0,Padi,Q1-2022,2022.0,38556.619999999995,55.20358781,212846.3758,8,4,2022,2.1313613861373426e-05,0.12220470618350987,1.0,0.204491273721775,1.0,0.7818314824680296,0.6234898018587337,0.8660254037844387,-0.4999999999999998,0.0
2022-04-09,Beras Premium,9499.99999492448,10000.000102534868,Padi,Q1-2022,2022.0,38556.619999999995,55.20358781,212846.3758,9,4,2022,2.1310220569503713e-05,0.1222047526189094,1.0,0.204491273721775,1.0,0.9749279121818237,-0.2225209339563141,0.8660254037844387,-0.4999999999999998,0.0
2022-04-10,Beras Premium,9499.999994422664,10000.00009596861,Padi,Q1-2022,2022.0,38556.619999999995,55.20358781,212846.3758,10,4,2022,2.1309885076092883e-05,0.12220474964521966,1.0,0.204491273721775,1.0,0.43388373911755845,-0.9009688679024189,0.8660254037844387,-0.4999999999999998,0.0
2022-04-11,Beras Premium,9500.0,10000.0,Padi,Q1-2022,2022.0,38556.619999999995,55.20358781,212846.3758,11,4,2022,2.1313613861373426e-05,0.12220470618350987,1.0,0.204491273721775,1.0,-0.4338837391175562,-0.90096886790242,0.8660254037844387,-0.4999999999999998,0.0
2022-04-12,Beras Premium,9500.0,10000.0,Padi,Q1-2022,2022.0,38556.619999999995,55.20358781,212846.3758,12,4,2022,2.1313613861373426e-05,0.12220470618350987,1.0,0.204491273721775,1.0,-0.9749279121818235,-0.2225209339563148,0.8660254037844387,-0.4999999999999998,0.0
2022-04-13,Beras Premium,9500.0,10000.0,Padi,Q1-2022,2022.0,38556.619999999995,55.20358781,212846.3758,13,4,2022,2.1313613861373426e-05,0.12220470618350987,1.0,0.204491273721775,1.0,-0.781831482468029,0.6234898018587346,0.8660254037844387,-0.4999999999999998,0.0
2022-04-14,Beras Premium,9500.0,10000.0,Padi,Q1-2022,2022.0,38556.619999999995,55.20358781,212846.3758,14,4,2022,2.1313613861373426e-05,0.12220470618350987,1.0,0.204491273721775,1.0,-4.898587196589413e-16,1.0,0.8660254037844387,-0.4999999999999998,0.0
2022-04-15,Beras Premium,9499.999994190233,10000.000089792951,Padi,Q1-2022,2022.0,38556.619999999995,55.20358781,212846.3758,15,4,2022,2.130972968217293e-05,0.12220474684842397,1.0,0.204491273721775,1.0,0.7818314824680284,0.6234898018587354,0.8660254037844387,-0.4999999999999998,0.0
2022-04-16,Beras Premium,9499.999994844718,10000.000094643074,Padi,Q1-2022,2022.0,38556.619999999995,55.20358781,212846.3758,16,4,2022,2.131016724504775e-05,0.1222047490449194,1.0,0.204491273721775,1.0,0.9749279121818237,-0.22252093395631387,0.8660254037844387,-0.4999999999999998,0.0
2022-04-17,Beras Premium,9499.999995809461,10000.000100645932,Padi,Q1-2022,2022.0,38556.619999999995,55.20358781,212846.3758,17,4,2022,2.1310812233998888e-05,0.12220475176345857,1.0,0.204491273721775,1.0,0.43388373911755707,-0.9009688679024196,0.8660254037844387,-0.4999999999999998,0.0
2022-04-18,Beras Premium,9500.0,10000.0,Padi,Q1-2022,2022.0,38556.619999999995,55.20358781,212846.3758,18,4,2022,2.1313613861373426e-05,0.12220470618350987,1.0,0.204491273721775,1.0,-0.43388373911755757,-0.9009688679024194,0.8660254037844387,-0.4999999999999998,0.0
2022-04-19,Beras Premium,9500.0,10000.0,Padi,Q1-2022,2022.0,38556.619999999995,55.20358781,212846.3758,19,4,2022,2.1313613861373426e-05,0.12220470618350987,1.0,0.204491273721775,1.0,-0.9749279121818235,-0.22252093395631506,0.8660254037844387,-0.4999999999999998,0.0
2022-04-20,Beras Premium,9500.0,10000.0,Padi,Q1-2022,2022.0,38556.619999999995,55.20358781,212846.3758,20,4,2022,2.1313613861373426e-05,0.12220470618350987,1.0,0.204491273721775,1.0,-0.7818314824680302,0.6234898018587329,0.8660254037844387,-0.4999999999999998,0.0
2022-04-21,Beras Premium,9500.0,10000.0,Padi,Q1-2022,2022.0,38556.619999999995,55.20358781,212846.3758,21,4,2022,2.1313613861373426e-05,0.12220470618350987,1.0,0.204491273721775,1.0,-7.347880794884119e-16,1.0,0.8660254037844387,-0.4999999999999998,0.0
2022-04-22,Beras Premium,9500.0,10000.0,Padi,Q1-2022,2022.0,38556.619999999995,55.20358781,212846.3758,22,4,2022,2.1313613861373426e-05,0.12220470618350987,1.0,0.204491273721775,1.0,0.7818314824680271,0.6234898018587369,0.8660254037844387,-0.4999999999999998,0.0
2022-04-23,Beras Premium,9500.000009302326,10000.000135820534,Padi,Q1-2022,2022.0,38556.619999999995,55.20358781,212846.3758,23,4,2022,2.1319833028776713e-05,0.12220476769312949,1.0,0.204491273721775,1.0,0.9749279121818238,-0.22252093395631362,0.8660254037844387,-0.4999999999999998,0.0
2022-04-24,Beras Premium,9500.000012926115,10000.000142613066,Padi,Q1-2022,2022.0,38556.619999999995,55.20358781,212846.3758,24,4,2022,2.1322255750355623e-05,0.12220477076929281,1.0,0.204491273721775,1.0,0.4338837391175589,-0.9009688679024188,0.8660254037844387,-0.4999999999999998,0.0
2022-04-25,Beras Premium,9500.0,10000.0,Padi,Q1-2022,2022.0,38556.619999999995,55.20358781,212846.3758,25,4,2022,2.1313613861373426e-05,0.12220470618350987,1.0,0.204491273721775,1.0,-0.43388373911755734,-0.9009688679024195,0.8660254037844387,-0.4999999999999998,0.0
2022-04-26,Beras Premium,9500.0,10000.0,Padi,Q1-2022,2022.0,38556.619999999995,55.20358781,212846.3758,26,4,2022,2.1313613861373426e-05,0.12220470618350987,1.0,0.204491273721775,1.0,-0.9749279121818242,-0.22252093395631184,0.8660254037844387,-0.4999999999999998,0.0
2022-04-27,Beras Premium,9500.0,10000.0,Padi,Q1-2022,2022.0,38556.619999999995,55.20358781,212846.3758,27,4,2022,2.1313613861373426e-05,0.12220470618350987,1.0,0.204491273721775,1.0,-0.7818314824680304,0.6234898018587328,0.8660254037844387,-0.4999999999999998,0.0
2022-04-28,Beras Premium,9500.0,10000.0,Padi,Q1-2022,2022.0,38556.619999999995,55.20358781,212846.3758,28,4,2022,2.1313613861373426e-05,0.12220470618350987,1.0,0.204491273721775,1.0,-9.797174393178826e-16,1.0,0.8660254037844387,-0.4999999999999998,0.0
2022-04-29,Beras Premium,9500.0,10000.0,Padi,Q1-2022,2022.0,38556.619999999995,55.20358781,212846.3758,29,4,2022,2.1313613861373426e-05,0.12220470618350987,1.0,0.204491273721775,1.0,0.7818314824680291,0.6234898018587344,0.8660254037844387,-0.4999999999999998,0.0
2022-04-30,Beras Premium,9500.00003179664,9999.999378659884,Padi,Q1-2022,2022.0,38556.619999999995,55.20358781,212846.3758,30,4,2022,2.1334871835421154e-05,0.12220442479458082,1.0,0.204491273721775,1.0,0.9749279121818246,-0.22252093395630992,0.8660254037844387,-0.4999999999999998,0.0
2022-05-01,Beras Premium,9500.000031929672,9999.999368450466,Padi,Q2-2022,2022.0,12599.0,54.27975236000001,68387.06,1,5,2022,2.1334960774943568e-05,0.12220442017099842,0.18031580458481872,0.0,0.1735371405660902,0.7818314824680298,0.6234898018587336,0.49999999999999994,-0.8660254037844387,0.0
2022-05-02,Beras Premium,9500.000031011472,9999.994882635658,Padi,Q2-2022,2022.0,12599.0,54.27975236000001,68387.06,2,5,2022,2.1334346902435186e-05,0.12220238866105237,0.18031580458481872,0.0,0.1735371405660902,0.9749279121818236,-0.22252093395631434,0.49999999999999994,-0.8660254037844387,0.0
2022-05-03,Beras Premium,9500.000029125164,9999.994700491736,Padi,Q2-2022,2022.0,12599.0,54.27975236000001,68387.06,3,5,2022,2.133308579210791e-05,0.12220230617276329,0.18031580458481872,0.0,0.1735371405660902,0.43388373911755823,-0.900968867902419,0.49999999999999994,-0.8660254037844387,0.0
2022-05-04,Beras Premium,9500.0,9800.0,Padi,Q2-2022,2022.0,12599.0,54.27975236000001,68387.06,4,5,2022,2.1313613861373426e-05,0.03162985936624896,0.18031580458481872,0.0,0.1735371405660902,-0.433883739117558,-0.9009688679024191,0.49999999999999994,-0.8660254037844387,0.0
2022-05-05,Beras Premium,9500.0,10000.0,Padi,Q2-2022,2022.0,12599.0,54.27975236000001,68387.06,5,5,2022,2.1313613861373426e-05,0.12220470618350987,0.18031580458481872,0.0,0.1735371405660902,-0.9749279121818236,-0.2225209339563146,0.49999999999999994,-0.8660254037844387,0.0
2022-05-06,Beras Premium,9500.0,10000.0,Padi,Q2-2022,2022.0,12599.0,54.27975236000001,68387.06,6,5,2022,2.1313613861373426e-05,0.12220470618350987,0.18031580458481872,0.0,0.1735371405660902,-0.7818314824680299,0.6234898018587334,0.49999999999999994,-0.8660254037844387,0.0
2022-05-07,Beras Premium,9500.00001430705,10000.000578297642,Padi,Q2-2022,2022.0,12599.0,54.27975236000001,68387.06,7,5,2022,2.1323178988730263e-05,0.12220496807961112,0.18031580458481872,0.0,0.1735371405660902,-2.4492935982947064e-16,1.0,0.49999999999999994,-0.8660254037844387,0.0
2022-05-08,Beras Premium,9500.00000943293,10000.000605188861,Padi,Q2-2022,2022.0,12599.0,54.27975236000001,68387.06,8,5,2022,2.1319920344708976e-05,0.12220498025795123,0.18031580458481872,0.0,0.1735371405660902,0.7818314824680296,0.6234898018587337,0.49999999999999994,-0.8660254037844387,0.0
2022-05-09,Beras Premium,9500.0,10000.0,Padi,Q2-2022,2022.0,12599.0,54.27975236000001,68387.06,9,5,2022,2.1313613861373426e-05,0.12220470618350987,0.18031580458481872,0.0,0.1735371405660902,0.9749279121818237,-0.2225209339563141,0.49999999999999994,-0.8660254037844387,0.0
2022-05-10,Beras Premium,9500.0,10000.0,Padi,Q2-2022,2022.0,12599.0,54.27975236000001,68387.06,10,5,2022,2.1313613861373426e-05,0.12220470618350987,0.18031580458481872,0.0,0.1735371405660902,0.43388373911755845,-0.9009688679024189,0.49999999999999994,-0.8660254037844387,0.0
2022-05-11,Beras Premium,9500.0,10000.0,Padi,Q2-2022,2022.0,12599.0,54.27975236000001,68387.06,11,5,2022,2.1313613861373426e-05,0.12220470618350987,0.18031580458481872,0.0,0.1735371405660902,-0.4338837391175562,-0.90096886790242,0.49999999999999994,-0.8660254037844387,0.0
2022-05-12,Beras Premium,9500.0,10000.0,Padi,Q2-2022,2022.0,12599.0,54.27975236000001,68387.06,12,5,2022,2.1313613861373426e-05,0.12220470618350987,0.18031580458481872,0.0,0.1735371405660902,-0.9749279121818235,-0.2225209339563148,0.49999999999999994,-0.8660254037844387,0.0
2022-05-13,Beras Premium,9500.0,10000.0,Padi,Q2-2022,2022.0,12599.0,54.27975236000001,68387.06,13,5,2022,2.1313613861373426e-05,0.12220470618350987,0.18031580458481872,0.0,0.1735371405660902,-0.781831482468029,0.6234898018587346,0.49999999999999994,-0.8660254037844387,0.0
2022-05-14,Beras Premium,9499.99997860869,10000.000476617939,Padi,Q2-2022,2022.0,12599.0,54.27975236000001,68387.06,14,5,2022,2.1299312479960975e-05,0.1222049220314938,0.18031580458481872,0.0,0.1735371405660902,-4.898587196589413e-16,1.0,0.49999999999999994,-0.8660254037844387,0.0
2022-05-15,Beras Premium,9499.99997388823,10000.000419582928,Padi,Q2-2022,2022.0,12599.0,54.27975236000001,68387.06,15,5,2022,2.129615656798478e-05,0.12220489620180697,0.18031580458481872,0.0,0.1735371405660902,0.7818314824680284,0.6234898018587354,0.49999999999999994,-0.8660254037844387,0.0
2022-05-16,Beras Premium,9499.999969427678,10000.000357501689,Padi,Q2-2022,2022.0,12599.0,54.27975236000001,68387.06,16,5,2022,2.129317441834644e-05,0.12220486808681308,0.18031580458481872,0.0,0.1735371405660902,0.9749279121818237,-0.22252093395631387,0.49999999999999994,-0.8660254037844387,0.0
2022-05-17,Beras Premium,9500.0,10000.0,Padi,Q2-2022,2022.0,12599.0,54.27975236000001,68387.06,17,5,2022,2.1313613861373426e-05,0.12220470618350987,0.18031580458481872,0.0,0.1735371405660902,0.43388373911755707,-0.9009688679024196,0.49999999999999994,-0.8660254037844387,0.0
2022-05-18,Beras Premium,9500.0,10000.0,Padi,Q2-2022,2022.0,12599.0,54.27975236000001,68387.06,18,5,2022,2.1313613861373426e-05,0.12220470618350987,0.18031580458481872,0.0,0.1735371405660902,-0.43388373911755757,-0.9009688679024194,0.49999999999999994,-0.8660254037844387,0.0
2022-05-19,Beras Premium,9500.0,10000.0,Padi,Q2-2022,2022.0,12599.0,54.27975236000001,68387.06,19,5,2022,2.1313613861373426e-05,0.12220470618350987,0.18031580458481872,0.0,0.1735371405660902,-0.9749279121818235,-0.22252093395631506,0.49999999999999994,-0.8660254037844387,0.0
2022-05-20,Beras Premium,9500.0,10000.0,Padi,Q2-2022,2022.0,12599.0,54.27975236000001,68387.06,20,5,2022,2.1313613861373426e-05,0.12220470618350987,0.18031580458481872,0.0,0.1735371405660902,-0.7818314824680302,0.6234898018587329,0.49999999999999994,-0.8660254037844387,0.0
2022-05-21,Beras Premium,9499.999952780887,10000.000020852503,Padi,Q2-2022,2022.0,12599.0,54.27975236000001,68387.06,21,5,2022,2.1282045033821362e-05,0.12220471562707136,0.18031580458481872,0.0,0.1735371405660902,-7.347880794884119e-16,1.0,0.49999999999999994,-0.8660254037844387,0.0
2022-05-22,Beras Premium,9499.9999510682,9999.999959876928,Padi,Q2-2022,2022.0,12599.0,54.27975236000001,68387.06,22,5,2022,2.1280899999531755e-05,0.12220468801280404,0.18031580458481872,0.0,0.1735371405660902,0.7818314824680271,0.6234898018587369,0.49999999999999994,-0.8660254037844387,0.0
2022-05-23,Beras Premium,9500.0,10000.0,Padi,Q2-2022,2022.0,12599.0,54.27975236000001,68387.06,23,5,2022,2.1313613861373426e-05,0.12220470618350987,0.18031580458481872,0.0,0.1735371405660902,0.9749279121818238,-0.22252093395631362,0.49999999999999994,-0.8660254037844387,0.0
2022-05-24,Beras Premium,9500.0,10000.0,Padi,Q2-2022,2022.0,12599.0,54.27975236000001,68387.06,24,5,2022,2.1313613861373426e-05,0.12220470618350987,0.18031580458481872,0.0,0.1735371405660902,0.4338837391175589,-0.9009688679024188,0.49999999999999994,-0.8660254037844387,0.0
2022-05-25,Beras Premium,9500.0,10000.0,Padi,Q2-2022,2022.0,12599.0,54.27975236000001,68387.06,25,5,2022,2.1313613861373426e-05,0.12220470618350987,0.18031580458481872,0.0,0.1735371405660902,-0.43388373911755734,-0.9009688679024195,0.49999999999999994,-0.8660254037844387,0.0
2022-05-26,Beras Premium,9499.999960782514,9999.999836072911,Padi,Q2-2022,2022.0,12599.0,54.27975236000001,68387.06,26,5,2022,2.1287394605273846e-05,0.12220463194515485,0.18031580458481872,0.0,0.1735371405660902,-0.9749279121818242,-0.22252093395631184,0.49999999999999994,-0.8660254037844387,0.0
2022-05-27,Beras Premium,9500.0,10000.0,Padi,Q2-2022,2022.0,12599.0,54.27975236000001,68387.06,27,5,2022,2.1313613861373426e-05,0.12220470618350987,0.18031580458481872,0.0,0.1735371405660902,-0.7818314824680304,0.6234898018587328,0.49999999999999994,-0.8660254037844387,0.0
2022-05-28,Beras Premium,9499.999974799706,9999.999874488785,Padi,Q2-2022,2022.0,12599.0,54.27975236000001,68387.06,28,5,2022,2.1296765944534002e-05,0.12220464934271469,0.18031580458481872,0.0,0.1735371405660902,-9.797174393178826e-16,1.0,0.49999999999999994,-0.8660254037844387,0.0
2022-05-29,Beras Premium,9499.999980973744,9999.999924155878,Padi,Q2-2022,2022.0,12599.0,54.27975236000001,68387.06,29,5,2022,2.1300893661369003e-05,0.12220467183566086,0.18031580458481872,0.0,0.1735371405660902,0.7818314824680291,0.6234898018587344,0.49999999999999994,-0.8660254037844387,0.0
2022-05-30,Beras Premium,9500.0,10000.0,Padi,Q2-2022,2022.0,12599.0,54.27975236000001,68387.06,30,5,2022,2.1313613861373426e-05,0.12220470618350987,0.18031580458481872,0.0,0.1735371405660902,0.9749279121818246,-0.22252093395630992,0.49999999999999994,-0.8660254037844387,0.0
2022-05-31,Beras Premium,9500.0,10000.0,Padi,Q2-2022,2022.0,12599.0,54.27975236000001,68387.06,31,5,2022,2.1313613861373426e-05,0.12220470618350987,0.18031580458481872,0.0,0.1735371405660902,0.4338837391175591,-0.9009688679024187,0.49999999999999994,-0.8660254037844387,0.0
2022-06-01,Beras Premium,9499.999996480146,9999.994132603862,Padi,Q2-2022,2022.0,12599.0,54.27975236000001,68387.06,1,6,2022,2.131126062732136e-05,0.12220204899097808,0.18031580458481872,0.0,0.1735371405660902,0.7818314824680298,0.6234898018587336,1.2246467991473532e-16,-1.0,0.0
2022-06-02,Beras Premium,9500.0,9800.0,Padi,Q2-2022,2022.0,12599.0,54.27975236000001,68387.06,2,6,2022,2.1313613861373426e-05,0.03162985936624896,0.18031580458481872,0.0,0.1735371405660902,0.9749279121818236,-0.22252093395631434,1.2246467991473532e-16,-1.0,0.0
2022-06-03,Beras Premium,9500.0,9800.0,Padi,Q2-2022,2022.0,12599.0,54.27975236000001,68387.06,3,6,2022,2.1313613861373426e-05,0.03162985936624896,0.18031580458481872,0.0,0.1735371405660902,0.43388373911755823,-0.900968867902419,1.2246467991473532e-16,-1.0,0.0
2022-06-04,Beras Premium,9500.000014339337,9999.996861135049,Padi,Q2-2022,2022.0,12599.0,54.27975236000001,68387.06,4,6,2022,2.1323200574130396e-05,0.12220328467244901,0.18031580458481872,0.0,0.1735371405660902,-0.433883739117558,-0.9009688679024191,1.2246467991473532e-16,-1.0,0.0
2022-06-05,Beras Premium,9500.000021708296,9999.99706031071,Padi,Q2-2022,2022.0,12599.0,54.27975236000001,68387.06,5,6,2022,2.1328127168374067e-05,0.12220337487397437,0.18031580458481872,0.0,0.1735371405660902,-0.9749279121818236,-0.2225209339563146,1.2246467991473532e-16,-1.0,0.0
2022-06-06,Beras Premium,9500.0,10000.0,Padi,Q2-2022,2022.0,12599.0,54.27975236000001,68387.06,6,6,2022,2.1313613861373426e-05,0.12220470618350987,0.18031580458481872,0.0,0.1735371405660902,-0.7818314824680299,0.6234898018587334,1.2246467991473532e-16,-1.0,0.0
2022-06-07,Beras Premium,9500.0,10000.0,Padi,Q2-2022,2022.0,12599.0,54.27975236000001,68387.06,7,6,2022,2.1313613861373426e-05,0.12220470618350987,0.18031580458481872,0.0,0.1735371405660902,-2.4492935982947064e-16,1.0,1.2246467991473532e-16,-1.0,0.0
2022-06-08,Beras Premium,9500.0,10000.0,Padi,Q2-2022,2022.0,12599.0,54.27975236000001,68387.06,8,6,2022,2.1313613861373426e-05,0.12220470618350987,0.18031580458481872,0.0,0.1735371405660902,0.7818314824680296,0.6234898018587337,1.2246467991473532e-16,-1.0,0.0
2022-06-09,Beras Premium,9500.0,10000.0,Padi,Q2-2022,2022.0,12599.0,54.27975236000001,68387.06,9,6,2022,2.1313613861373426e-05,0.12220470618350987,0.18031580458481872,0.0,0.1735371405660902,0.9749279121818237,-0.2225209339563141,1.2246467991473532e-16,-1.0,0.0
2022-06-10,Beras Premium,9500.0,10000.0,Padi,Q2-2022,2022.0,12599.0,54.27975236000001,68387.06,10,6,2022,2.1313613861373426e-05,0.12220470618350987,0.18031580458481872,0.0,0.1735371405660902,0.43388373911755845,-0.9009688679024189,1.2246467991473532e-16,-1.0,0.0
2022-06-11,Beras Premium,9500.00006084077,10000.002562524996,Padi,Q2-2022,2022.0,12599.0,54.27975236000001,68387.06,11,6,2022,2.1354289589048392e-05,0.12220586668505451,0.18031580458481872,0.0,0.1735371405660902,-0.4338837391175562,-0.90096886790242,1.2246467991473532e-16,-1.0,0.0
2022-06-12,Beras Premium,9500.000061001472,10000.002892270442,Padi,Q2-2022,2022.0,12599.0,54.27975236000001,68387.06,12,6,2022,2.135439702843911e-05,0.12220601601827052,0.18031580458481872,0.0,0.1735371405660902,-0.9749279121818235,-0.2225209339563148,1.2246467991473532e-16,-1.0,0.0
2022-06-13,Beras Premium,9500.0,10000.0,Padi,Q2-2022,2022.0,12599.0,54.27975236000001,68387.06,13,6,2022,2.1313613861373426e-05,0.12220470618350987,0.18031580458481872,0.0,0.1735371405660902,-0.781831482468029,0.6234898018587346,1.2246467991473532e-16,-1.0,0.0
2022-06-14,Beras Premium,9500.0,10000.0,Padi,Q2-2022,2022.0,12599.0,54.27975236000001,68387.06,14,6,2022,2.1313613861373426e-05,0.12220470618350987,0.18031580458481872,0.0,0.1735371405660902,-4.898587196589413e-16,1.0,1.2246467991473532e-16,-1.0,0.0
2022-06-15,Beras Premium,9500.0,10000.0,Padi,Q2-2022,2022.0,12599.0,54.27975236000001,68387.06,15,6,2022,2.1313613861373426e-05,0.12220470618350987,0.18031580458481872,0.0,0.1735371405660902,0.7818314824680284,0.6234898018587354,1.2246467991473532e-16,-1.0,0.0
2022-06-16,Beras Premium,9500.0,10000.0,Padi,Q2-2022,2022.0,12599.0,54.27975236000001,68387.06,16,6,2022,2.1313613861373426e-05,0.12220470618350987,0.18031580458481872,0.0,0.1735371405660902,0.9749279121818237,-0.22252093395631387,1.2246467991473532e-16,-1.0,0.0
2022-06-17,Beras Premium,9500.0,10000.0,Padi,Q2-2022,2022.0,12599.0,54.27975236000001,68387.06,17,6,2022,2.1313613861373426e-05,0.12220470618350987,0.18031580458481872,0.0,0.1735371405660902,0.43388373911755707,-0.9009688679024196,1.2246467991473532e-16,-1.0,0.0
2022-06-18,Beras Premium,9499.999973997901,10000.005149059223,Padi,Q2-2022,2022.0,12599.0,54.27975236000001,68387.06,18,6,2022,2.1296229888889684e-05,0.12220703805976196,0.18031580458481872,0.0,0.1735371405660902,-0.43388373911755757,-0.9009688679024194,1.2246467991473532e-16,-1.0,0.0
2022-06-19,Beras Premium,9499.999942231048,10000.005568458138,Padi,Q2-2022,2022.0,12599.0,54.27975236000001,68387.06,19,6,2022,2.127499183046666e-05,0.12220722799472394,0.18031580458481872,0.0,0.1735371405660902,-0.9749279121818235,-0.22252093395631506,1.2246467991473532e-16,-1.0,0.0
2022-06-20,Beras Premium,9500.0,10000.0,Padi,Q2-2022,2022.0,12599.0,54.27975236000001,68387.06,20,6,2022,2.1313613861373426e-05,0.12220470618350987,0.18031580458481872,0.0,0.1735371405660902,-0.7818314824680302,0.6234898018587329,1.2246467991473532e-16,-1.0,0.0
2022-06-21,Beras Premium,9500.0,10000.0,Padi,Q2-2022,2022.0,12599.0,54.27975236000001,68387.06,21,6,2022,2.1313613861373426e-05,0.12220470618350987,0.18031580458481872,0.0,0.1735371405660902,-7.347880794884119e-16,1.0,1.2246467991473532e-16,-1.0,0.0
2022-06-22,Beras Premium,9500.0,10000.0,Padi,Q2-2022,2022.0,12599.0,54.27975236000001,68387.06,22,6,2022,2.1313613861373426e-05,0.12220470618350987,0.18031580458481872,0.0,0.1735371405660902,0.7818314824680271,0.6234898018587369,1.2246467991473532e-16,-1.0,0.0
2022-06-23,Beras Premium,9500.0,10000.0,Padi,Q2-2022,2022.0,12599.0,54.27975236000001,68387.06,23,6,2022,2.1313613861373426e-05,0.12220470618350987,0.18031580458481872,0.0,0.1735371405660902,0.9749279121818238,-0.22252093395631362,1.2246467991473532e-16,-1.0,0.0
2022-06-24,Beras Premium,9500.0,10000.0,Padi,Q2-2022,2022.0,12599.0,54.27975236000001,68387.06,24,6,2022,2.1313613861373426e-05,0.12220470618350987,0.18031580458481872,0.0,0.1735371405660902,0.4338837391175589,-0.9009688679024188,1.2246467991473532e-16,-1.0,0.0
2022-06-25,Beras Premium,9499.999715453125,10000.007680396142,Padi,Q2-2022,2022.0,12599.0,54.27975236000001,68387.06,25,6,2022,2.112337709903045e-05,0.12220818443702974,0.18031580458481872,0.0,0.1735371405660902,-0.43388373911755734,-0.9009688679024195,1.2246467991473532e-16,-1.0,0.0
2022-06-26,Beras Premium,9499.999705470404,10000.007803441495,Padi,Q2-2022,2022.0,12599.0,54.27975236000001,68387.06,26,6,2022,2.111670304660862e-05,0.12220824016109955,0.18031580458481872,0.0,0.1735371405660902,-0.9749279121818242,-0.22252093395631184,1.2246467991473532e-16,-1.0,0.0
2022-06-27,Beras Premium,9500.0,10000.0,Padi,Q2-2022,2022.0,12599.0,54.27975236000001,68387.06,27,6,2022,2.1313613861373426e-05,0.12220470618350987,0.18031580458481872,0.0,0.1735371405660902,-0.7818314824680304,0.6234898018587328,1.2246467991473532e-16,-1.0,0.0
2022-06-28,Beras Premium,9500.0,10000.0,Padi,Q2-2022,2022.0,12599.0,54.27975236000001,68387.06,28,6,2022,2.1313613861373426e-05,0.12220470618350987,0.18031580458481872,0.0,0.1735371405660902,-9.797174393178826e-16,1.0,1.2246467991473532e-16,-1.0,0.0
2022-06-29,Beras Premium,9500.0,10000.0,Padi,Q2-2022,2022.0,12599.0,54.27975236000001,68387.06,29,6,2022,2.1313613861373426e-05,0.12220470618350987,0.18031580458481872,0.0,0.1735371405660902,0.7818314824680291,0.6234898018587344,1.2246467991473532e-16,-1.0,0.0
2022-06-30,Beras Premium,9500.0,10000.0,Padi,Q2-2022,2022.0,12599.0,54.27975236000001,68387.06,30,6,2022,2.1313613861373426e-05,0.12220470618350987,0.18031580458481872,0.0,0.1735371405660902,0.9749279121818246,-0.22252093395630992,1.2246467991473532e-16,-1.0,0.0
2022-07-01,Beras Premium,9499.999918799971,9999.979794182886,Padi,Q2-2022,2022.0,12599.0,54.27975236000001,68387.06,1,7,2022,2.125932674079678e-05,0.12219555548955974,0.18031580458481872,0.0,0.1735371405660902,0.7818314824680298,0.6234898018587336,-0.4999999999999997,-0.8660254037844388,0.0
2022-07-02,Beras Premium,9500.000010737971,9999.97674142644,Padi,Q2-2022,2022.0,12599.0,54.27975236000001,68387.06,2,7,2022,2.1320792843226855e-05,0.12219417297482327,0.18031580458481872,0.0,0.1735371405660902,0.9749279121818236,-0.22252093395631434,-0.4999999999999997,-0.8660254037844388,0.0
2022-07-03,Beras Premium,9500.000115192548,9999.973498085039,Padi,Q2-2022,2022.0,12599.0,54.27975236000001,68387.06,3,7,2022,2.1390627034101328e-05,0.1221927041490698,0.18031580458481872,0.0,0.1735371405660902,0.43388373911755823,-0.900968867902419,-0.4999999999999997,-0.8660254037844388,0.0
2022-07-04,Beras Premium,9500.0,10000.0,Padi,Q2-2022,2022.0,12599.0,54.27975236000001,68387.06,4,7,2022,2.1313613861373426e-05,0.12220470618350987,0.18031580458481872,0.0,0.1735371405660902,-0.433883739117558,-0.9009688679024191,-0.4999999999999997,-0.8660254037844388,0.0
2022-07-05,Beras Premium,9500.0,10000.0,Padi,Q2-2022,2022.0,12599.0,54.27975236000001,68387.06,5,7,2022,2.1313613861373426e-05,0.12220470618350987,0.18031580458481872,0.0,0.1735371405660902,-0.9749279121818236,-0.2225209339563146,-0.4999999999999997,-0.8660254037844388,0.0
2022-07-06,Beras Premium,9500.0,10000.0,Padi,Q2-2022,2022.0,12599.0,54.27975236000001,68387.06,6,7,2022,2.1313613861373426e-05,0.12220470618350987,0.18031580458481872,0.0,0.1735371405660902,-0.7818314824680299,0.6234898018587334,-0.4999999999999997,-0.8660254037844388,0.0
2022-07-07,Beras Premium,9500.0,10000.0,Padi,Q2-2022,2022.0,12599.0,54.27975236000001,68387.06,7,7,2022,2.1313613861373426e-05,0.12220470618350987,0.18031580458481872,0.0,0.1735371405660902,-2.4492935982947064e-16,1.0,-0.4999999999999997,-0.8660254037844388,0.0
2022-07-08,Beras Premium,9500.0,10000.0,Padi,Q2-2022,2022.0,12599.0,54.27975236000001,68387.06,8,7,2022,2.1313613861373426e-05,0.12220470618350987,0.18031580458481872,0.0,0.1735371405660902,0.7818314824680296,0.6234898018587337,-0.4999999999999997,-0.8660254037844388,0.0
2022-07-09,Beras Premium,9500.00086722953,9999.999954208415,Padi,Q2-2022,2022.0,12599.0,54.27975236000001,68387.06,9,7,2022,2.1893409153150856e-05,0.12220468544568064,0.18031580458481872,0.0,0.1735371405660902,0.9749279121818237,-0.2225209339563141,-0.4999999999999997,-0.8660254037844388,0.0
2022-07-10,Beras Premium,9500.0009920894,9999.999352692828,Padi,Q2-2022,2022.0,12599.0,54.27975236000001,68387.06,10,7,2022,2.1976885514973787e-05,0.12220441303476992,0.18031580458481872,0.0,0.1735371405660902,0.43388373911755845,-0.9009688679024189,-0.4999999999999997,-0.8660254037844388,0.0
2022-07-11,Beras Premium,9500.0,10000.0,Padi,Q2-2022,2022.0,12599.0,54.27975236000001,68387.06,11,7,2022,2.1313613861373426e-05,0.12220470618350987,0.18031580458481872,0.0,0.1735371405660902,-0.4338837391175562,-0.90096886790242,-0.4999999999999997,-0.8660254037844388,0.0
2022-07-12,Beras Premium,9500.0,10000.0,Padi,Q2-2022,2022.0,12599.0,54.27975236000001,68387.06,12,7,2022,2.1313613861373426e-05,0.12220470618350987,0.18031580458481872,0.0,0.1735371405660902,-0.9749279121818235,-0.2225209339563148,-0.4999999999999997,-0.8660254037844388,0.0
2022-07-13,Beras Premium,9500.0,10000.0,Padi,Q2-2022,2022.0,12599.0,54.27975236000001,68387.06,13,7,2022,2.1313613861373426e-05,0.12220470618350987,0.18031580458481872,0.0,0.1735371405660902,-0.781831482468029,0.6234898018587346,-0.4999999999999997,-0.8660254037844388,0.0
2022-07-14,Beras Premium,9500.0,10000.0,Padi,Q2-2022,2022.0,12599.0,54.27975236000001,68387.06,14,7,2022,2.1313613861373426e-05,0.12220470618350987,0.18031580458481872,0.0,0.1735371405660902,-4.898587196589413e-16,1.0,-0.4999999999999997,-0.8660254037844388,0.0
2022-07-15,Beras Premium,9500.0,10000.0,Padi,Q2-2022,2022.0,12599.0,54.27975236000001,68387.06,15,7,2022,2.1313613861373426e-05,0.12220470618350987,0.18031580458481872,0.0,0.1735371405660902,0.7818314824680284,0.6234898018587354,-0.4999999999999997,-0.8660254037844388,0.0
2022-07-16,Beras Premium,9500.001616116335,10000.0021889341,Padi,Q2-2022,2022.0,12599.0,54.27975236000001,68387.06,16,7,2022,2.239408518978081e-05,0.12220569749536381,0.18031580458481872,0.0,0.1735371405660902,0.9749279121818237,-0.22252093395631387,-0.4999999999999997,-0.8660254037844388,0.0
2022-07-17,Beras Premium,9500.001701339765,10000.003590427454,Padi,Q2-2022,2022.0,12599.0,54.27975236000001,68387.06,17,7,2022,2.245106219778137e-05,0.12220633219559307,0.18031580458481872,0.0,0.1735371405660902,0.43388373911755707,-0.9009688679024196,-0.4999999999999997,-0.8660254037844388,0.0
2022-07-18,Beras Premium,9500.0,10000.0,Padi,Q2-2022,2022.0,12599.0,54.27975236000001,68387.06,18,7,2022,2.1313613861373426e-05,0.12220470618350987,0.18031580458481872,0.0,0.1735371405660902,-0.43388373911755757,-0.9009688679024194,-0.4999999999999997,-0.8660254037844388,0.0
2022-07-19,Beras Premium,9500.0,10000.0,Padi,Q2-2022,2022.0,12599.0,54.27975236000001,68387.06,19,7,2022,2.1313613861373426e-05,0.12220470618350987,0.18031580458481872,0.0,0.1735371405660902,-0.9749279121818235,-0.22252093395631506,-0.4999999999999997,-0.8660254037844388,0.0
2022-07-20,Beras Premium,9500.0,10000.0,Padi,Q2-2022,2022.0,12599.0,54.27975236000001,68387.06,20,7,2022,2.1313613861373426e-05,0.12220470618350987,0.18031580458481872,0.0,0.1735371405660902,-0.7818314824680302,0.6234898018587329,-0.4999999999999997,-0.8660254037844388,0.0
2022-07-21,Beras Premium,9500.0,10000.0,Padi,Q2-2022,2022.0,12599.0,54.27975236000001,68387.06,21,7,2022,2.1313613861373426e-05,0.12220470618350987,0.18031580458481872,0.0,0.1735371405660902,-7.347880794884119e-16,1.0,-0.4999999999999997,-0.8660254037844388,0.0
2022-07-22,Beras Premium,9500.0,10000.0,Padi,Q2-2022,2022.0,12599.0,54.27975236000001,68387.06,22,7,2022,2.1313613861373426e-05,0.12220470618350987,0.18031580458481872,0.0,0.1735371405660902,0.7818314824680271,0.6234898018587369,-0.4999999999999997,-0.8660254037844388,0.0
2022-07-23,Beras Premium,9499.96812013552,10000.012267400689,Padi,Q2-2022,2022.0,12599.0,54.27975236000001,68387.06,23,7,2022,0.0,0.12221026177320038,0.18031580458481872,0.0,0.1735371405660902,0.9749279121818238,-0.22252093395631362,-0.4999999999999997,-0.8660254037844388,0.0
2022-07-24,Beras Premium,9500.000666514588,10000.012133278495,Padi,Q2-2022,2022.0,12599.0,54.27975236000001,68387.06,24,7,2022,2.1759219098527183e-05,0.12221020103271485,0.18031580458481872,0.0,0.1735371405660902,0.4338837391175589,-0.9009688679024188,-0.4999999999999997,-0.8660254037844388,0.0
2022-07-25,Beras Premium,9500.0,10000.0,Padi,Q2-2022,2022.0,12599.0,54.27975236000001,68387.06,25,7,2022,2.1313613861373426e-05,0.12220470618350987,0.18031580458481872,0.0,0.1735371405660902,-0.43388373911755734,-0.9009688679024195,-0.4999999999999997,-0.8660254037844388,0.0
2022-07-26,Beras Premium,9500.0,10000.0,Padi,Q2-2022,2022.0,12599.0,54.27975236000001,68387.06,26,7,2022,2.1313613861373426e-05,0.12220470618350987,0.18031580458481872,0.0,0.1735371405660902,-0.9749279121818242,-0.22252093395631184,-0.4999999999999997,-0.8660254037844388,0.0
2022-07-27,Beras Premium,9500.0,10000.0,Padi,Q2-2022,2022.0,12599.0,54.27975236000001,68387.06,27,7,2022,2.1313613861373426e-05,0.12220470618350987,0.18031580458481872,0.0,0.1735371405660902,-0.7818314824680304,0.6234898018587328,-0.4999999999999997,-0.8660254037844388,0.0
2022-07-28,Beras Premium,9500.0,10000.0,Padi,Q2-2022,2022.0,12599.0,54.27975236000001,68387.06,28,7,2022,2.1313613861373426e-05,0.12220470618350987,0.18031580458481872,0.0,0.1735371405660902,-9.797174393178826e-16,1.0,-0.4999999999999997,-0.8660254037844388,0.0
2022-07-29,Beras Premium,9500.0,10000.0,Padi,Q2-2022,2022.0,12599.0,54.27975236000001,68387.06,29,7,2022,2.1313613861373426e-05,0.12220470618350987,0.18031580458481872,0.0,0.1735371405660902,0.7818314824680291,0.6234898018587344,-0.4999999999999997,-0.8660254037844388,0.0
2022-07-30,Beras Premium,9499.999068147126,10000.008960200708,Padi,Q2-2022,2022.0,12599.0,54.27975236000001,68387.06,30,7,2022,2.069061396348104e-05,0.12220876402754222,0.18031580458481872,0.0,0.1735371405660902,0.9749279121818246,-0.22252093395630992,-0.4999999999999997,-0.8660254037844388,0.0
2022-07-31,Beras Premium,9499.998793567109,9999.93288345494,Padi,Q2-2022,2022.0,12599.0,54.27975236000001,68387.06,31,7,2022,2.0507040646933206e-05,0.1221743108295712,0.18031580458481872,0.0,0.1735371405660902,0.4338837391175591,-0.9009688679024187,-0.4999999999999997,-0.8660254037844388,0.0
2022-08-01,Beras Premium,9500.0,10000.0,Padi,Q2-2022,2022.0,12599.0,54.27975236000001,68387.06,1,8,2022,2.1313613861373426e-05,0.12220470618350987,0.18031580458481872,0.0,0.1735371405660902,0.7818314824680298,0.6234898018587336,-0.8660254037844384,-0.5000000000000004,0.0
2022-08-02,Beras Premium,9500.0,10000.0,Padi,Q2-2022,2022.0,12599.0,54.27975236000001,68387.06,2,8,2022,2.1313613861373426e-05,0.12220470618350987,0.18031580458481872,0.0,0.1735371405660902,0.9749279121818236,-0.22252093395631434,-0.8660254037844384,-0.5000000000000004,0.0
2022-08-03,Beras Premium,9500.0,10000.0,Padi,Q2-2022,2022.0,12599.0,54.27975236000001,68387.06,3,8,2022,2.1313613861373426e-05,0.12220470618350987,0.18031580458481872,0.0,0.1735371405660902,0.43388373911755823,-0.900968867902419,-0.8660254037844384,-0.5000000000000004,0.0
2022-08-04,Beras Premium,9500.0,10000.0,Padi,Q2-2022,2022.0,12599.0,54.27975236000001,68387.06,4,8,2022,2.1313613861373426e-05,0.12220470618350987,0.18031580458481872,0.0,0.1735371405660902,-0.433883739117558,-0.9009688679024191,-0.8660254037844384,-0.5000000000000004,0.0
2022-08-05,Beras Premium,9500.0,10000.0,Padi,Q2-2022,2022.0,12599.0,54.27975236000001,68387.06,5,8,2022,2.1313613861373426e-05,0.12220470618350987,0.18031580458481872,0.0,0.1735371405660902,-0.9749279121818236,-0.2225209339563146,-0.8660254037844384,-0.5000000000000004,0.0
2022-08-06,Beras Premium,9499.997291096848,9999.991986914498,Padi,Q2-2022,2022.0,12599.0,54.27975236000001,68387.06,6,8,2022,1.950254857963074e-05,0.12220107726354978,0.18031580458481872,0.0,0.1735371405660902,-0.7818314824680299,0.6234898018587334,-0.8660254037844384,-0.5000000000000004,0.0
2022-08-07,Beras Premium,9499.997136194566,9999.989323561394,Padi,Q2-2022,2022.0,12599.0,54.27975236000001,68387.06,7,8,2022,1.939898705316523e-05,0.12219987109955355,0.18031580458481872,0.0,0.1735371405660902,-2.4492935982947064e-16,1.0,-0.8660254037844384,-0.5000000000000004,0.0
2022-08-08,Beras Premium,9500.0,10000.0,Padi,Q2-2022,2022.0,12599.0,54.27975236000001,68387.06,8,8,2022,2.1313613861373426e-05,0.12220470618350987,0.18031580458481872,0.0,0.1735371405660902,0.7818314824680296,0.6234898018587337,-0.8660254037844384,-0.5000000000000004,0.0
2022-08-09,Beras Premium,9500.0,10000.0,Padi,Q2-2022,2022.0,12599.0,54.27975236000001,68387.06,9,8,2022,2.1313613861373426e-05,0.12220470618350987,0.18031580458481872,0.0,0.1735371405660902,0.9749279121818237,-0.2225209339563141,-0.8660254037844384,-0.5000000000000004,0.0
2022-08-10,Beras Premium,9500.0,10000.0,Padi,Q2-2022,2022.0,12599.0,54.27975236000001,68387.06,10,8,2022,2.1313613861373426e-05,0.12220470618350987,0.18031580458481872,0.0,0.1735371405660902,0.43388373911755845,-0.9009688679024189,-0.8660254037844384,-0.5000000000000004,0.0
2022-08-11,Beras Premium,9500.0,10000.0,Padi,Q2-2022,2022.0,12599.0,54.27975236000001,68387.06,11,8,2022,2.1313613861373426e-05,0.12220470618350987,0.18031580458481872,0.0,0.1735371405660902,-0.4338837391175562,-0.90096886790242,-0.8660254037844384,-0.5000000000000004,0.0
2022-08-12,Beras Premium,9500.0,10000.0,Padi,Q2-2022,2022.0,12599.0,54.27975236000001,68387.06,12,8,2022,2.1313613861373426e-05,0.12220470618350987,0.18031580458481872,0.0,0.1735371405660902,-0.9749279121818235,-0.2225209339563148,-0.8660254037844384,-0.5000000000000004,0.0
2022-08-13,Beras Premium,9499.9979457747,9999.989399714901,Padi,Q2-2022,2022.0,12599.0,54.27975236000001,68387.06,13,8,2022,1.994024024298824e-05,0.12219990558751448,0.18031580458481872,0.0,0.1735371405660902,-0.781831482468029,0.6234898018587346,-0.8660254037844384,-0.5000000000000004,0.0
2022-08-14,Beras Premium,9499.99851735926,9999.992460091422,Padi,Q2-2022,2022.0,12599.0,54.27975236000001,68387.06,14,8,2022,2.0322379025827786e-05,0.12220129155318737,0.18031580458481872,0.0,0.1735371405660902,-4.898587196589413e-16,1.0,-0.8660254037844384,-0.5000000000000004,0.0
2022-08-15,Beras Premium,9500.0,10000.0,Padi,Q2-2022,2022.0,12599.0,54.27975236000001,68387.06,15,8,2022,2.1313613861373426e-05,0.12220470618350987,0.18031580458481872,0.0,0.1735371405660902,0.7818314824680284,0.6234898018587354,-0.8660254037844384,-0.5000000000000004,0.0
2022-08-16,Beras Premium,9500.0,10000.0,Padi,Q2-2022,2022.0,12599.0,54.27975236000001,68387.06,16,8,2022,2.1313613861373426e-05,0.12220470618350987,0.18031580458481872,0.0,0.1735371405660902,0.9749279121818237,-0.22252093395631387,-0.8660254037844384,-0.5000000000000004,0.0
2022-08-17,Beras Premium,9500.001307204506,10000.004386273666,Padi,Q2-2022,2022.0,12599.0,54.27975236000001,68387.06,17,8,2022,2.218755898475422e-05,0.12220669261383676,0.18031580458481872,0.0,0.1735371405660902,0.43388373911755707,-0.9009688679024196,-0.8660254037844384,-0.5000000000000004,0.0
2022-08-18,Beras Premium,9500.0,10000.0,Padi,Q2-2022,2022.0,12599.0,54.27975236000001,68387.06,18,8,2022,2.1313613861373426e-05,0.12220470618350987,0.18031580458481872,0.0,0.1735371405660902,-0.43388373911755757,-0.9009688679024194,-0.8660254037844384,-0.5000000000000004,0.0
2022-08-19,Beras Premium,9500.0,10000.0,Padi,Q2-2022,2022.0,12599.0,54.27975236000001,68387.06,19,8,2022,2.1313613861373426e-05,0.12220470618350987,0.18031580458481872,0.0,0.1735371405660902,-0.9749279121818235,-0.22252093395631506,-0.8660254037844384,-0.5000000000000004,0.0
2022-08-20,Beras Premium,9500.02291896027,10000.01695237279,Padi,Q2-2022,2022.0,12599.0,54.27975236000001,68387.06,20,8,2022,3.6636322326089044e-05,0.12221238347635222,0.18031580458481872,0.0,0.1735371405660902,-0.7818314824680302,0.6234898018587329,-0.8660254037844384,-0.5000000000000004,0.0
2022-08-21,Beras Premium,9500.009514096297,9999.642079396426,Padi,Q2-2022,2022.0,12599.0,54.27975236000001,68387.06,21,8,2022,2.7674361563256866e-05,0.12204261316430198,0.18031580458481872,0.0,0.1735371405660902,-7.347880794884119e-16,1.0,-0.8660254037844384,-0.5000000000000004,0.0
2022-08-22,Beras Premium,9500.0,10000.0,Padi,Q2-2022,2022.0,12599.0,54.27975236000001,68387.06,22,8,2022,2.1313613861373426e-05,0.12220470618350987,0.18031580458481872,0.0,0.1735371405660902,0.7818314824680271,0.6234898018587369,-0.8660254037844384,-0.5000000000000004,0.0
2022-08-23,Beras Premium,9500.0,10000.0,Padi,Q2-2022,2022.0,12599.0,54.27975236000001,68387.06,23,8,2022,2.1313613861373426e-05,0.12220470618350987,0.18031580458481872,0.0,0.1735371405660902,0.9749279121818238,-0.22252093395631362,-0.8660254037844384,-0.5000000000000004,0.0
2022-08-24,Beras Premium,9500.0,10000.0,Padi,Q2-2022,2022.0,12599.0,54.27975236000001,68387.06,24,8,2022,2.1313613861373426e-05,0.12220470618350987,0.18031580458481872,0.0,0.1735371405660902,0.4338837391175589,-0.9009688679024188,-0.8660254037844384,-0.5000000000000004,0.0
2022-08-25,Beras Premium,9500.0,10000.0,Padi,Q2-2022,2022.0,12599.0,54.27975236000001,68387.06,25,8,2022,2.1313613861373426e-05,0.12220470618350987,0.18031580458481872,0.0,0.1735371405660902,-0.43388373911755734,-0.9009688679024195,-0.8660254037844384,-0.5000000000000004,0.0
2022-08-26,Beras Premium,9500.0,10000.0,Padi,Q2-2022,2022.0,12599.0,54.27975236000001,68387.06,26,8,2022,2.1313613861373426e-05,0.12220470618350987,0.18031580458481872,0.0,0.1735371405660902,-0.9749279121818242,-0.22252093395631184,-0.8660254037844384,-0.5000000000000004,0.0
2022-08-27,Beras Premium,9500.012742291176,9999.899122641653,Padi,Q2-2022,2022.0,12599.0,54.27975236000001,68387.06,27,8,2022,2.983260471278726e-05,0.12215902142711155,0.18031580458481872,0.0,0.1735371405660902,-0.7818314824680304,0.6234898018587328,-0.8660254037844384,-0.5000000000000004,0.0
2022-08-28,Beras Premium,9500.009724499867,9999.841041364552,Padi,Q2-2022,2022.0,12599.0,54.27975236000001,68387.06,28,8,2022,2.7815029050692885e-05,0.12213271791322988,0.18031580458481872,0.0,0.1735371405660902,-9.797174393178826e-16,1.0,-0.8660254037844384,-0.5000000000000004,0.0
2022-08-29,Beras Premium,9500.0,10000.0,Padi,Q2-2022,2022.0,12599.0,54.27975236000001,68387.06,29,8,2022,2.1313613861373426e-05,0.12220470618350987,0.18031580458481872,0.0,0.1735371405660902,0.7818314824680291,0.6234898018587344,-0.8660254037844384,-0.5000000000000004,0.0
2022-08-30,Beras Premium,9500.0,10000.0,Padi,Q2-2022,2022.0,12599.0,54.27975236000001,68387.06,30,8,2022,2.1313613861373426e-05,0.12220470618350987,0.18031580458481872,0.0,0.1735371405660902,0.9749279121818246,-0.22252093395630992,-0.8660254037844384,-0.5000000000000004,0.0
2022-08-31,Beras Premium,9500.0,10000.0,Padi,Q2-2022,2022.0,12599.0,54.27975236000001,68387.06,31,8,2022,2.1313613861373426e-05,0.12220470618350987,0.18031580458481872,0.0,0.1735371405660902,0.4338837391175591,-0.9009688679024187,-0.8660254037844384,-0.5000000000000004,0.0
2022-09-01,Beras Premium,9500.0,10000.0,Padi,Q3-2022,2022.0,6888.789699999999,55.24063247,38054.11,1,9,2022,2.1313613861373426e-05,0.12220470618350987,0.0,0.21269112111666644,0.0,0.7818314824680298,0.6234898018587336,-1.0,-1.8369701987210297e-16,0.0
2022-09-02,Beras Premium,9500.0,10000.0,Padi,Q3-2022,2022.0,6888.789699999999,55.24063247,38054.11,2,9,2022,2.1313613861373426e-05,0.12220470618350987,0.0,0.21269112111666644,0.0,0.9749279121818236,-0.22252093395631434,-1.0,-1.8369701987210297e-16,0.0
2022-09-03,Beras Premium,9499.99323442936,10000.052283331624,Padi,Q3-2022,2022.0,6888.789699999999,55.24063247,38054.11,3,9,2022,1.67904214789516e-05,0.12222838395727464,0.0,0.21269112111666644,0.0,0.43388373911755823,-0.900968867902419,-1.0,-1.8369701987210297e-16,0.0
2022-09-04,Beras Premium,9499.990878645147,10000.047941473658,Padi,Q3-2022,2022.0,6888.789699999999,55.24063247,38054.11,4,9,2022,1.5215437523252717e-05,0.12222641764167363,0.0,0.21269112111666644,0.0,-0.433883739117558,-0.9009688679024191,-1.0,-1.8369701987210297e-16,0.0
2022-09-05,Beras Premium,9500.0,10000.0,Padi,Q3-2022,2022.0,6888.789699999999,55.24063247,38054.11,5,9,2022,2.1313613861373426e-05,0.12220470618350987,0.0,0.21269112111666644,0.0,-0.9749279121818236,-0.2225209339563146,-1.0,-1.8369701987210297e-16,0.0
2022-09-06,Beras Premium,9500.0,10000.0,Padi,Q3-2022,2022.0,6888.789699999999,55.24063247,38054.11,6,9,2022,2.1313613861373426e-05,0.12220470618350987,0.0,0.21269112111666644,0.0,-0.7818314824680299,0.6234898018587334,-1.0,-1.8369701987210297e-16,0.0
2022-09-07,Beras Premium,9500.0,10000.0,Padi,Q3-2022,2022.0,6888.789699999999,55.24063247,38054.11,7,9,2022,2.1313613861373426e-05,0.12220470618350987,0.0,0.21269112111666644,0.0,-2.4492935982947064e-16,1.0,-1.0,-1.8369701987210297e-16,0.0
2022-09-08,Beras Premium,9500.0,10000.0,Padi,Q3-2022,2022.0,6888.789699999999,55.24063247,38054.11,8,9,2022,2.1313613861373426e-05,0.12220470618350987,0.0,0.21269112111666644,0.0,0.7818314824680296,0.6234898018587337,-1.0,-1.8369701987210297e-16,0.0
2022-09-09,Beras Premium,9500.0,10000.0,Padi,Q3-2022,2022.0,6888.789699999999,55.24063247,38054.11,9,9,2022,2.1313613861373426e-05,0.12220470618350987,0.0,0.21269112111666644,0.0,0.9749279121818237,-0.2225209339563141,-1.0,-1.8369701987210297e-16,0.0
2022-09-10,Beras Premium,9499.979714630263,9999.890453576676,Padi,Q3-2022,2022.0,6888.789699999999,55.24063247,38054.11,10,9,2022,7.751619647500263e-06,0.1221550954309496,0.0,0.21269112111666644,0.0,0.43388373911755845,-0.9009688679024189,-1.0,-1.8369701987210297e-16,0.0
2022-09-11,Beras Premium,9499.978250314785,9999.845604288104,Padi,Q3-2022,2022.0,6888.789699999999,55.24063247,38054.11,11,9,2022,6.772636356622286e-06,0.12213478434373837,0.0,0.21269112111666644,0.0,-0.4338837391175562,-0.90096886790242,-1.0,-1.8369701987210297e-16,0.0
2022-09-12,Beras Premium,9500.0,10000.0,Padi,Q3-2022,2022.0,6888.789699999999,55.24063247,38054.11,12,9,2022,2.1313613861373426e-05,0.12220470618350987,0.0,0.21269112111666644,0.0,-0.9749279121818235,-0.2225209339563148,-1.0,-1.8369701987210297e-16,0.0
2022-09-13,Beras Premium,9500.0,10000.0,Padi,Q3-2022,2022.0,6888.789699999999,55.24063247,38054.11,13,9,2022,2.1313613861373426e-05,0.12220470618350987,0.0,0.21269112111666644,0.0,-0.781831482468029,0.6234898018587346,-1.0,-1.8369701987210297e-16,0.0
2022-09-14,Beras Premium,9500.0,10000.0,Padi,Q3-2022,2022.0,6888.789699999999,55.24063247,38054.11,14,9,2022,2.1313613861373426e-05,0.12220470618350987,0.0,0.21269112111666644,0.0,-4.898587196589413e-16,1.0,-1.0,-1.8369701987210297e-16,0.0
2022-09-15,Beras Premium,9500.0,10000.0,Padi,Q3-2022,2022.0,6888.789699999999,55.24063247,38054.11,15,9,2022,2.1313613861373426e-05,0.12220470618350987,0.0,0.21269112111666644,0.0,0.7818314824680284,0.6234898018587354,-1.0,-1.8369701987210297e-16,0.0
2022-09-16,Beras Premium,9500.0,10000.0,Padi,Q3-2022,2022.0,6888.789699999999,55.24063247,38054.11,16,9,2022,2.1313613861373426e-05,0.12220470618350987,0.0,0.21269112111666644,0.0,0.9749279121818237,-0.22252093395631387,-1.0,-1.8369701987210297e-16,0.0
2022-09-17,Beras Premium,9499.969366967396,9999.380556396865,Padi,Q3-2022,2022.0,6888.789699999999,55.24063247,38054.11,17,9,2022,8.335823755700744e-07,0.12192417613618023,0.0,0.21269112111666644,0.0,0.43388373911755707,-0.9009688679024196,-1.0,-1.8369701987210297e-16,0.0
2022-09-18,Beras Premium,9500.1359696335,9999.278248808305,Padi,Q3-2022,2022.0,6888.789699999999,55.24063247,38054.11,18,9,2022,0.00011221752178691702,0.12187784366537002,0.0,0.21269112111666644,0.0,-0.43388373911755757,-0.9009688679024194,-1.0,-1.8369701987210297e-16,0.0
2022-09-19,Beras Premium,9500.0,10000.0,Padi,Q3-2022,2022.0,6888.789699999999,55.24063247,38054.11,19,9,2022,2.1313613861373426e-05,0.12220470618350987,0.0,0.21269112111666644,0.0,-0.9749279121818235,-0.22252093395631506,-1.0,-1.8369701987210297e-16,0.0
2022-09-20,Beras Premium,9500.0,10000.0,Padi,Q3-2022,2022.0,6888.789699999999,55.24063247,38054.11,20,9,2022,2.1313613861373426e-05,0.12220470618350987,0.0,0.21269112111666644,0.0,-0.7818314824680302,0.6234898018587329,-1.0,-1.8369701987210297e-16,0.0
2022-09-21,Beras Premium,9500.0,10000.0,Padi,Q3-2022,2022.0,6888.789699999999,55.24063247,38054.11,21,9,2022,2.1313613861373426e-05,0.12220470618350987,0.0,0.21269112111666644,0.0,-7.347880794884119e-16,1.0,-1.0,-1.8369701987210297e-16,0.0
2022-09-22,Beras Premium,9500.0,10000.0,Padi,Q3-2022,2022.0,6888.789699999999,55.24063247,38054.11,22,9,2022,2.1313613861373426e-05,0.12220470618350987,0.0,0.21269112111666644,0.0,0.7818314824680271,0.6234898018587369,-1.0,-1.8369701987210297e-16,0.0
2022-09-23,Beras Premium,9500.0,10000.0,Padi,Q3-2022,2022.0,6888.789699999999,55.24063247,38054.11,23,9,2022,2.1313613861373426e-05,0.12220470618350987,0.0,0.21269112111666644,0.0,0.9749279121818238,-0.22252093395631362,-1.0,-1.8369701987210297e-16,0.0
2022-09-24,Beras Premium,9509.674508769913,10000.563365448013,Padi,Q3-2022,2022.0,6888.789699999999,55.24063247,38054.11,24,9,2022,0.00648930673706527,0.12245983987928977,0.0,0.21269112111666644,0.0,0.4338837391175589,-0.9009688679024188,-1.0,-1.8369701987210297e-16,0.0
2022-09-25,Beras Premium,9516.059684928616,10000.614319478329,Padi,Q3-2022,2022.0,6888.789699999999,55.24063247,38054.11,25,9,2022,0.010758182446122255,0.12248291564674219,0.0,0.21269112111666644,0.0,-0.43388373911755734,-0.9009688679024195,-1.0,-1.8369701987210297e-16,0.0
2022-09-26,Beras Premium,9500.0,10000.0,Padi,Q3-2022,2022.0,6888.789699999999,55.24063247,38054.11,26,9,2022,2.1313613861373426e-05,0.12220470618350987,0.0,0.21269112111666644,0.0,-0.9749279121818242,-0.22252093395631184,-1.0,-1.8369701987210297e-16,0.0
2022-09-27,Beras Premium,9500.0,10000.0,Padi,Q3-2022,2022.0,6888.789699999999,55.24063247,38054.11,27,9,2022,2.1313613861373426e-05,0.12220470618350987,0.0,0.21269112111666644,0.0,-0.7818314824680304,0.6234898018587328,-1.0,-1.8369701987210297e-16,0.0
2022-09-28,Beras Premium,9500.0,10000.0,Padi,Q3-2022,2022.0,6888.789699999999,55.24063247,38054.11,28,9,2022,2.1313613861373426e-05,0.12220470618350987,0.0,0.21269112111666644,0.0,-9.797174393178826e-16,1.0,-1.0,-1.8369701987210297e-16,0.0
2022-09-29,Beras Premium,9500.0,10000.0,Padi,Q3-2022,2022.0,6888.789699999999,55.24063247,38054.11,29,9,2022,2.1313613861373426e-05,0.12220470618350987,0.0,0.21269112111666644,0.0,0.7818314824680291,0.6234898018587344,-1.0,-1.8369701987210297e-16,0.0
2022-09-30,Beras Premium,9500.0,10000.0,Padi,Q3-2022,2022.0,6888.789699999999,55.24063247,38054.11,30,9,2022,2.1313613861373426e-05,0.12220470618350987,0.0,0.21269112111666644,0.0,0.9749279121818246,-0.22252093395630992,-1.0,-1.8369701987210297e-16,0.0
2022-10-01,Beras Premium,9541.964664610963,10000.941465682901,Padi,Q3-2022,2022.0,6888.789699999999,55.24063247,38054.11,1,10,2022,0.028077225141420747,0.12263107173357213,0.0,0.21269112111666644,0.0,0.7818314824680298,0.6234898018587336,-0.8660254037844386,0.5000000000000001,0.0
2022-10-02,Beras Premium,9544.363975206108,10000.975672487246,Padi,Q3-2022,2022.0,6888.789699999999,55.24063247,38054.11,2,10,2022,0.029681309110840104,0.12264656311389022,0.0,0.21269112111666644,0.0,0.9749279121818236,-0.22252093395631434,-0.8660254037844386,0.5000000000000001,0.0
2022-10-03,Beras Premium,9500.0,10000.0,Padi,Q3-2022,2022.0,6888.789699999999,55.24063247,38054.11,3,10,2022,2.1313613861373426e-05,0.12220470618350987,0.0,0.21269112111666644,0.0,0.43388373911755823,-0.900968867902419,-0.8660254037844386,0.5000000000000001,0.0
2022-10-04,Beras Premium,9600.0,10000.0,Padi,Q3-2022,2022.0,6888.789699999999,55.24063247,38054.11,4,10,2022,0.06687735020477348,0.12220470618350987,0.0,0.21269112111666644,0.0,-0.433883739117558,-0.9009688679024191,-0.8660254037844386,0.5000000000000001,0.0
2022-10-05,Beras Premium,9600.0,10000.0,Padi,Q3-2022,2022.0,6888.789699999999,55.24063247,38054.11,5,10,2022,0.06687735020477348,0.12220470618350987,0.0,0.21269112111666644,0.0,-0.9749279121818236,-0.2225209339563146,-0.8660254037844386,0.5000000000000001,0.0
2022-10-06,Beras Premium,9600.0,10000.0,Padi,Q3-2022,2022.0,6888.789699999999,55.24063247,38054.11,6,10,2022,0.06687735020477348,0.12220470618350987,0.0,0.21269112111666644,0.0,-0.7818314824680299,0.6234898018587334,-0.8660254037844386,0.5000000000000001,0.0
2022-10-07,Beras Premium,9600.0,10000.0,Padi,Q3-2022,2022.0,6888.789699999999,55.24063247,38054.11,7,10,2022,0.06687735020477348,0.12220470618350987,0.0,0.21269112111666644,0.0,-2.4492935982947064e-16,1.0,-0.8660254037844386,0.5000000000000001,0.0
2022-10-08,Beras Premium,9557.613055250922,10000.828024768616,Padi,Q3-2022,2022.0,6888.789699999999,55.24063247,38054.11,8,10,2022,0.03853911891355999,0.12257969726640106,0.0,0.21269112111666644,0.0,0.7818314824680296,0.6234898018587337,-0.8660254037844386,0.5000000000000001,0.0
2022-10-09,Beras Premium,9560.208545557074,10000.72820500015,Padi,Q3-2022,2022.0,6888.789699999999,55.24063247,38054.11,9,10,2022,0.040274360862354364,0.12253449146521067,0.0,0.21269112111666644,0.0,0.9749279121818237,-0.2225209339563141,-0.8660254037844386,0.5000000000000001,0.0
2022-10-10,Beras Premium,9600.0,10000.0,Padi,Q3-2022,2022.0,6888.789699999999,55.24063247,38054.11,10,10,2022,0.06687735020477348,0.12220470618350987,0.0,0.21269112111666644,0.0,0.43388373911755845,-0.9009688679024189,-0.8660254037844386,0.5000000000000001,0.0
2022-10-11,Beras Premium,9600.0,10000.0,Padi,Q3-2022,2022.0,6888.789699999999,55.24063247,38054.11,11,10,2022,0.06687735020477348,0.12220470618350987,0.0,0.21269112111666644,0.0,-0.4338837391175562,-0.90096886790242,-0.8660254037844386,0.5000000000000001,0.0
2022-10-12,Beras Premium,9600.0,10000.0,Padi,Q3-2022,2022.0,6888.789699999999,55.24063247,38054.11,12,10,2022,0.06687735020477348,0.12220470618350987,0.0,0.21269112111666644,0.0,-0.9749279121818235,-0.2225209339563148,-0.8660254037844386,0.5000000000000001,0.0
2022-10-13,Beras Premium,9600.0,10000.0,Padi,Q3-2022,2022.0,6888.789699999999,55.24063247,38054.11,13,10,2022,0.06687735020477348,0.12220470618350987,0.0,0.21269112111666644,0.0,-0.781831482468029,0.6234898018587346,-0.8660254037844386,0.5000000000000001,0.0
2022-10-14,Beras Premium,9600.0,10000.0,Padi,Q3-2022,2022.0,6888.789699999999,55.24063247,38054.11,14,10,2022,0.06687735020477348,0.12220470618350987,0.0,0.21269112111666644,0.0,-4.898587196589413e-16,1.0,-0.8660254037844386,0.5000000000000001,0.0
2022-10-15,Beras Premium,9589.436147608834,9999.564722262568,Padi,Q3-2022,2022.0,6888.789699999999,55.24063247,38054.11,15,10,2022,0.05981477718472572,0.12200758011155521,0.0,0.21269112111666644,0.0,0.7818314824680284,0.6234898018587354,-0.8660254037844386,0.5000000000000001,0.0
2022-10-16,Beras Premium,9594.717207109537,9999.271486553407,Padi,Q3-2022,2022.0,6888.789699999999,55.24063247,38054.11,16,10,2022,0.063345484256903,0.12187478121436257,0.0,0.21269112111666644,0.0,0.9749279121818237,-0.22252093395631387,-0.8660254037844386,0.5000000000000001,0.0
2022-10-17,Beras Premium,9600.0,10000.0,Padi,Q3-2022,2022.0,6888.789699999999,55.24063247,38054.11,17,10,2022,0.06687735020477348,0.12220470618350987,0.0,0.21269112111666644,0.0,0.43388373911755707,-0.9009688679024196,-0.8660254037844386,0.5000000000000001,0.0
2022-10-18,Beras Premium,9600.0,10000.0,Padi,Q3-2022,2022.0,6888.789699999999,55.24063247,38054.11,18,10,2022,0.06687735020477348,0.12220470618350987,0.0,0.21269112111666644,0.0,-0.43388373911755757,-0.9009688679024194,-0.8660254037844386,0.5000000000000001,0.0
2022-10-19,Beras Premium,9600.0,10000.0,Padi,Q3-2022,2022.0,6888.789699999999,55.24063247,38054.11,19,10,2022,0.06687735020477348,0.12220470618350987,0.0,0.21269112111666644,0.0,-0.9749279121818235,-0.22252093395631506,-0.8660254037844386,0.5000000000000001,0.0
2022-10-20,Beras Premium,9600.0,10000.0,Padi,Q3-2022,2022.0,6888.789699999999,55.24063247,38054.11,20,10,2022,0.06687735020477348,0.12220470618350987,0.0,0.21269112111666644,0.0,-0.7818314824680302,0.6234898018587329,-0.8660254037844386,0.5000000000000001,0.0
2022-10-21,Beras Premium,9600.0,10000.0,Padi,Q3-2022,2022.0,6888.789699999999,55.24063247,38054.11,21,10,2022,0.06687735020477348,0.12220470618350987,0.0,0.21269112111666644,0.0,-7.347880794884119e-16,1.0,-0.8660254037844386,0.5000000000000001,0.0
2022-10-22,Beras Premium,9599.922976780284,9996.660531738795,Padi,Q3-2022,2022.0,6888.789699999999,55.24063247,38054.11,22,10,2022,0.06682585553281672,0.12069234705246057,0.0,0.21269112111666644,0.0,0.7818314824680271,0.6234898018587369,-0.8660254037844386,0.5000000000000001,0.0
2022-10-23,Beras Premium,9600.197475230732,10003.557836312246,Padi,Q3-2022,2022.0,6888.789699999999,55.24063247,38054.11,23,10,2022,0.0670093743172897,0.12381595857842242,0.0,0.21269112111666644,0.0,0.9749279121818238,-0.22252093395631362,-0.8660254037844386,0.5000000000000001,0.0
2022-10-24,Beras Premium,9600.0,10000.0,Padi,Q3-2022,2022.0,6888.789699999999,55.24063247,38054.11,24,10,2022,0.06687735020477348,0.12220470618350987,0.0,0.21269112111666644,0.0,0.4338837391175589,-0.9009688679024188,-0.8660254037844386,0.5000000000000001,0.0
2022-10-25,Beras Premium,9600.0,10000.0,Padi,Q3-2022,2022.0,6888.789699999999,55.24063247,38054.11,25,10,2022,0.06687735020477348,0.12220470618350987,0.0,0.21269112111666644,0.0,-0.43388373911755734,-0.9009688679024195,-0.8660254037844386,0.5000000000000001,0.0
2022-10-26,Beras Premium,9600.0,10000.0,Padi,Q3-2022,2022.0,6888.789699999999,55.24063247,38054.11,26,10,2022,0.06687735020477348,0.12220470618350987,0.0,0.21269112111666644,0.0,-0.9749279121818242,-0.22252093395631184,-0.8660254037844386,0.5000000000000001,0.0
2022-10-27,Beras Premium,9600.0,10000.0,Padi,Q3-2022,2022.0,6888.789699999999,55.24063247,38054.11,27,10,2022,0.06687735020477348,0.12220470618350987,0.0,0.21269112111666644,0.0,-0.7818314824680304,0.6234898018587328,-0.8660254037844386,0.5000000000000001,0.0
2022-10-28,Beras Premium,9600.0,10000.0,Padi,Q3-2022,2022.0,6888.789699999999,55.24063247,38054.11,28,10,2022,0.06687735020477348,0.12220470618350987,0.0,0.21269112111666644,0.0,-9.797174393178826e-16,1.0,-0.8660254037844386,0.5000000000000001,0.0
2022-10-29,Beras Premium,9599.992514027203,10003.764595384384,Padi,Q3-2022,2022.0,6888.789699999999,55.24063247,38054.11,29,10,2022,0.0668723453800606,0.12390959443485716,0.0,0.21269112111666644,0.0,0.7818314824680291,0.6234898018587344,-0.8660254037844386,0.5000000000000001,0.0
2022-10-30,Beras Premium,9599.992057905387,10003.762299822347,Padi,Q3-2022,2022.0,6888.789699999999,55.24063247,38054.11,30,10,2022,0.06687204043509265,0.12390855483395757,0.0,0.21269112111666644,0.0,0.9749279121818246,-0.22252093395630992,-0.8660254037844386,0.5000000000000001,0.0
2022-10-31,Beras Premium,9600.0,10000.0,Padi,Q3-2022,2022.0,6888.789699999999,55.24063247,38054.11,31,10,2022,0.06687735020477348,0.12220470618350987,0.0,0.21269112111666644,0.0,0.4338837391175591,-0.9009688679024187,-0.8660254037844386,0.5000000000000001,0.0
2022-11-01,Beras Premium,9599.989389765035,10003.753575996898,Padi,Q3-2022,2022.0,6888.789699999999,55.24063247,38054.11,1,11,2022,0.06687025662220236,0.1239046040381897,0.0,0.21269112111666644,0.0,0.7818314824680298,0.6234898018587336,-0.5000000000000004,0.8660254037844384,0.0
2022-11-02,Beras Premium,9599.987272242688,10003.753703584836,Padi,Q3-2022,2022.0,6888.789699999999,55.24063247,38054.11,2,11,2022,0.06686884093068723,0.12390466181947968,0.0,0.21269112111666644,0.0,0.9749279121818236,-0.22252093395631434,-0.5000000000000004,0.8660254037844384,0.0
2022-11-03,Beras Premium,9599.984698640568,10003.761030386764,Padi,Q3-2022,2022.0,6888.789699999999,55.24063247,38054.11,3,11,2022,0.06686712032231235,0.12390797993929059,0.0,0.21269112111666644,0.0,0.43388373911755823,-0.900968867902419,-0.5000000000000004,0.8660254037844384,0.0
2022-11-04,Beras Premium,9599.981720067546,10003.778702985006,Padi,Q3-2022,2022.0,6888.789699999999,55.24063247,38054.11,4,11,2022,0.06686512896644281,0.12391598340368404,0.0,0.21269112111666644,0.0,-0.433883739117558,-0.9009688679024191,-0.5000000000000004,0.8660254037844384,0.0
2022-11-05,Beras Premium,9599.978385821485,10003.8098955114,Padi,Q3-2022,2022.0,6888.789699999999,55.24063247,38054.11,5,11,2022,0.06686289982167626,0.12393010969518414,0.0,0.21269112111666644,0.0,-0.9749279121818236,-0.2225209339563146,-0.5000000000000004,0.8660254037844384,0.0
2022-11-06,Beras Premium,9599.974739387295,10003.857824222741,Padi,Q3-2022,2022.0,6888.789699999999,55.24063247,38054.11,6,11,2022,0.06686046196030038,0.12395181537362276,0.0,0.21269112111666644,0.0,-0.7818314824680299,0.6234898018587334,-0.5000000000000004,0.8660254037844384,0.0
2022-11-07,Beras Premium,9599.970815056986,10003.925723514256,Padi,Q3-2022,2022.0,6888.789699999999,55.24063247,38054.11,7,11,2022,0.06685783830859293,0.12398256521326267,0.0,0.21269112111666644,0.0,-2.4492935982947064e-16,1.0,-0.5000000000000004,0.8660254037844384,0.0
2022-11-08,Beras Premium,9599.96663820209,10004.016779570982,Padi,Q3-2022,2022.0,6888.789699999999,55.24063247,38054.11,8,11,2022,0.06685504582895518,0.1240238021552118,0.0,0.21269112111666644,0.0,0.7818314824680296,0.6234898018587337,-0.5000000000000004,0.8660254037844384,0.0
2022-11-09,Beras Premium,9599.962230091138,9999.300499348177,Padi,Q3-2022,2022.0,6888.789699999999,55.24063247,38054.11,9,11,2022,0.06685209874068399,0.12188792036157281,0.0,0.21269112111666644,0.0,0.9749279121818237,-0.2225209339563141,-0.5000000000000004,0.8660254037844384,0.0
2022-11-10,Beras Premium,9599.957615913998,10004.280479303849,Padi,Q3-2022,2022.0,6888.789699999999,55.24063247,38054.11,10,11,2022,0.06684901388472664,0.12414322496976204,0.0,0.21269112111666644,0.0,0.43388373911755845,-0.9009688679024189,-0.5000000000000004,0.8660254037844384,0.0
2022-11-11,Beras Premium,9599.952832300694,10004.458395574155,Padi,Q3-2022,2022.0,6888.789699999999,55.24063247,38054.11,11,11,2022,0.06684581575046611,0.12422379866440814,0.0,0.21269112111666644,0.0,-0.4338837391175562,-0.90096886790242,-0.5000000000000004,0.8660254037844384,0.0
2022-11-12,Beras Premium,9599.947930872204,10004.669351313934,Padi,Q3-2022,2022.0,6888.789699999999,55.24063247,38054.11,12,11,2022,0.06684253884964164,0.12431933508348791,0.0,0.21269112111666644,0.0,-0.9749279121818235,-0.2225209339563148,-0.5000000000000004,0.8660254037844384,0.0
2022-11-13,Beras Premium,9599.94297623988,10004.913731381164,Padi,Q3-2022,2022.0,6888.789699999999,55.24063247,38054.11,13,11,2022,0.06683922637884177,0.12443000851926023,0.0,0.21269112111666644,0.0,-0.781831482468029,0.6234898018587346,-0.5000000000000004,0.8660254037844384,0.0
2022-11-14,Beras Premium,9599.938038851196,10005.19051245685,Padi,Q3-2022,2022.0,6888.789699999999,55.24063247,38054.11,14,11,2022,0.06683592543645656,0.12455535553692076,0.0,0.21269112111666644,0.0,-4.898587196589413e-16,1.0,-0.5000000000000004,0.8660254037844384,0.0
2022-11-15,Beras Premium,9599.933186274468,10005.49738104174,Padi,Q3-2022,2022.0,6888.789699999999,55.24063247,38054.11,15,11,2022,0.06683268119598385,0.12469432841226791,0.0,0.21269112111666644,0.0,0.7818314824680284,0.6234898018587354,-0.5000000000000004,0.8660254037844384,0.0
2022-11-16,Beras Premium,9599.928486520841,10005.831242999026,Padi,Q3-2022,2022.0,6888.789699999999,55.24063247,38054.11,16,11,2022,0.06682953912697887,0.12484552589046416,0.0,0.21269112111666644,0.0,0.9749279121818237,-0.22252093395631387,-0.5000000000000004,0.8660254037844384,0.0
2022-11-17,Beras Premium,9600.083123209804,10006.188669822668,Padi,Q3-2022,2022.0,6888.789699999999,55.24063247,38054.11,17,11,2022,0.06693292308833598,0.12500739528946347,0.0,0.21269112111666644,0.0,0.43388373911755707,-0.9009688679024196,-0.5000000000000004,0.8660254037844384,0.0
2022-11-18,Beras Premium,9600.010347524532,10006.565554918618,Padi,Q3-2022,2022.0,6888.789699999999,55.24063247,38054.11,18,11,2022,0.06688426814956117,0.1251780768386297,0.0,0.21269112111666644,0.0,-0.43388373911755757,-0.9009688679024194,-0.5000000000000004,0.8660254037844384,0.0
2022-11-19,Beras Premium,9599.992226468632,9730.15752059716,Padi,Q3-2022,2022.0,6888.789699999999,55.24063247,38054.11,19,11,2022,0.06687215312979777,0.0,0.0,0.21269112111666644,0.0,-0.9749279121818235,-0.22252093395631506,-0.5000000000000004,0.8660254037844384,0.0
2022-11-20,Beras Premium,9599.96656137706,10082.529455550224,Padi,Q3-2022,2022.0,6888.789699999999,55.24063247,38054.11,20,11,2022,0.06685499446678467,0.15958017015537695,0.0,0.21269112111666644,0.0,-0.7818314824680302,0.6234898018587329,-0.5000000000000004,0.8660254037844384,0.0
2022-11-21,Beras Premium,9600.02990940677,10007.779532014994,Padi,Q3-2022,2022.0,6888.789699999999,55.24063247,38054.11,21,11,2022,0.06689734644870793,0.1257278557863497,0.0,0.21269112111666644,0.0,-7.347880794884119e-16,1.0,-0.5000000000000004,0.8660254037844384,0.0
2022-11-22,Beras Premium,9604.103862732303,10077.016222330058,Padi,Q3-2022,2022.0,6888.789699999999,55.24063247,38054.11,22,11,2022,0.06962103017472288,0.15708336888345453,0.0,0.21269112111666644,0.0,0.7818314824680271,0.6234898018587369,-0.5000000000000004,0.8660254037844384,0.0
2022-11-23,Beras Premium,9603.887802241938,10077.084543375142,Padi,Q3-2022,2022.0,6888.789699999999,55.24063247,38054.11,23,11,2022,0.06947658069422502,0.15711430972441942,0.0,0.21269112111666644,0.0,0.9749279121818238,-0.22252093395631362,-0.5000000000000004,0.8660254037844384,0.0
2022-11-24,Beras Premium,9603.671920562012,10080.206272608473,Padi,Q3-2022,2022.0,6888.789699999999,55.24063247,38054.11,24,11,2022,0.0693322507593015,0.15852806045998946,0.0,0.21269112111666644,0.0,0.4338837391175589,-0.9009688679024188,-0.5000000000000004,0.8660254037844384,0.0
2022-11-25,Beras Premium,9603.456314550704,10009.437608410099,Padi,Q3-2022,2022.0,6888.789699999999,55.24063247,38054.11,25,11,2022,0.06918810512548834,0.1264787558638396,0.0,0.21269112111666644,0.0,-0.43388373911755734,-0.9009688679024195,-0.5000000000000004,0.8660254037844384,0.0
2022-11-26,Beras Premium,9600.065763300963,10009.84200467217,Padi,Q3-2022,2022.0,6888.789699999999,55.24063247,38054.11,26,11,2022,0.06692131694132897,0.12666189651129223,0.0,0.21269112111666644,0.0,-0.9749279121818242,-0.22252093395631184,-0.5000000000000004,0.8660254037844384,0.0
2022-11-27,Beras Premium,9600.064086741158,10107.785261276553,Padi,Q3-2022,2022.0,6888.789699999999,55.24063247,38054.11,27,11,2022,0.06692019605989241,0.1710178738299204,0.0,0.21269112111666644,0.0,-0.7818314824680304,0.6234898018587328,-0.5000000000000004,0.8660254037844384,0.0
2022-11-28,Beras Premium,9600.062472694408,10120.885149947799,Padi,Q3-2022,2022.0,6888.789699999999,55.24063247,38054.11,28,11,2022,0.06691911697220565,0.17695047587852653,0.0,0.21269112111666644,0.0,-9.797174393178826e-16,1.0,-0.5000000000000004,0.8660254037844384,0.0
2022-11-29,Beras Premium,9600.060887320285,10135.156261344942,Padi,Q3-2022,2022.0,6888.789699999999,55.24063247,38054.11,29,11,2022,0.0669180570539023,0.18341349452206845,0.0,0.21269112111666644,0.0,0.7818314824680291,0.6234898018587344,-0.5000000000000004,0.8660254037844384,0.0
2022-11-30,Beras Premium,9600.059295510791,10150.356876754326,Padi,Q3-2022,2022.0,6888.789699999999,55.24063247,38054.11,30,11,2022,0.06691699283316499,0.19029746158323313,0.0,0.21269112111666644,0.0,0.9749279121818246,-0.22252093395630992,-0.5000000000000004,0.8660254037844384,0.0
2022-12-01,Beras Premium,9600.0,10000.0,Padi,Q3-2022,2022.0,6888.789699999999,55.24063247,38054.11,1,12,2022,0.06687735020477348,0.12220470618350987,0.0,0.21269112111666644,0.0,0.7818314824680298,0.6234898018587336,-2.4492935982947064e-16,1.0,0.0
2022-12-02,Beras Premium,9600.0,10000.0,Padi,Q3-2022,2022.0,6888.789699999999,55.24063247,38054.11,2,12,2022,0.06687735020477348,0.12220470618350987,0.0,0.21269112111666644,0.0,0.9749279121818236,-0.22252093395631434,-2.4492935982947064e-16,1.0,0.0
2022-12-03,Beras Premium,9600.054117510941,10185.40182651092,Padi,Q3-2022,2022.0,6888.789699999999,55.24063247,38054.11,3,12,2022,0.06691353102768982,0.20616841636284455,0.0,0.21269112111666644,0.0,0.43388373911755823,-0.900968867902419,-2.4492935982947064e-16,1.0,0.0
2022-12-04,Beras Premium,9600.052131195085,10200.16402675408,Padi,Q3-2022,2022.0,6888.789699999999,55.24063247,38054.11,4,12,2022,0.06691220305563483,0.21285383649139433,0.0,0.21269112111666644,0.0,-0.433883739117558,-0.9009688679024191,-2.4492935982947064e-16,1.0,0.0
2022-12-05,Beras Premium,9600.0,10000.0,Padi,Q3-2022,2022.0,6888.789699999999,55.24063247,38054.11,5,12,2022,0.06687735020477348,0.12220470618350987,0.0,0.21269112111666644,0.0,-0.9749279121818236,-0.2225209339563146,-2.4492935982947064e-16,1.0,0.0
2022-12-06,Beras Premium,9600.0,10000.0,Padi,Q3-2022,2022.0,6888.789699999999,55.24063247,38054.11,6,12,2022,0.06687735020477348,0.12220470618350987,0.0,0.21269112111666644,0.0,-0.7818314824680299,0.6234898018587334,-2.4492935982947064e-16,1.0,0.0
2022-12-07,Beras Premium,9600.0,10000.0,Padi,Q3-2022,2022.0,6888.789699999999,55.24063247,38054.11,7,12,2022,0.06687735020477348,0.12220470618350987,0.0,0.21269112111666644,0.0,-2.4492935982947064e-16,1.0,-2.4492935982947064e-16,1.0,0.0
2022-12-08,Beras Premium,9600.0,10000.0,Padi,Q3-2022,2022.0,6888.789699999999,55.24063247,38054.11,8,12,2022,0.06687735020477348,0.12220470618350987,0.0,0.21269112111666644,0.0,0.7818314824680296,0.6234898018587337,-2.4492935982947064e-16,1.0,0.0
2022-12-09,Beras Premium,9600.0,10000.0,Padi,Q3-2022,2022.0,6888.789699999999,55.24063247,38054.11,9,12,2022,0.06687735020477348,0.12220470618350987,0.0,0.21269112111666644,0.0,0.9749279121818237,-0.2225209339563141,-2.4492935982947064e-16,1.0,0.0
2022-12-10,Beras Premium,9600.034468478356,10281.652116858975,Padi,Q3-2022,2022.0,6888.789699999999,55.24063247,38054.11,10,12,2022,0.06690039446327489,0.24975769288480354,0.0,0.21269112111666644,0.0,0.43388373911755845,-0.9009688679024189,-2.4492935982947064e-16,1.0,0.0
2022-12-11,Beras Premium,9600.030129569097,10294.923497673262,Padi,Q3-2022,2022.0,6888.789699999999,55.24063247,38054.11,11,12,2022,0.06689749364051334,0.25576795930634155,0.0,0.21269112111666644,0.0,-0.4338837391175562,-0.90096886790242,-2.4492935982947064e-16,1.0,0.0
2022-12-12,Beras Premium,9600.0,10000.0,Padi,Q3-2022,2022.0,6888.789699999999,55.24063247,38054.11,12,12,2022,0.06687735020477348,0.12220470618350987,0.0,0.21269112111666644,0.0,-0.9749279121818235,-0.2225209339563148,-2.4492935982947064e-16,1.0,0.0
2022-12-13,Beras Premium,9600.0,10000.0,Padi,Q3-2022,2022.0,6888.789699999999,55.24063247,38054.11,13,12,2022,0.06687735020477348,0.12220470618350987,0.0,0.21269112111666644,0.0,-0.781831482468029,0.6234898018587346,-2.4492935982947064e-16,1.0,0.0
2022-12-14,Beras Premium,9600.0,10000.0,Padi,Q3-2022,2022.0,6888.789699999999,55.24063247,38054.11,14,12,2022,0.06687735020477348,0.12220470618350987,0.0,0.21269112111666644,0.0,-4.898587196589413e-16,1.0,-2.4492935982947064e-16,1.0,0.0
2022-12-15,Beras Premium,9600.0,10000.0,Padi,Q3-2022,2022.0,6888.789699999999,55.24063247,38054.11,15,12,2022,0.06687735020477348,0.12220470618350987,0.0,0.21269112111666644,0.0,0.7818314824680284,0.6234898018587354,-2.4492935982947064e-16,1.0,0.0
2022-12-16,Beras Premium,9600.0,10000.0,Padi,Q3-2022,2022.0,6888.789699999999,55.24063247,38054.11,16,12,2022,0.06687735020477348,0.12220470618350987,0.0,0.21269112111666644,0.0,0.9749279121818237,-0.22252093395631387,-2.4492935982947064e-16,1.0,0.0
2022-12-17,Beras Premium,9599.956793413863,10376.836177038507,Padi,Q3-2022,2022.0,6888.789699999999,55.24063247,38054.11,17,12,2022,0.06684846399373612,0.29286410123583373,0.0,0.21269112111666644,0.0,0.43388373911755707,-0.9009688679024196,-2.4492935982947064e-16,1.0,0.0
2022-12-18,Beras Premium,9599.991610031175,10390.370838173687,Padi,Q3-2022,2022.0,6888.789699999999,55.24063247,38054.11,18,12,2022,0.06687174100414506,0.2989936005310456,0.0,0.21269112111666644,0.0,-0.43388373911755757,-0.9009688679024194,-2.4492935982947064e-16,1.0,0.0
2022-12-19,Beras Premium,9600.0,10000.0,Padi,Q3-2022,2022.0,6888.789699999999,55.24063247,38054.11,19,12,2022,0.06687735020477348,0.12220470618350987,0.0,0.21269112111666644,0.0,-0.9749279121818235,-0.22252093395631506,-2.4492935982947064e-16,1.0,0.0
2022-12-20,Beras Premium,9600.0,10000.0,Padi,Q3-2022,2022.0,6888.789699999999,55.24063247,38054.11,20,12,2022,0.06687735020477348,0.12220470618350987,0.0,0.21269112111666644,0.0,-0.7818314824680302,0.6234898018587329,-2.4492935982947064e-16,1.0,0.0
2022-12-21,Beras Premium,9600.0,10000.0,Padi,Q3-2022,2022.0,6888.789699999999,55.24063247,38054.11,21,12,2022,0.06687735020477348,0.12220470618350987,0.0,0.21269112111666644,0.0,-7.347880794884119e-16,1.0,-2.4492935982947064e-16,1.0,0.0
2022-12-22,Beras Premium,9600.0,10000.0,Padi,Q3-2022,2022.0,6888.789699999999,55.24063247,38054.11,22,12,2022,0.06687735020477348,0.12220470618350987,0.0,0.21269112111666644,0.0,0.7818314824680271,0.6234898018587369,-2.4492935982947064e-16,1.0,0.0
2022-12-23,Beras Premium,9600.0,10000.0,Padi,Q3-2022,2022.0,6888.789699999999,55.24063247,38054.11,23,12,2022,0.06687735020477348,0.12220470618350987,0.0,0.21269112111666644,0.0,0.9749279121818238,-0.22252093395631362,-2.4492935982947064e-16,1.0,0.0
2022-12-24,Beras Premium,9607.733055505847,10587.455000669608,Padi,Q3-2022,2022.0,6888.789699999999,55.24063247,38054.11,24,12,2022,0.0720473646233577,0.3882479396719267,0.0,0.21269112111666644,0.0,0.4338837391175589,-0.9009688679024188,-2.4492935982947064e-16,1.0,0.0
2022-12-25,Beras Premium,9610.871977699022,10760.7909531481,Padi,Q3-2022,2022.0,6888.789699999999,55.24063247,38054.11,25,12,2022,0.07414592359338723,0.4667473263902435,0.0,0.21269112111666644,0.0,-0.43388373911755734,-0.9009688679024195,-2.4492935982947064e-16,1.0,0.0
2022-12-26,Beras Premium,9600.0,10000.0,Padi,Q3-2022,2022.0,6888.789699999999,55.24063247,38054.11,26,12,2022,0.06687735020477348,0.12220470618350987,0.0,0.21269112111666644,0.0,-0.9749279121818242,-0.22252093395631184,-2.4492935982947064e-16,1.0,0.0
2022-12-27,Beras Premium,9600.0,10000.0,Padi,Q3-2022,2022.0,6888.789699999999,55.24063247,38054.11,27,12,2022,0.06687735020477348,0.12220470618350987,0.0,0.21269112111666644,0.0,-0.7818314824680304,0.6234898018587328,-2.4492935982947064e-16,1.0,0.0
2022-12-28,Beras Premium,9600.0,10000.0,Padi,Q3-2022,2022.0,6888.789699999999,55.24063247,38054.11,28,12,2022,0.06687735020477348,0.12220470618350987,0.0,0.21269112111666644,0.0,-9.797174393178826e-16,1.0,-2.4492935982947064e-16,1.0,0.0
2022-12-29,Beras Premium,9600.0,10000.0,Padi,Q3-2022,2022.0,6888.789699999999,55.24063247,38054.11,29,12,2022,0.06687735020477348,0.12220470618350987,0.0,0.21269112111666644,0.0,0.7818314824680291,0.6234898018587344,-2.4492935982947064e-16,1.0,0.0
2022-12-30,Beras Premium,9600.0,10000.0,Padi,Q3-2022,2022.0,6888.789699999999,55.24063247,38054.11,30,12,2022,0.06687735020477348,0.12220470618350987,0.0,0.21269112111666644,0.0,0.9749279121818246,-0.22252093395630992,-2.4492935982947064e-16,1.0,0.0
2022-12-31,Beras Premium,9741.39165693485,10649.043006701782,Padi,Q3-2022,2022.0,6888.789699999999,55.24063247,38054.11,31,12,2022,0.1614062081016323,0.4161395607326499,0.0,0.21269112111666644,0.0,0.4338837391175591,-0.9009688679024187,-2.4492935982947064e-16,1.0,0.0
2023-01-01,Beras Premium,9755.364551107354,10591.346490427353,Padi,Q1-2023,2023.0,27965.3606,55.22955171000001,154451.4329,1,1,2023,0.17074793134241073,0.3900102951154203,0.6655514665935293,0.21023839132998923,0.6659180391493043,0.7818314824680298,0.6234898018587336,0.49999999999999994,0.8660254037844387,1.0
2023-01-02,Beras Premium,9600.0,10000.0,Padi,Q1-2023,2023.0,27965.3606,55.22955171000001,154451.4329,2,1,2023,0.06687735020477348,0.12220470618350987,0.6655514665935293,0.21023839132998923,0.6659180391493043,0.9749279121818236,-0.22252093395631434,0.49999999999999994,0.8660254037844387,1.0
2023-01-03,Beras Premium,9600.0,10000.0,Padi,Q1-2023,2023.0,27965.3606,55.22955171000001,154451.4329,3,1,2023,0.06687735020477348,0.12220470618350987,0.6655514665935293,0.21023839132998923,0.6659180391493043,0.43388373911755823,-0.900968867902419,0.49999999999999994,0.8660254037844387,1.0
2023-01-04,Beras Premium,9600.0,10000.0,Padi,Q1-2023,2023.0,27965.3606,55.22955171000001,154451.4329,4,1,2023,0.06687735020477348,0.12220470618350987,0.6655514665935293,0.21023839132998923,0.6659180391493043,-0.433883739117558,-0.9009688679024191,0.49999999999999994,0.8660254037844387,1.0
2023-01-05,Beras Premium,9600.0,10000.0,Padi,Q1-2023,2023.0,27965.3606,55.22955171000001,154451.4329,5,1,2023,0.06687735020477348,0.12220470618350987,0.6655514665935293,0.21023839132998923,0.6659180391493043,-0.9749279121818236,-0.2225209339563146,0.49999999999999994,0.8660254037844387,1.0
2023-01-06,Beras Premium,9600.0,10000.0,Padi,Q1-2023,2023.0,27965.3606,55.22955171000001,154451.4329,6,1,2023,0.06687735020477348,0.12220470618350987,0.6655514665935293,0.21023839132998923,0.6659180391493043,-0.7818314824680299,0.6234898018587334,0.49999999999999994,0.8660254037844387,1.0
2023-01-07,Beras Premium,9817.992275296427,10685.42480877065,Padi,Q1-2023,2023.0,27965.3606,55.22955171000001,154451.4329,7,1,2023,0.21261834554231207,0.4326159414792672,0.6655514665935293,0.21023839132998923,0.6659180391493043,-2.4492935982947064e-16,1.0,0.49999999999999994,0.8660254037844387,1.0
2023-01-08,Beras Premium,9827.923791731624,10727.039349118082,Padi,Q1-2023,2023.0,27965.3606,55.22955171000001,154451.4329,8,1,2023,0.21925816380426078,0.4514620945659651,0.6655514665935293,0.21023839132998923,0.6659180391493043,0.7818314824680296,0.6234898018587337,0.49999999999999994,0.8660254037844387,1.0
2023-01-09,Beras Premium,10000.0,11100.0,Padi,Q1-2023,2023.0,27965.3606,55.22955171000001,154451.4329,9,1,2023,0.33430149656841834,0.6203663636784418,0.6655514665935293,0.21023839132998923,0.6659180391493043,0.9749279121818237,-0.2225209339563141,0.49999999999999994,0.8660254037844387,1.0
2023-01-10,Beras Premium,10000.0,11100.0,Padi,Q1-2023,2023.0,27965.3606,55.22955171000001,154451.4329,10,1,2023,0.33430149656841834,0.6203663636784418,0.6655514665935293,0.21023839132998923,0.6659180391493043,0.43388373911755845,-0.9009688679024189,0.49999999999999994,0.8660254037844387,1.0
2023-01-11,Beras Premium,10000.0,11100.0,Padi,Q1-2023,2023.0,27965.3606,55.22955171000001,154451.4329,11,1,2023,0.33430149656841834,0.6203663636784418,0.6655514665935293,0.21023839132998923,0.6659180391493043,-0.4338837391175562,-0.90096886790242,0.49999999999999994,0.8660254037844387,1.0
2023-01-12,Beras Premium,10000.0,11100.0,Padi,Q1-2023,2023.0,27965.3606,55.22955171000001,154451.4329,12,1,2023,0.33430149656841834,0.6203663636784418,0.6655514665935293,0.21023839132998923,0.6659180391493043,-0.9749279121818235,-0.2225209339563148,0.49999999999999994,0.8660254037844387,1.0
2023-01-13,Beras Premium,10000.0,11100.0,Padi,Q1-2023,2023.0,27965.3606,55.22955171000001,154451.4329,13,1,2023,0.33430149656841834,0.6203663636784418,0.6655514665935293,0.21023839132998923,0.6659180391493043,-0.781831482468029,0.6234898018587346,0.49999999999999994,0.8660254037844387,1.0
2023-01-14,Beras Premium,9892.51338362192,10797.68311856288,Padi,Q1-2023,2023.0,27965.3606,55.22955171000001,154451.4329,14,1,2023,0.2624402049923562,0.48345483754624663,0.6655514665935293,0.21023839132998923,0.6659180391493043,-4.898587196589413e-16,1.0,0.49999999999999994,0.8660254037844387,1.0
2023-01-15,Beras Premium,9905.614096363308,10812.630393323989,Padi,Q1-2023,2023.0,27965.3606,55.22955171000001,154451.4329,15,1,2023,0.2711988222964097,0.4902240731553613,0.6655514665935293,0.21023839132998923,0.6659180391493043,0.7818314824680284,0.6234898018587354,0.49999999999999994,0.8660254037844387,1.0
2023-01-16,Beras Premium,10000.0,11100.0,Padi,Q1-2023,2023.0,27965.3606,55.22955171000001,154451.4329,16,1,2023,0.33430149656841834,0.6203663636784418,0.6655514665935293,0.21023839132998923,0.6659180391493043,0.9749279121818237,-0.22252093395631387,0.49999999999999994,0.8660254037844387,1.0
2023-01-17,Beras Premium,10000.0,11100.0,Padi,Q1-2023,2023.0,27965.3606,55.22955171000001,154451.4329,17,1,2023,0.33430149656841834,0.6203663636784418,0.6655514665935293,0.21023839132998923,0.6659180391493043,0.43388373911755707,-0.9009688679024196,0.49999999999999994,0.8660254037844387,1.0
2023-01-18,Beras Premium,10000.0,11100.0,Padi,Q1-2023,2023.0,27965.3606,55.22955171000001,154451.4329,18,1,2023,0.33430149656841834,0.6203663636784418,0.6655514665935293,0.21023839132998923,0.6659180391493043,-0.43388373911755757,-0.9009688679024194,0.49999999999999994,0.8660254037844387,1.0
2023-01-19,Beras Premium,10000.0,11100.0,Padi,Q1-2023,2023.0,27965.3606,55.22955171000001,154451.4329,19,1,2023,0.33430149656841834,0.6203663636784418,0.6655514665935293,0.21023839132998923,0.6659180391493043,-0.9749279121818235,-0.22252093395631506,0.49999999999999994,0.8660254037844387,1.0
2023-01-20,Beras Premium,10000.0,11100.0,Padi,Q1-2023,2023.0,27965.3606,55.22955171000001,154451.4329,20,1,2023,0.33430149656841834,0.6203663636784418,0.6655514665935293,0.21023839132998923,0.6659180391493043,-0.7818314824680302,0.6234898018587329,0.49999999999999994,0.8660254037844387,1.0
2023-01-21,Beras Premium,10000.00091366172,11092.978308531026,Padi,Q1-2023,2023.0,27965.3606,55.22955171000001,154451.4329,21,1,2023,0.3343021074064323,0.6171864205324402,0.6655514665935293,0.21023839132998923,0.6659180391493043,-7.347880794884119e-16,1.0,0.49999999999999994,0.8660254037844387,1.0
2023-01-22,Beras Premium,9999.9990858823,11093.153023499795,Padi,Q1-2023,2023.0,27965.3606,55.22955171000001,154451.4329,22,1,2023,0.3343008854255549,0.6172655444401052,0.6655514665935293,0.21023839132998923,0.6659180391493043,0.7818314824680271,0.6234898018587369,0.49999999999999994,0.8660254037844387,1.0
2023-01-23,Beras Premium,10000.0,11100.0,Padi,Q1-2023,2023.0,27965.3606,55.22955171000001,154451.4329,23,1,2023,0.33430149656841834,0.6203663636784418,0.6655514665935293,0.21023839132998923,0.6659180391493043,0.9749279121818238,-0.22252093395631362,0.49999999999999994,0.8660254037844387,1.0
2023-01-24,Beras Premium,10000.0,11100.0,Padi,Q1-2023,2023.0,27965.3606,55.22955171000001,154451.4329,24,1,2023,0.33430149656841834,0.6203663636784418,0.6655514665935293,0.21023839132998923,0.6659180391493043,0.4338837391175589,-0.9009688679024188,0.49999999999999994,0.8660254037844387,1.0
2023-01-25,Beras Premium,10000.0,11100.0,Padi,Q1-2023,2023.0,27965.3606,55.22955171000001,154451.4329,25,1,2023,0.33430149656841834,0.6203663636784418,0.6655514665935293,0.21023839132998923,0.6659180391493043,-0.43388373911755734,-0.9009688679024195,0.49999999999999994,0.8660254037844387,1.0
2023-01-26,Beras Premium,10000.0,11100.0,Padi,Q1-2023,2023.0,27965.3606,55.22955171000001,154451.4329,26,1,2023,0.33430149656841834,0.6203663636784418,0.6655514665935293,0.21023839132998923,0.6659180391493043,-0.9749279121818242,-0.22252093395631184,0.49999999999999994,0.8660254037844387,1.0
2023-01-27,Beras Premium,10000.0,11100.0,Padi,Q1-2023,2023.0,27965.3606,55.22955171000001,154451.4329,27,1,2023,0.33430149656841834,0.6203663636784418,0.6655514665935293,0.21023839132998923,0.6659180391493043,-0.7818314824680304,0.6234898018587328,0.49999999999999994,0.8660254037844387,1.0
2023-01-28,Beras Premium,9993.749771200568,11094.70251666058,Padi,Q1-2023,2023.0,27965.3606,55.22955171000001,154451.4329,28,1,2023,0.33012284131525504,0.617967269968517,0.6655514665935293,0.21023839132998923,0.6659180391493043,-9.797174393178826e-16,1.0,0.49999999999999994,0.8660254037844387,1.0
2023-01-29,Beras Premium,9994.427168688157,11095.149113643449,Padi,Q1-2023,2023.0,27965.3606,55.22955171000001,154451.4329,29,1,2023,0.3305757224274233,0.6181695222350791,0.6655514665935293,0.21023839132998923,0.6659180391493043,0.7818314824680291,0.6234898018587344,0.49999999999999994,0.8660254037844387,1.0
2023-01-30,Beras Premium,10000.0,11100.0,Padi,Q1-2023,2023.0,27965.3606,55.22955171000001,154451.4329,30,1,2023,0.33430149656841834,0.6203663636784418,0.6655514665935293,0.21023839132998923,0.6659180391493043,0.9749279121818246,-0.22252093395630992,0.49999999999999994,0.8660254037844387,1.0
2023-01-31,Beras Premium,10000.0,11100.0,Padi,Q1-2023,2023.0,27965.3606,55.22955171000001,154451.4329,31,1,2023,0.33430149656841834,0.6203663636784418,0.6655514665935293,0.21023839132998923,0.6659180391493043,0.4338837391175591,-0.9009688679024187,0.49999999999999994,0.8660254037844387,1.0
2023-02-01,Beras Premium,10000.0,11100.0,Padi,Q1-2023,2023.0,27965.3606,55.22955171000001,154451.4329,1,2,2023,0.33430149656841834,0.6203663636784418,0.6655514665935293,0.21023839132998923,0.6659180391493043,0.7818314824680298,0.6234898018587336,0.8660254037844386,0.5000000000000001,1.0
2023-02-02,Beras Premium,10000.0,11100.0,Padi,Q1-2023,2023.0,27965.3606,55.22955171000001,154451.4329,2,2,2023,0.33430149656841834,0.6203663636784418,0.6655514665935293,0.21023839132998923,0.6659180391493043,0.9749279121818236,-0.22252093395631434,0.8660254037844386,0.5000000000000001,1.0
2023-02-03,Beras Premium,10000.0,11100.0,Padi,Q1-2023,2023.0,27965.3606,55.22955171000001,154451.4329,3,2,2023,0.33430149656841834,0.6203663636784418,0.6655514665935293,0.21023839132998923,0.6659180391493043,0.43388373911755823,-0.900968867902419,0.8660254037844386,0.5000000000000001,1.0
2023-02-04,Beras Premium,9993.316729919006,10969.793485408463,Padi,Q1-2023,2023.0,27965.3606,55.22955171000001,154451.4329,4,2,2023,0.3298333270776004,0.5613991881097533,0.6655514665935293,0.21023839132998923,0.6659180391493043,-0.433883739117558,-0.9009688679024191,0.8660254037844386,0.5000000000000001,1.0
2023-02-05,Beras Premium,9993.504424732067,10973.815632198848,Padi,Q1-2023,2023.0,27965.3606,55.22955171000001,154451.4329,5,2,2023,0.3299588123904993,0.5632207147568309,0.6655514665935293,0.21023839132998923,0.6659180391493043,-0.9749279121818236,-0.2225209339563146,0.8660254037844386,0.5000000000000001,1.0
2023-02-06,Beras Premium,10000.0,11500.0,Padi,Q1-2023,2023.0,27965.3606,55.22955171000001,154451.4329,6,2,2023,0.33430149656841834,0.8015160573129636,0.6655514665935293,0.21023839132998923,0.6659180391493043,-0.7818314824680299,0.6234898018587334,0.8660254037844386,0.5000000000000001,1.0
2023-02-07,Beras Premium,10000.0,11500.0,Padi,Q1-2023,2023.0,27965.3606,55.22955171000001,154451.4329,7,2,2023,0.33430149656841834,0.8015160573129636,0.6655514665935293,0.21023839132998923,0.6659180391493043,-2.4492935982947064e-16,1.0,0.8660254037844386,0.5000000000000001,1.0
2023-02-08,Beras Premium,10000.0,11500.0,Padi,Q1-2023,2023.0,27965.3606,55.22955171000001,154451.4329,8,2,2023,0.33430149656841834,0.8015160573129636,0.6655514665935293,0.21023839132998923,0.6659180391493043,0.7818314824680296,0.6234898018587337,0.8660254037844386,0.5000000000000001,1.0
2023-02-09,Beras Premium,10000.0,11500.0,Padi,Q1-2023,2023.0,27965.3606,55.22955171000001,154451.4329,9,2,2023,0.33430149656841834,0.8015160573129636,0.6655514665935293,0.21023839132998923,0.6659180391493043,0.9749279121818237,-0.2225209339563141,0.8660254037844386,0.5000000000000001,1.0
2023-02-10,Beras Premium,10000.0,11500.0,Padi,Q1-2023,2023.0,27965.3606,55.22955171000001,154451.4329,10,2,2023,0.33430149656841834,0.8015160573129636,0.6655514665935293,0.21023839132998923,0.6659180391493043,0.43388373911755845,-0.9009688679024189,0.8660254037844386,0.5000000000000001,1.0
2023-02-11,Beras Premium,9994.964121330282,10998.188192942183,Padi,Q1-2023,2023.0,27965.3606,55.22955171000001,154451.4329,11,2,2023,0.33093470768231814,0.5742584195361911,0.6655514665935293,0.21023839132998923,0.6659180391493043,-0.4338837391175562,-0.90096886790242,0.8660254037844386,0.5000000000000001,1.0
2023-02-12,Beras Premium,9995.214625041557,11003.4543184694,Padi,Q1-2023,2023.0,27965.3606,55.22955171000001,154451.4329,12,2,2023,0.33110218453519025,0.5766433121009316,0.6655514665935293,0.21023839132998923,0.6659180391493043,-0.9749279121818235,-0.2225209339563148,0.8660254037844386,0.5000000000000001,1.0
2023-02-13,Beras Premium,10000.0,11500.0,Padi,Q1-2023,2023.0,27965.3606,55.22955171000001,154451.4329,13,2,2023,0.33430149656841834,0.8015160573129636,0.6655514665935293,0.21023839132998923,0.6659180391493043,-0.781831482468029,0.6234898018587346,0.8660254037844386,0.5000000000000001,1.0
2023-02-14,Beras Premium,10000.0,11500.0,Padi,Q1-2023,2023.0,27965.3606,55.22955171000001,154451.4329,14,2,2023,0.33430149656841834,0.8015160573129636,0.6655514665935293,0.21023839132998923,0.6659180391493043,-4.898587196589413e-16,1.0,0.8660254037844386,0.5000000000000001,1.0
2023-02-15,Beras Premium,10000.0,11500.0,Padi,Q1-2023,2023.0,27965.3606,55.22955171000001,154451.4329,15,2,2023,0.33430149656841834,0.8015160573129636,0.6655514665935293,0.21023839132998923,0.6659180391493043,0.7818314824680284,0.6234898018587354,0.8660254037844386,0.5000000000000001,1.0
2023-02-16,Beras Premium,10000.0,11500.0,Padi,Q1-2023,2023.0,27965.3606,55.22955171000001,154451.4329,16,2,2023,0.33430149656841834,0.8015160573129636,0.6655514665935293,0.21023839132998923,0.6659180391493043,0.9749279121818237,-0.22252093395631387,0.8660254037844386,0.5000000000000001,1.0
2023-02-17,Beras Premium,10000.0,11500.0,Padi,Q1-2023,2023.0,27965.3606,55.22955171000001,154451.4329,17,2,2023,0.33430149656841834,0.8015160573129636,0.6655514665935293,0.21023839132998923,0.6659180391493043,0.43388373911755707,-0.9009688679024196,0.8660254037844386,0.5000000000000001,1.0
2023-02-18,Beras Premium,9998.271385353288,11230.682059774348,Padi,Q1-2023,2023.0,27965.3606,55.22955171000001,154451.4329,18,2,2023,0.33314581332769677,0.6795489014075704,0.6655514665935293,0.21023839132998923,0.6659180391493043,-0.43388373911755757,-0.9009688679024194,0.8660254037844386,0.5000000000000001,1.0
2023-02-19,Beras Premium,9999.584543595425,11050.592454384143,Padi,Q1-2023,2023.0,27965.3606,55.22955171000001,154451.4329,19,2,2023,0.3340237388825571,0.5979909592995769,0.6655514665935293,0.21023839132998923,0.6659180391493043,-0.9749279121818235,-0.22252093395631506,0.8660254037844386,0.5000000000000001,1.0
2023-02-20,Beras Premium,10500.0,11900.0,Padi,Q1-2023,2023.0,27965.3606,55.22955171000001,154451.4329,20,2,2023,0.6685816795229753,0.9826657509474845,0.6655514665935293,0.21023839132998923,0.6659180391493043,-0.7818314824680302,0.6234898018587329,0.8660254037844386,0.5000000000000001,1.0
2023-02-21,Beras Premium,10500.0,11900.0,Padi,Q1-2023,2023.0,27965.3606,55.22955171000001,154451.4329,21,2,2023,0.6685816795229753,0.9826657509474845,0.6655514665935293,0.21023839132998923,0.6659180391493043,-7.347880794884119e-16,1.0,0.8660254037844386,0.5000000000000001,1.0
2023-02-22,Beras Premium,10500.0,11900.0,Padi,Q1-2023,2023.0,27965.3606,55.22955171000001,154451.4329,22,2,2023,0.6685816795229753,0.9826657509474845,0.6655514665935293,0.21023839132998923,0.6659180391493043,0.7818314824680271,0.6234898018587369,0.8660254037844386,0.5000000000000001,1.0
2023-02-23,Beras Premium,10500.0,11900.0,Padi,Q1-2023,2023.0,27965.3606,55.22955171000001,154451.4329,23,2,2023,0.6685816795229753,0.9826657509474845,0.6655514665935293,0.21023839132998923,0.6659180391493043,0.9749279121818238,-0.22252093395631362,0.8660254037844386,0.5000000000000001,1.0
2023-02-24,Beras Premium,10500.0,11900.0,Padi,Q1-2023,2023.0,27965.3606,55.22955171000001,154451.4329,24,2,2023,0.6685816795229753,0.9826657509474845,0.6655514665935293,0.21023839132998923,0.6659180391493043,0.4338837391175589,-0.9009688679024188,0.8660254037844386,0.5000000000000001,1.0
2023-02-25,Beras Premium,10001.421888784125,11261.38604030585,Padi,Q1-2023,2023.0,27965.3606,55.22955171000001,154451.4329,25,2,2023,0.3352521150542156,0.6934539430741751,0.6655514665935293,0.21023839132998923,0.6659180391493043,-0.43388373911755734,-0.9009688679024195,0.8660254037844386,0.5000000000000001,1.0
2023-02-26,Beras Premium,10001.516145266402,11250.690949788457,Padi,Q1-2023,2023.0,27965.3606,55.22955171000001,154451.4329,26,2,2023,0.33531513120249556,0.6886104121476269,0.6655514665935293,0.21023839132998923,0.6659180391493043,-0.9749279121818242,-0.22252093395631184,0.8660254037844386,0.5000000000000001,1.0
2023-02-27,Beras Premium,10500.0,11900.0,Padi,Q1-2023,2023.0,27965.3606,55.22955171000001,154451.4329,27,2,2023,0.6685816795229753,0.9826657509474845,0.6655514665935293,0.21023839132998923,0.6659180391493043,-0.7818314824680304,0.6234898018587328,0.8660254037844386,0.5000000000000001,1.0
2023-02-28,Beras Premium,10500.0,11900.0,Padi,Q1-2023,2023.0,27965.3606,55.22955171000001,154451.4329,28,2,2023,0.6685816795229753,0.9826657509474845,0.6655514665935293,0.21023839132998923,0.6659180391493043,-9.797174393178826e-16,1.0,0.8660254037844386,0.5000000000000001,1.0
2023-03-01,Beras Premium,10000.0,11100.0,Padi,Q1-2023,2023.0,27965.3606,55.22955171000001,154451.4329,1,3,2023,0.33430149656841834,0.6203663636784418,0.6655514665935293,0.21023839132998923,0.6659180391493043,0.7818314824680298,0.6234898018587336,1.0,6.123233995736766e-17,1.0
2023-03-02,Beras Premium,10000.0,11100.0,Padi,Q1-2023,2023.0,27965.3606,55.22955171000001,154451.4329,2,3,2023,0.33430149656841834,0.6203663636784418,0.6655514665935293,0.21023839132998923,0.6659180391493043,0.9749279121818236,-0.22252093395631434,1.0,6.123233995736766e-17,1.0
2023-03-03,Beras Premium,10000.0,11100.0,Padi,Q1-2023,2023.0,27965.3606,55.22955171000001,154451.4329,3,3,2023,0.33430149656841834,0.6203663636784418,0.6655514665935293,0.21023839132998923,0.6659180391493043,0.43388373911755823,-0.900968867902419,1.0,6.123233995736766e-17,1.0
2023-03-04,Beras Premium,10000.066429864795,11097.107291297862,Padi,Q1-2023,2023.0,27965.3606,55.22955171000001,154451.4329,4,3,2023,0.334345908943134,0.6190563304405261,0.6655514665935293,0.21023839132998923,0.6659180391493043,-0.433883739117558,-0.9009688679024191,1.0,6.123233995736766e-17,1.0
2023-03-05,Beras Premium,9999.96197320744,11097.238181230821,Padi,Q1-2023,2023.0,27965.3606,55.22955171000001,154451.4329,5,3,2023,0.3342760733620711,0.6191156071186654,0.6655514665935293,0.21023839132998923,0.6659180391493043,-0.9749279121818236,-0.2225209339563146,1.0,6.123233995736766e-17,1.0
2023-03-06,Beras Premium,10000.0,11100.0,Padi,Q1-2023,2023.0,27965.3606,55.22955171000001,154451.4329,6,3,2023,0.33430149656841834,0.6203663636784418,0.6655514665935293,0.21023839132998923,0.6659180391493043,-0.7818314824680299,0.6234898018587334,1.0,6.123233995736766e-17,1.0
2023-03-07,Beras Premium,10000.0,11100.0,Padi,Q1-2023,2023.0,27965.3606,55.22955171000001,154451.4329,7,3,2023,0.33430149656841834,0.6203663636784418,0.6655514665935293,0.21023839132998923,0.6659180391493043,-2.4492935982947064e-16,1.0,1.0,6.123233995736766e-17,1.0
2023-03-08,Beras Premium,10000.0,11100.0,Padi,Q1-2023,2023.0,27965.3606,55.22955171000001,154451.4329,8,3,2023,0.33430149656841834,0.6203663636784418,0.6655514665935293,0.21023839132998923,0.6659180391493043,0.7818314824680296,0.6234898018587337,1.0,6.123233995736766e-17,1.0
2023-03-09,Beras Premium,10000.0,11100.0,Padi,Q1-2023,2023.0,27965.3606,55.22955171000001,154451.4329,9,3,2023,0.33430149656841834,0.6203663636784418,0.6655514665935293,0.21023839132998923,0.6659180391493043,0.9749279121818237,-0.2225209339563141,1.0,6.123233995736766e-17,1.0
2023-03-10,Beras Premium,10000.0,11100.0,Padi,Q1-2023,2023.0,27965.3606,55.22955171000001,154451.4329,10,3,2023,0.33430149656841834,0.6203663636784418,0.6655514665935293,0.21023839132998923,0.6659180391493043,0.43388373911755845,-0.9009688679024189,1.0,6.123233995736766e-17,1.0
2023-03-11,Beras Premium,10000.0181294543,11098.076631994638,Padi,Q1-2023,2023.0,27965.3606,55.22955171000001,154451.4329,11,3,2023,0.3343136172030192,0.6194953198661475,0.6655514665935293,0.21023839132998923,0.6659180391493043,-0.4338837391175562,-0.90096886790242,1.0,6.123233995736766e-17,1.0
2023-03-12,Beras Premium,10000.025572949664,11098.200420814297,Padi,Q1-2023,2023.0,27965.3606,55.22955171000001,154451.4329,12,3,2023,0.3343185936290034,0.6195513806330393,0.6655514665935293,0.21023839132998923,0.6659180391493043,-0.9749279121818235,-0.2225209339563148,1.0,6.123233995736766e-17,1.0
2023-03-13,Beras Premium,10000.0,11100.0,Padi,Q1-2023,2023.0,27965.3606,55.22955171000001,154451.4329,13,3,2023,0.33430149656841834,0.6203663636784418,0.6655514665935293,0.21023839132998923,0.6659180391493043,-0.781831482468029,0.6234898018587346,1.0,6.123233995736766e-17,1.0
2023-03-14,Beras Premium,10000.0,11100.0,Padi,Q1-2023,2023.0,27965.3606,55.22955171000001,154451.4329,14,3,2023,0.33430149656841834,0.6203663636784418,0.6655514665935293,0.21023839132998923,0.6659180391493043,-4.898587196589413e-16,1.0,1.0,6.123233995736766e-17,1.0
2023-03-15,Beras Premium,10000.0,11100.0,Padi,Q1-2023,2023.0,27965.3606,55.22955171000001,154451.4329,15,3,2023,0.33430149656841834,0.6203663636784418,0.6655514665935293,0.21023839132998923,0.6659180391493043,0.7818314824680284,0.6234898018587354,1.0,6.123233995736766e-17,1.0
2023-03-16,Beras Premium,10000.0,11100.0,Padi,Q1-2023,2023.0,27965.3606,55.22955171000001,154451.4329,16,3,2023,0.33430149656841834,0.6203663636784418,0.6655514665935293,0.21023839132998923,0.6659180391493043,0.9749279121818237,-0.22252093395631387,1.0,6.123233995736766e-17,1.0
2023-03-17,Beras Premium,10000.0,11100.0,Padi,Q1-2023,2023.0,27965.3606,55.22955171000001,154451.4329,17,3,2023,0.33430149656841834,0.6203663636784418,0.6655514665935293,0.21023839132998923,0.6659180391493043,0.43388373911755707,-0.9009688679024196,1.0,6.123233995736766e-17,1.0
2023-03-18,Beras Premium,10000.058786081352,11098.720675330895,Padi,Q1-2023,2023.0,27965.3606,55.22955171000001,154451.4329,18,3,2023,0.33434079861247756,0.6197869904987732,0.6655514665935293,0.21023839132998923,0.6659180391493043,-0.43388373911755757,-0.9009688679024194,1.0,6.123233995736766e-17,1.0
2023-03-19,Beras Premium,10000.062576539674,11098.7974850043,Padi,Q1-2023,2023.0,27965.3606,55.22955171000001,154451.4329,19,3,2023,0.334343332762681,0.6198217756207871,0.6655514665935293,0.21023839132998923,0.6659180391493043,-0.9749279121818235,-0.22252093395631506,1.0,6.123233995736766e-17,1.0
2023-03-20,Beras Premium,10000.0,11100.0,Padi,Q1-2023,2023.0,27965.3606,55.22955171000001,154451.4329,20,3,2023,0.33430149656841834,0.6203663636784418,0.6655514665935293,0.21023839132998923,0.6659180391493043,-0.7818314824680302,0.6234898018587329,1.0,6.123233995736766e-17,1.0
2023-03-21,Beras Premium,10000.0,11100.0,Padi,Q1-2023,2023.0,27965.3606,55.22955171000001,154451.4329,21,3,2023,0.33430149656841834,0.6203663636784418,0.6655514665935293,0.21023839132998923,0.6659180391493043,-7.347880794884119e-16,1.0,1.0,6.123233995736766e-17,1.0
2023-03-22,Beras Premium,10003.846210575653,11181.140789721387,Padi,Q1-2023,2023.0,27965.3606,55.22955171000001,154451.4329,22,3,2023,0.3368729205182408,0.6571129366766728,0.6655514665935293,0.21023839132998923,0.6659180391493043,0.7818314824680271,0.6234898018587369,1.0,6.123233995736766e-17,1.0
2023-03-23,Beras Premium,10003.568483788886,11175.341361209268,Padi,Q1-2023,2023.0,27965.3606,55.22955171000001,154451.4329,23,3,2023,0.3366872433960566,0.6544865249311087,0.6655514665935293,0.21023839132998923,0.6659180391493043,0.9749279121818238,-0.22252093395631362,1.0,6.123233995736766e-17,1.0
2023-03-24,Beras Premium,10000.0,11100.0,Padi,Q1-2023,2023.0,27965.3606,55.22955171000001,154451.4329,24,3,2023,0.33430149656841834,0.6203663636784418,0.6655514665935293,0.21023839132998923,0.6659180391493043,0.4338837391175589,-0.9009688679024188,1.0,6.123233995736766e-17,1.0
2023-03-25,Beras Premium,10003.008208909576,11735.45642802354,Padi,Q1-2023,2023.0,27965.3606,55.22955171000001,154451.4329,25,3,2023,0.33631266581773556,0.908148206814821,0.6655514665935293,0.21023839132998923,0.6659180391493043,-0.43388373911755734,-0.9009688679024195,1.0,6.123233995736766e-17,1.0
2023-03-26,Beras Premium,10000.084542928103,11729.402621926172,Padi,Q1-2023,2023.0,27965.3606,55.22955171000001,154451.4329,26,3,2023,0.3343580186193664,0.9054065940151679,0.6655514665935293,0.21023839132998923,0.6659180391493043,-0.9749279121818242,-0.22252093395631184,1.0,6.123233995736766e-17,1.0
2023-03-27,Beras Premium,10000.0,11100.0,Padi,Q1-2023,2023.0,27965.3606,55.22955171000001,154451.4329,27,3,2023,0.33430149656841834,0.6203663636784418,0.6655514665935293,0.21023839132998923,0.6659180391493043,-0.7818314824680304,0.6234898018587328,1.0,6.123233995736766e-17,1.0
2023-03-28,Beras Premium,10000.0,11100.0,Padi,Q1-2023,2023.0,27965.3606,55.22955171000001,154451.4329,28,3,2023,0.33430149656841834,0.6203663636784418,0.6655514665935293,0.21023839132998923,0.6659180391493043,-9.797174393178826e-16,1.0,1.0,6.123233995736766e-17,1.0
2023-03-29,Beras Premium,10000.0,11100.0,Padi,Q1-2023,2023.0,27965.3606,55.22955171000001,154451.4329,29,3,2023,0.33430149656841834,0.6203663636784418,0.6655514665935293,0.21023839132998923,0.6659180391493043,0.7818314824680291,0.6234898018587344,1.0,6.123233995736766e-17,1.0
2023-03-30,Beras Premium,10000.0,11100.0,Padi,Q1-2023,2023.0,27965.3606,55.22955171000001,154451.4329,30,3,2023,0.33430149656841834,0.6203663636784418,0.6655514665935293,0.21023839132998923,0.6659180391493043,0.9749279121818246,-0.22252093395630992,1.0,6.123233995736766e-17,1.0
2023-03-31,Beras Premium,10000.0,11100.0,Padi,Q1-2023,2023.0,27965.3606,55.22955171000001,154451.4329,31,3,2023,0.33430149656841834,0.6203663636784418,0.6655514665935293,0.21023839132998923,0.6659180391493043,0.4338837391175591,-0.9009688679024187,1.0,6.123233995736766e-17,1.0
2023-04-01,Beras Premium,9999.232056002727,11081.672663935993,Padi,Q1-2023,2023.0,27965.3606,55.22955171000001,154451.4329,1,4,2023,0.33378807964860435,0.6120663853956128,0.6655514665935293,0.21023839132998923,0.6659180391493043,0.7818314824680298,0.6234898018587336,0.8660254037844387,-0.4999999999999998,1.0
2023-04-02,Beras Premium,9999.190298585638,11089.551461495354,Padi,Q1-2023,2023.0,27965.3606,55.22955171000001,154451.4329,2,4,2023,0.3337601622945554,0.6156344898058288,0.6655514665935293,0.21023839132998923,0.6659180391493043,0.9749279121818236,-0.22252093395631434,0.8660254037844387,-0.4999999999999998,1.0
2023-04-03,Beras Premium,10000.0,11100.0,Padi,Q1-2023,2023.0,27965.3606,55.22955171000001,154451.4329,3,4,2023,0.33430149656841834,0.6203663636784418,0.6655514665935293,0.21023839132998923,0.6659180391493043,0.43388373911755823,-0.900968867902419,0.8660254037844387,-0.4999999999999998,1.0
2023-04-04,Beras Premium,10000.0,11100.0,Padi,Q1-2023,2023.0,27965.3606,55.22955171000001,154451.4329,4,4,2023,0.33430149656841834,0.6203663636784418,0.6655514665935293,0.21023839132998923,0.6659180391493043,-0.433883739117558,-0.9009688679024191,0.8660254037844387,-0.4999999999999998,1.0
2023-04-05,Beras Premium,10000.0,11100.0,Padi,Q1-2023,2023.0,27965.3606,55.22955171000001,154451.4329,5,4,2023,0.33430149656841834,0.6203663636784418,0.6655514665935293,0.21023839132998923,0.6659180391493043,-0.9749279121818236,-0.2225209339563146,0.8660254037844387,-0.4999999999999998,1.0
2023-04-06,Beras Premium,10000.0,11100.0,Padi,Q1-2023,2023.0,27965.3606,55.22955171000001,154451.4329,6,4,2023,0.33430149656841834,0.6203663636784418,0.6655514665935293,0.21023839132998923,0.6659180391493043,-0.7818314824680299,0.6234898018587334,0.8660254037844387,-0.4999999999999998,1.0
2023-04-07,Beras Premium,9999.925975614495,11101.389173344825,Padi,Q1-2023,2023.0,27965.3606,55.22955171000001,154451.4329,7,4,2023,0.3342520067981587,0.620995484492993,0.6655514665935293,0.21023839132998923,0.6659180391493043,-2.4492935982947064e-16,1.0,0.8660254037844387,-0.4999999999999998,1.0
2023-04-08,Beras Premium,10004.028047918733,11101.627458147852,Padi,Q1-2023,2023.0,27965.3606,55.22955171000001,154451.4329,8,4,2023,0.33699448975886614,0.6211033975406579,0.6655514665935293,0.21023839132998923,0.6659180391493043,0.7818314824680296,0.6234898018587337,0.8660254037844387,-0.4999999999999998,1.0
2023-04-09,Beras Premium,9999.83407700942,11101.883021203834,Padi,Q1-2023,2023.0,27965.3606,55.22955171000001,154451.4329,9,4,2023,0.334190567033124,0.621219135463897,0.6655514665935293,0.21023839132998923,0.6659180391493043,0.9749279121818237,-0.2225209339563141,0.8660254037844387,-0.4999999999999998,1.0
2023-04-10,Beras Premium,10000.0,11100.0,Padi,Q1-2023,2023.0,27965.3606,55.22955171000001,154451.4329,10,4,2023,0.33430149656841834,0.6203663636784418,0.6655514665935293,0.21023839132998923,0.6659180391493043,0.43388373911755845,-0.9009688679024189,0.8660254037844387,-0.4999999999999998,1.0
2023-04-11,Beras Premium,10000.0,11100.0,Padi,Q1-2023,2023.0,27965.3606,55.22955171000001,154451.4329,11,4,2023,0.33430149656841834,0.6203663636784418,0.6655514665935293,0.21023839132998923,0.6659180391493043,-0.4338837391175562,-0.90096886790242,0.8660254037844387,-0.4999999999999998,1.0
2023-04-12,Beras Premium,10000.0,11100.0,Padi,Q1-2023,2023.0,27965.3606,55.22955171000001,154451.4329,12,4,2023,0.33430149656841834,0.6203663636784418,0.6655514665935293,0.21023839132998923,0.6659180391493043,-0.9749279121818235,-0.2225209339563148,0.8660254037844387,-0.4999999999999998,1.0
2023-04-13,Beras Premium,10000.0,11100.0,Padi,Q1-2023,2023.0,27965.3606,55.22955171000001,154451.4329,13,4,2023,0.33430149656841834,0.6203663636784418,0.6655514665935293,0.21023839132998923,0.6659180391493043,-0.781831482468029,0.6234898018587346,0.8660254037844387,-0.4999999999999998,1.0
2023-04-14,Beras Premium,10000.0,11100.0,Padi,Q1-2023,2023.0,27965.3606,55.22955171000001,154451.4329,14,4,2023,0.33430149656841834,0.6203663636784418,0.6655514665935293,0.21023839132998923,0.6659180391493043,-4.898587196589413e-16,1.0,0.8660254037844387,-0.4999999999999998,1.0
2023-04-15,Beras Premium,9999.698519265516,11103.530848654837,Padi,Q1-2023,2023.0,27965.3606,55.22955171000001,154451.4329,15,4,2023,0.33409993849825703,0.6219653940586758,0.6655514665935293,0.21023839132998923,0.6659180391493043,0.7818314824680284,0.6234898018587354,0.8660254037844387,-0.4999999999999998,1.0
2023-04-16,Beras Premium,9999.697616757456,11103.778534502886,Padi,Q1-2023,2023.0,27965.3606,55.22955171000001,154451.4329,16,4,2023,0.33409933511713863,0.6220775645974053,0.6655514665935293,0.21023839132998923,0.6659180391493043,0.9749279121818237,-0.22252093395631387,0.8660254037844387,-0.4999999999999998,1.0
2023-04-17,Beras Premium,10000.0,11100.0,Padi,Q1-2023,2023.0,27965.3606,55.22955171000001,154451.4329,17,4,2023,0.33430149656841834,0.6203663636784418,0.6655514665935293,0.21023839132998923,0.6659180391493043,0.43388373911755707,-0.9009688679024196,0.8660254037844387,-0.4999999999999998,1.0
2023-04-18,Beras Premium,10000.0,11100.0,Padi,Q1-2023,2023.0,27965.3606,55.22955171000001,154451.4329,18,4,2023,0.33430149656841834,0.6203663636784418,0.6655514665935293,0.21023839132998923,0.6659180391493043,-0.43388373911755757,-0.9009688679024194,0.8660254037844387,-0.4999999999999998,1.0
2023-04-19,Beras Premium,10000.0,11100.0,Padi,Q1-2023,2023.0,27965.3606,55.22955171000001,154451.4329,19,4,2023,0.33430149656841834,0.6203663636784418,0.6655514665935293,0.21023839132998923,0.6659180391493043,-0.9749279121818235,-0.22252093395631506,0.8660254037844387,-0.4999999999999998,1.0
2023-04-20,Beras Premium,10000.0,11100.0,Padi,Q1-2023,2023.0,27965.3606,55.22955171000001,154451.4329,20,4,2023,0.33430149656841834,0.6203663636784418,0.6655514665935293,0.21023839132998923,0.6659180391493043,-0.7818314824680302,0.6234898018587329,0.8660254037844387,-0.4999999999999998,1.0
2023-04-21,Beras Premium,10000.0,11100.0,Padi,Q1-2023,2023.0,27965.3606,55.22955171000001,154451.4329,21,4,2023,0.33430149656841834,0.6203663636784418,0.6655514665935293,0.21023839132998923,0.6659180391493043,-7.347880794884119e-16,1.0,0.8660254037844387,-0.4999999999999998,1.0
2023-04-22,Beras Premium,9999.79036789254,11104.943173731072,Padi,Q1-2023,2023.0,27965.3606,55.22955171000001,154451.4329,22,4,2023,0.3341613448499485,0.6226049996958567,0.6655514665935293,0.21023839132998923,0.6659180391493043,0.7818314824680271,0.6234898018587369,0.8660254037844387,-0.4999999999999998,1.0
2023-04-23,Beras Premium,9999.814827736975,11398.881805331239,Padi,Q1-2023,2023.0,27965.3606,55.22955171000001,154451.4329,23,4,2023,0.3341776977324944,0.7557222323501582,0.6655514665935293,0.21023839132998923,0.6659180391493043,0.9749279121818238,-0.22252093395631362,0.8660254037844387,-0.4999999999999998,1.0
2023-04-24,Beras Premium,10000.0,11100.0,Padi,Q1-2023,2023.0,27965.3606,55.22955171000001,154451.4329,24,4,2023,0.33430149656841834,0.6203663636784418,0.6655514665935293,0.21023839132998923,0.6659180391493043,0.4338837391175589,-0.9009688679024188,0.8660254037844387,-0.4999999999999998,1.0
2023-04-25,Beras Premium,10000.0,11100.0,Padi,Q1-2023,2023.0,27965.3606,55.22955171000001,154451.4329,25,4,2023,0.33430149656841834,0.6203663636784418,0.6655514665935293,0.21023839132998923,0.6659180391493043,-0.43388373911755734,-0.9009688679024195,0.8660254037844387,-0.4999999999999998,1.0
2023-04-26,Beras Premium,10000.0,11100.0,Padi,Q1-2023,2023.0,27965.3606,55.22955171000001,154451.4329,26,4,2023,0.33430149656841834,0.6203663636784418,0.6655514665935293,0.21023839132998923,0.6659180391493043,-0.9749279121818242,-0.22252093395631184,0.8660254037844387,-0.4999999999999998,1.0
2023-04-27,Beras Premium,10000.0,11100.0,Padi,Q1-2023,2023.0,27965.3606,55.22955171000001,154451.4329,27,4,2023,0.33430149656841834,0.6203663636784418,0.6655514665935293,0.21023839132998923,0.6659180391493043,-0.7818314824680304,0.6234898018587328,0.8660254037844387,-0.4999999999999998,1.0
2023-04-28,Beras Premium,10000.0,11100.0,Padi,Q1-2023,2023.0,27965.3606,55.22955171000001,154451.4329,28,4,2023,0.33430149656841834,0.6203663636784418,0.6655514665935293,0.21023839132998923,0.6659180391493043,-9.797174393178826e-16,1.0,0.8660254037844387,-0.4999999999999998,1.0
2023-04-29,Beras Premium,9999.930784409342,11105.179356492383,Padi,Q1-2023,2023.0,27965.3606,55.22955171000001,154451.4329,29,4,2023,0.3342552217678021,0.6227119607829898,0.6655514665935293,0.21023839132998923,0.6659180391493043,0.7818314824680291,0.6234898018587344,0.8660254037844387,-0.4999999999999998,1.0
2023-04-30,Beras Premium,10001.811865396065,11379.485111932232,Padi,Q1-2023,2023.0,27965.3606,55.22955171000001,154451.4329,30,4,2023,0.3355128379605894,0.7469379696832759,0.6655514665935293,0.21023839132998923,0.6659180391493043,0.9749279121818246,-0.22252093395630992,0.8660254037844387,-0.4999999999999998,1.0
2023-05-01,Beras Premium,10000.024352387709,11104.929259466868,Padi,Q2-2023,2023.0,21687.8044,58.797477900000004,127518.82,1,5,2023,0.3343177776096562,0.6225986982841123,0.46732013402257,1.0,0.5118344887317092,0.7818314824680298,0.6234898018587336,0.49999999999999994,-0.8660254037844387,1.0
2023-05-02,Beras Premium,10000.0,11100.0,Padi,Q2-2023,2023.0,21687.8044,58.797477900000004,127518.82,2,5,2023,0.33430149656841834,0.6203663636784418,0.46732013402257,1.0,0.5118344887317092,0.9749279121818236,-0.22252093395631434,0.49999999999999994,-0.8660254037844387,1.0
2023-05-03,Beras Premium,10000.0,11100.0,Padi,Q2-2023,2023.0,21687.8044,58.797477900000004,127518.82,3,5,2023,0.33430149656841834,0.6203663636784418,0.46732013402257,1.0,0.5118344887317092,0.43388373911755823,-0.900968867902419,0.49999999999999994,-0.8660254037844387,1.0
2023-05-04,Beras Premium,10000.0,11100.0,Padi,Q2-2023,2023.0,21687.8044,58.797477900000004,127518.82,4,5,2023,0.33430149656841834,0.6203663636784418,0.46732013402257,1.0,0.5118344887317092,-0.433883739117558,-0.9009688679024191,0.49999999999999994,-0.8660254037844387,1.0
2023-05-05,Beras Premium,10000.0,11100.0,Padi,Q2-2023,2023.0,21687.8044,58.797477900000004,127518.82,5,5,2023,0.33430149656841834,0.6203663636784418,0.46732013402257,1.0,0.5118344887317092,-0.9749279121818236,-0.2225209339563146,0.49999999999999994,-0.8660254037844387,1.0
2023-05-06,Beras Premium,10001.956560265902,11148.266247417898,Padi,Q2-2023,2023.0,21687.8044,58.797477900000004,127518.82,6,5,2023,0.335609575215714,0.6422249035100425,0.46732013402257,1.0,0.5118344887317092,-0.7818314824680299,0.6234898018587334,0.49999999999999994,-0.8660254037844387,1.0
2023-05-07,Beras Premium,10001.874807794698,11148.418496937036,Padi,Q2-2023,2023.0,21687.8044,58.797477900000004,127518.82,7,5,2023,0.33555491875365195,0.6422938533944125,0.46732013402257,1.0,0.5118344887317092,-2.4492935982947064e-16,1.0,0.49999999999999994,-0.8660254037844387,1.0
2023-05-08,Beras Premium,10000.0,11100.0,Padi,Q2-2023,2023.0,21687.8044,58.797477900000004,127518.82,8,5,2023,0.33430149656841834,0.6203663636784418,0.46732013402257,1.0,0.5118344887317092,0.7818314824680296,0.6234898018587337,0.49999999999999994,-0.8660254037844387,1.0
2023-05-09,Beras Premium,10000.0,11100.0,Padi,Q2-2023,2023.0,21687.8044,58.797477900000004,127518.82,9,5,2023,0.33430149656841834,0.6203663636784418,0.46732013402257,1.0,0.5118344887317092,0.9749279121818237,-0.2225209339563141,0.49999999999999994,-0.8660254037844387,1.0
2023-05-10,Beras Premium,10000.0,11100.0,Padi,Q2-2023,2023.0,21687.8044,58.797477900000004,127518.82,10,5,2023,0.33430149656841834,0.6203663636784418,0.46732013402257,1.0,0.5118344887317092,0.43388373911755845,-0.9009688679024189,0.49999999999999994,-0.8660254037844387,1.0
2023-05-11,Beras Premium,10000.0,11100.0,Padi,Q2-2023,2023.0,21687.8044,58.797477900000004,127518.82,11,5,2023,0.33430149656841834,0.6203663636784418,0.46732013402257,1.0,0.5118344887317092,-0.4338837391175562,-0.90096886790242,0.49999999999999994,-0.8660254037844387,1.0
2023-05-12,Beras Premium,10000.0,11100.0,Padi,Q2-2023,2023.0,21687.8044,58.797477900000004,127518.82,12,5,2023,0.33430149656841834,0.6203663636784418,0.46732013402257,1.0,0.5118344887317092,-0.9749279121818235,-0.2225209339563148,0.49999999999999994,-0.8660254037844387,1.0
2023-05-13,Beras Premium,10138.92971184334,11146.14173425713,Padi,Q2-2023,2023.0,21687.8044,58.797477900000004,127518.82,13,5,2023,0.4271843955540504,0.6412627662395538,0.46732013402257,1.0,0.5118344887317092,-0.781831482468029,0.6234898018587346,0.49999999999999994,-0.8660254037844387,1.0
2023-05-14,Beras Premium,10102.51072751949,11145.161237044877,Padi,Q2-2023,2023.0,21687.8044,58.797477900000004,127518.82,14,5,2023,0.40283610606845777,0.6408187243155306,0.46732013402257,1.0,0.5118344887317092,-4.898587196589413e-16,1.0,0.49999999999999994,-0.8660254037844387,1.0
2023-05-15,Beras Premium,10500.0,11500.0,Padi,Q2-2023,2023.0,21687.8044,58.797477900000004,127518.82,15,5,2023,0.6685816795229753,0.8015160573129636,0.46732013402257,1.0,0.5118344887317092,0.7818314824680284,0.6234898018587354,0.49999999999999994,-0.8660254037844387,1.0
2023-05-16,Beras Premium,10500.0,11500.0,Padi,Q2-2023,2023.0,21687.8044,58.797477900000004,127518.82,16,5,2023,0.6685816795229753,0.8015160573129636,0.46732013402257,1.0,0.5118344887317092,0.9749279121818237,-0.22252093395631387,0.49999999999999994,-0.8660254037844387,1.0
2023-05-17,Beras Premium,10500.0,11500.0,Padi,Q2-2023,2023.0,21687.8044,58.797477900000004,127518.82,17,5,2023,0.6685816795229753,0.8015160573129636,0.46732013402257,1.0,0.5118344887317092,0.43388373911755707,-0.9009688679024196,0.49999999999999994,-0.8660254037844387,1.0
2023-05-18,Beras Premium,10222.428888109727,11291.476418448143,Padi,Q2-2023,2023.0,21687.8044,58.797477900000004,127518.82,18,5,2023,0.4830086353918155,0.7070811000287334,0.46732013402257,1.0,0.5118344887317092,-0.43388373911755757,-0.9009688679024194,0.49999999999999994,-0.8660254037844387,1.0
2023-05-19,Beras Premium,10500.0,11500.0,Padi,Q2-2023,2023.0,21687.8044,58.797477900000004,127518.82,19,5,2023,0.6685816795229753,0.8015160573129636,0.46732013402257,1.0,0.5118344887317092,-0.9749279121818235,-0.22252093395631506,0.49999999999999994,-0.8660254037844387,1.0
2023-05-20,Beras Premium,10247.136088292362,11290.152070501324,Padi,Q2-2023,2023.0,21687.8044,58.797477900000004,127518.82,20,5,2023,0.4995268901865071,0.7064813369666538,0.46732013402257,1.0,0.5118344887317092,-0.7818314824680302,0.6234898018587329,0.49999999999999994,-0.8660254037844387,1.0
2023-05-21,Beras Premium,10259.379060851608,11279.535557621995,Padi,Q2-2023,2023.0,21687.8044,58.797477900000004,127518.82,21,5,2023,0.507712056400532,0.7016733918277609,0.46732013402257,1.0,0.5118344887317092,-7.347880794884119e-16,1.0,0.49999999999999994,-0.8660254037844387,1.0
2023-05-22,Beras Premium,10500.0,11500.0,Padi,Q2-2023,2023.0,21687.8044,58.797477900000004,127518.82,22,5,2023,0.6685816795229753,0.8015160573129636,0.46732013402257,1.0,0.5118344887317092,0.7818314824680271,0.6234898018587369,0.49999999999999994,-0.8660254037844387,1.0
2023-05-23,Beras Premium,10500.0,11500.0,Padi,Q2-2023,2023.0,21687.8044,58.797477900000004,127518.82,23,5,2023,0.6685816795229753,0.8015160573129636,0.46732013402257,1.0,0.5118344887317092,0.9749279121818238,-0.22252093395631362,0.49999999999999994,-0.8660254037844387,1.0
2023-05-24,Beras Premium,10500.0,11500.0,Padi,Q2-2023,2023.0,21687.8044,58.797477900000004,127518.82,24,5,2023,0.6685816795229753,0.8015160573129636,0.46732013402257,1.0,0.5118344887317092,0.4338837391175589,-0.9009688679024188,0.49999999999999994,-0.8660254037844387,1.0
2023-05-25,Beras Premium,10500.0,11500.0,Padi,Q2-2023,2023.0,21687.8044,58.797477900000004,127518.82,25,5,2023,0.6685816795229753,0.8015160573129636,0.46732013402257,1.0,0.5118344887317092,-0.43388373911755734,-0.9009688679024195,0.49999999999999994,-0.8660254037844387,1.0
2023-05-26,Beras Premium,10500.0,11500.0,Padi,Q2-2023,2023.0,21687.8044,58.797477900000004,127518.82,26,5,2023,0.6685816795229753,0.8015160573129636,0.46732013402257,1.0,0.5118344887317092,-0.9749279121818242,-0.22252093395631184,0.49999999999999994,-0.8660254037844387,1.0
2023-05-27,Beras Premium,10331.940735769975,11502.405171533675,Padi,Q2-2023,2023.0,21687.8044,58.797477900000004,127518.82,27,5,2023,0.5562239163349334,0.8026052975291229,0.46732013402257,1.0,0.5118344887317092,-0.7818314824680304,0.6234898018587328,0.49999999999999994,-0.8660254037844387,1.0
2023-05-28,Beras Premium,10346.125706074341,11502.500496734152,Padi,Q2-2023,2023.0,21687.8044,58.797477900000004,127518.82,28,5,2023,0.5657074252720307,0.8026484678562777,0.46732013402257,1.0,0.5118344887317092,-9.797174393178826e-16,1.0,0.49999999999999994,-0.8660254037844387,1.0
2023-05-29,Beras Premium,10500.0,11500.0,Padi,Q2-2023,2023.0,21687.8044,58.797477900000004,127518.82,29,5,2023,0.6685816795229753,0.8015160573129636,0.46732013402257,1.0,0.5118344887317092,0.7818314824680291,0.6234898018587344,0.49999999999999994,-0.8660254037844387,1.0
2023-05-30,Beras Premium,10500.0,11500.0,Padi,Q2-2023,2023.0,21687.8044,58.797477900000004,127518.82,30,5,2023,0.6685816795229753,0.8015160573129636,0.46732013402257,1.0,0.5118344887317092,0.9749279121818246,-0.22252093395630992,0.49999999999999994,-0.8660254037844387,1.0
2023-05-31,Beras Premium,10500.0,11500.0,Padi,Q2-2023,2023.0,21687.8044,58.797477900000004,127518.82,31,5,2023,0.6685816795229753,0.8015160573129636,0.46732013402257,1.0,0.5118344887317092,0.4338837391175591,-0.9009688679024187,0.49999999999999994,-0.8660254037844387,1.0
2023-06-01,Beras Premium,10461.195276078377,11212.197809654766,Padi,Q2-2023,2023.0,21687.8044,58.797477900000004,127518.82,1,6,2023,0.6426383790989334,0.6711778607920049,0.46732013402257,1.0,0.5118344887317092,0.7818314824680298,0.6234898018587336,1.2246467991473532e-16,-1.0,1.0
2023-06-02,Beras Premium,10500.0,11500.0,Padi,Q2-2023,2023.0,21687.8044,58.797477900000004,127518.82,2,6,2023,0.6685816795229753,0.8015160573129636,0.46732013402257,1.0,0.5118344887317092,0.9749279121818236,-0.22252093395631434,1.2246467991473532e-16,-1.0,1.0
2023-06-03,Beras Premium,10470.351069730132,11281.028935762848,Padi,Q2-2023,2023.0,21687.8044,58.797477900000004,127518.82,3,6,2023,0.6487595798529391,0.7023497043095004,0.46732013402257,1.0,0.5118344887317092,0.43388373911755823,-0.900968867902419,1.2246467991473532e-16,-1.0,1.0
2023-06-04,Beras Premium,10474.177018418912,11282.218760667338,Padi,Q2-2023,2023.0,21687.8044,58.797477900000004,127518.82,4,6,2023,0.6513174575082594,0.7028885453518177,0.46732013402257,1.0,0.5118344887317092,-0.433883739117558,-0.9009688679024191,1.2246467991473532e-16,-1.0,1.0
2023-06-05,Beras Premium,10500.0,11500.0,Padi,Q2-2023,2023.0,21687.8044,58.797477900000004,127518.82,5,6,2023,0.6685816795229753,0.8015160573129636,0.46732013402257,1.0,0.5118344887317092,-0.9749279121818236,-0.2225209339563146,1.2246467991473532e-16,-1.0,1.0
2023-06-06,Beras Premium,10500.0,11500.0,Padi,Q2-2023,2023.0,21687.8044,58.797477900000004,127518.82,6,6,2023,0.6685816795229753,0.8015160573129636,0.46732013402257,1.0,0.5118344887317092,-0.7818314824680299,0.6234898018587334,1.2246467991473532e-16,-1.0,1.0
2023-06-07,Beras Premium,10500.0,11500.0,Padi,Q2-2023,2023.0,21687.8044,58.797477900000004,127518.82,7,6,2023,0.6685816795229753,0.8015160573129636,0.46732013402257,1.0,0.5118344887317092,-2.4492935982947064e-16,1.0,1.2246467991473532e-16,-1.0,1.0
2023-06-08,Beras Premium,10500.0,11500.0,Padi,Q2-2023,2023.0,21687.8044,58.797477900000004,127518.82,8,6,2023,0.6685816795229753,0.8015160573129636,0.46732013402257,1.0,0.5118344887317092,0.7818314824680296,0.6234898018587337,1.2246467991473532e-16,-1.0,1.0
2023-06-09,Beras Premium,10500.0,11500.0,Padi,Q2-2023,2023.0,21687.8044,58.797477900000004,127518.82,9,6,2023,0.6685816795229753,0.8015160573129636,0.46732013402257,1.0,0.5118344887317092,0.9749279121818237,-0.2225209339563141,1.2246467991473532e-16,-1.0,1.0
2023-06-10,Beras Premium,10496.534410244261,11289.416165833352,Padi,Q2-2023,2023.0,21687.8044,58.797477900000004,127518.82,10,6,2023,0.6662647235677879,0.7061480647037861,0.46732013402257,1.0,0.5118344887317092,0.43388373911755845,-0.9009688679024189,1.2246467991473532e-16,-1.0,1.0
2023-06-11,Beras Premium,10500.1727627819,11291.022640376495,Padi,Q2-2023,2023.0,21687.8044,58.797477900000004,127518.82,11,6,2023,0.668697181871658,0.7068755956320905,0.46732013402257,1.0,0.5118344887317092,-0.4338837391175562,-0.90096886790242,1.2246467991473532e-16,-1.0,1.0
2023-06-12,Beras Premium,10500.0,11500.0,Padi,Q2-2023,2023.0,21687.8044,58.797477900000004,127518.82,12,6,2023,0.6685816795229753,0.8015160573129636,0.46732013402257,1.0,0.5118344887317092,-0.9749279121818235,-0.2225209339563148,1.2246467991473532e-16,-1.0,1.0
2023-06-13,Beras Premium,10500.0,11500.0,Padi,Q2-2023,2023.0,21687.8044,58.797477900000004,127518.82,13,6,2023,0.6685816795229753,0.8015160573129636,0.46732013402257,1.0,0.5118344887317092,-0.781831482468029,0.6234898018587346,1.2246467991473532e-16,-1.0,1.0
2023-06-14,Beras Premium,10500.0,11500.0,Padi,Q2-2023,2023.0,21687.8044,58.797477900000004,127518.82,14,6,2023,0.6685816795229753,0.8015160573129636,0.46732013402257,1.0,0.5118344887317092,-4.898587196589413e-16,1.0,1.2246467991473532e-16,-1.0,1.0
2023-06-15,Beras Premium,10500.0,11500.0,Padi,Q2-2023,2023.0,21687.8044,58.797477900000004,127518.82,15,6,2023,0.6685816795229753,0.8015160573129636,0.46732013402257,1.0,0.5118344887317092,0.7818314824680284,0.6234898018587354,1.2246467991473532e-16,-1.0,1.0
2023-06-16,Beras Premium,10500.0,11500.0,Padi,Q2-2023,2023.0,21687.8044,58.797477900000004,127518.82,16,6,2023,0.6685816795229753,0.8015160573129636,0.46732013402257,1.0,0.5118344887317092,0.9749279121818237,-0.22252093395631387,1.2246467991473532e-16,-1.0,1.0
2023-06-17,Beras Premium,10502.085310818306,11555.524648264052,Padi,Q2-2023,2023.0,21687.8044,58.797477900000004,127518.82,17,6,2023,0.6699758356866958,0.8266617398684568,0.46732013402257,1.0,0.5118344887317092,0.43388373911755707,-0.9009688679024196,1.2246467991473532e-16,-1.0,1.0
2023-06-18,Beras Premium,10408.44720141599,11503.867116478541,Padi,Q2-2023,2023.0,21687.8044,58.797477900000004,127518.82,18,6,2023,0.6073731070016457,0.803267374726305,0.46732013402257,1.0,0.5118344887317092,-0.43388373911755757,-0.9009688679024194,1.2246467991473532e-16,-1.0,1.0
2023-06-19,Beras Premium,10500.0,11500.0,Padi,Q2-2023,2023.0,21687.8044,58.797477900000004,127518.82,19,6,2023,0.6685816795229753,0.8015160573129636,0.46732013402257,1.0,0.5118344887317092,-0.9749279121818235,-0.22252093395631506,1.2246467991473532e-16,-1.0,1.0
2023-06-20,Beras Premium,10500.0,11500.0,Padi,Q2-2023,2023.0,21687.8044,58.797477900000004,127518.82,20,6,2023,0.6685816795229753,0.8015160573129636,0.46732013402257,1.0,0.5118344887317092,-0.7818314824680302,0.6234898018587329,1.2246467991473532e-16,-1.0,1.0
2023-06-21,Beras Premium,10500.0,11500.0,Padi,Q2-2023,2023.0,21687.8044,58.797477900000004,127518.82,21,6,2023,0.6685816795229753,0.8015160573129636,0.46732013402257,1.0,0.5118344887317092,-7.347880794884119e-16,1.0,1.2246467991473532e-16,-1.0,1.0
2023-06-22,Beras Premium,10500.0,11500.0,Padi,Q2-2023,2023.0,21687.8044,58.797477900000004,127518.82,22,6,2023,0.6685816795229753,0.8015160573129636,0.46732013402257,1.0,0.5118344887317092,0.7818314824680271,0.6234898018587369,1.2246467991473532e-16,-1.0,1.0
2023-06-23,Beras Premium,10500.0,11500.0,Padi,Q2-2023,2023.0,21687.8044,58.797477900000004,127518.82,23,6,2023,0.6685816795229753,0.8015160573129636,0.46732013402257,1.0,0.5118344887317092,0.9749279121818238,-0.22252093395631362,1.2246467991473532e-16,-1.0,1.0
2023-06-24,Beras Premium,10502.620596229448,11660.684208209606,Padi,Q2-2023,2023.0,21687.8044,58.797477900000004,127518.82,24,6,2023,0.6703337062970354,0.8742857950356528,0.46732013402257,1.0,0.5118344887317092,0.4338837391175589,-0.9009688679024188,1.2246467991473532e-16,-1.0,1.0
2023-06-25,Beras Premium,10562.579789140947,11659.380161193003,Padi,Q2-2023,2023.0,21687.8044,58.797477900000004,127518.82,25,6,2023,0.7104200462495625,0.8736952257417956,0.46732013402257,1.0,0.5118344887317092,-0.43388373911755734,-0.9009688679024195,1.2246467991473532e-16,-1.0,1.0
2023-06-26,Beras Premium,10500.0,11500.0,Padi,Q2-2023,2023.0,21687.8044,58.797477900000004,127518.82,26,6,2023,0.6685816795229753,0.8015160573129636,0.46732013402257,1.0,0.5118344887317092,-0.9749279121818242,-0.22252093395631184,1.2246467991473532e-16,-1.0,1.0
2023-06-27,Beras Premium,10500.0,11500.0,Padi,Q2-2023,2023.0,21687.8044,58.797477900000004,127518.82,27,6,2023,0.6685816795229753,0.8015160573129636,0.46732013402257,1.0,0.5118344887317092,-0.7818314824680304,0.6234898018587328,1.2246467991473532e-16,-1.0,1.0
2023-06-28,Beras Premium,10500.0,11500.0,Padi,Q2-2023,2023.0,21687.8044,58.797477900000004,127518.82,28,6,2023,0.6685816795229753,0.8015160573129636,0.46732013402257,1.0,0.5118344887317092,-9.797174393178826e-16,1.0,1.2246467991473532e-16,-1.0,1.0
2023-06-29,Beras Premium,10585.419911248806,11653.83766114257,Padi,Q2-2023,2023.0,21687.8044,58.797477900000004,127518.82,29,6,2023,0.7256900466434013,0.871185170276533,0.46732013402257,1.0,0.5118344887317092,0.7818314824680291,0.6234898018587344,1.2246467991473532e-16,-1.0,1.0
2023-06-30,Beras Premium,10500.0,11500.0,Padi,Q2-2023,2023.0,21687.8044,58.797477900000004,127518.82,30,6,2023,0.6685816795229753,0.8015160573129636,0.46732013402257,1.0,0.5118344887317092,0.9749279121818246,-0.22252093395630992,1.2246467991473532e-16,-1.0,1.0
2023-07-01,Beras Premium,10586.653099961408,11528.255071985644,Padi,Q2-2023,2023.0,21687.8044,58.797477900000004,127518.82,1,7,2023,0.7265145077403332,0.8143120513975148,0.46732013402257,1.0,0.5118344887317092,0.7818314824680298,0.6234898018587336,-0.4999999999999997,-0.8660254037844388,1.0
2023-07-02,Beras Premium,10648.31916946858,11505.949093613752,Padi,Q2-2023,2023.0,21687.8044,58.797477900000004,127518.82,2,7,2023,0.767741997734225,0.8042102485267986,0.46732013402257,1.0,0.5118344887317092,0.9749279121818236,-0.22252093395631434,-0.4999999999999997,-0.8660254037844388,1.0
2023-07-03,Beras Premium,10500.0,11500.0,Padi,Q2-2023,2023.0,21687.8044,58.797477900000004,127518.82,3,7,2023,0.6685816795229753,0.8015160573129636,0.46732013402257,1.0,0.5118344887317092,0.43388373911755823,-0.900968867902419,-0.4999999999999997,-0.8660254037844388,1.0
2023-07-04,Beras Premium,10500.0,11500.0,Padi,Q2-2023,2023.0,21687.8044,58.797477900000004,127518.82,4,7,2023,0.6685816795229753,0.8015160573129636,0.46732013402257,1.0,0.5118344887317092,-0.433883739117558,-0.9009688679024191,-0.4999999999999997,-0.8660254037844388,1.0
2023-07-05,Beras Premium,10500.0,11500.0,Padi,Q2-2023,2023.0,21687.8044,58.797477900000004,127518.82,5,7,2023,0.6685816795229753,0.8015160573129636,0.46732013402257,1.0,0.5118344887317092,-0.9749279121818236,-0.2225209339563146,-0.4999999999999997,-0.8660254037844388,1.0
2023-07-06,Beras Premium,10500.0,11500.0,Padi,Q2-2023,2023.0,21687.8044,58.797477900000004,127518.82,6,7,2023,0.6685816795229753,0.8015160573129636,0.46732013402257,1.0,0.5118344887317092,-0.7818314824680299,0.6234898018587334,-0.4999999999999997,-0.8660254037844388,1.0
2023-07-07,Beras Premium,10500.0,11500.0,Padi,Q2-2023,2023.0,21687.8044,58.797477900000004,127518.82,7,7,2023,0.6685816795229753,0.8015160573129636,0.46732013402257,1.0,0.5118344887317092,-2.4492935982947064e-16,1.0,-0.4999999999999997,-0.8660254037844388,1.0
2023-07-08,Beras Premium,10736.598356854605,11505.388271276535,Padi,Q2-2023,2023.0,21687.8044,58.797477900000004,127518.82,8,7,2023,0.8267619635551853,0.8039562665403732,0.46732013402257,1.0,0.5118344887317092,0.7818314824680296,0.6234898018587337,-0.4999999999999997,-0.8660254037844388,1.0
2023-07-09,Beras Premium,10630.745576951924,11505.224281479721,Padi,Q2-2023,2023.0,21687.8044,58.797477900000004,127518.82,9,7,2023,0.7559929902909523,0.8038819997867428,0.46732013402257,1.0,0.5118344887317092,0.9749279121818237,-0.2225209339563141,-0.4999999999999997,-0.8660254037844388,1.0
2023-07-10,Beras Premium,10500.0,11500.0,Padi,Q2-2023,2023.0,21687.8044,58.797477900000004,127518.82,10,7,2023,0.6685816795229753,0.8015160573129636,0.46732013402257,1.0,0.5118344887317092,0.43388373911755845,-0.9009688679024189,-0.4999999999999997,-0.8660254037844388,1.0
2023-07-11,Beras Premium,10500.0,11500.0,Padi,Q2-2023,2023.0,21687.8044,58.797477900000004,127518.82,11,7,2023,0.6685816795229753,0.8015160573129636,0.46732013402257,1.0,0.5118344887317092,-0.4338837391175562,-0.90096886790242,-0.4999999999999997,-0.8660254037844388,1.0
2023-07-12,Beras Premium,10500.0,11500.0,Padi,Q2-2023,2023.0,21687.8044,58.797477900000004,127518.82,12,7,2023,0.6685816795229753,0.8015160573129636,0.46732013402257,1.0,0.5118344887317092,-0.9749279121818235,-0.2225209339563148,-0.4999999999999997,-0.8660254037844388,1.0
2023-07-13,Beras Premium,10500.0,11500.0,Padi,Q2-2023,2023.0,21687.8044,58.797477900000004,127518.82,13,7,2023,0.6685816795229753,0.8015160573129636,0.46732013402257,1.0,0.5118344887317092,-0.781831482468029,0.6234898018587346,-0.4999999999999997,-0.8660254037844388,1.0
2023-07-14,Beras Premium,10500.0,11500.0,Padi,Q2-2023,2023.0,21687.8044,58.797477900000004,127518.82,14,7,2023,0.6685816795229753,0.8015160573129636,0.46732013402257,1.0,0.5118344887317092,-4.898587196589413e-16,1.0,-0.4999999999999997,-0.8660254037844388,1.0
2023-07-15,Beras Premium,10569.660501836433,11637.72460169524,Padi,Q2-2023,2023.0,21687.8044,58.797477900000004,127518.82,15,7,2023,0.7151539301201542,0.863887980820536,0.46732013402257,1.0,0.5118344887317092,0.7818314824680284,0.6234898018587354,-0.4999999999999997,-0.8660254037844388,1.0
2023-07-16,Beras Premium,10637.983087978433,11771.023175785169,Padi,Q2-2023,2023.0,21687.8044,58.797477900000004,127518.82,16,7,2023,0.7608317033111067,0.9242554704663091,0.46732013402257,1.0,0.5118344887317092,0.9749279121818237,-0.22252093395631387,-0.4999999999999997,-0.8660254037844388,1.0
2023-07-17,Beras Premium,10700.0,11900.0,Padi,Q2-2023,2023.0,21687.8044,58.797477900000004,127518.82,17,7,2023,0.8022937527047986,0.9826657509474845,0.46732013402257,1.0,0.5118344887317092,0.43388373911755707,-0.9009688679024196,-0.4999999999999997,-0.8660254037844388,1.0
2023-07-18,Beras Premium,10700.0,11900.0,Padi,Q2-2023,2023.0,21687.8044,58.797477900000004,127518.82,18,7,2023,0.8022937527047986,0.9826657509474845,0.46732013402257,1.0,0.5118344887317092,-0.43388373911755757,-0.9009688679024194,-0.4999999999999997,-0.8660254037844388,1.0
2023-07-19,Beras Premium,10709.828704715688,11904.799284486147,Padi,Q2-2023,2023.0,21687.8044,58.797477900000004,127518.82,19,7,2023,0.8088648351259318,0.9848392232333101,0.46732013402257,1.0,0.5118344887317092,-0.9749279121818235,-0.22252093395631506,-0.4999999999999997,-0.8660254037844388,1.0
2023-07-20,Beras Premium,10700.0,11900.0,Padi,Q2-2023,2023.0,21687.8044,58.797477900000004,127518.82,20,7,2023,0.8022937527047986,0.9826657509474845,0.46732013402257,1.0,0.5118344887317092,-0.7818314824680302,0.6234898018587329,-0.4999999999999997,-0.8660254037844388,1.0
2023-07-21,Beras Premium,10700.0,11900.0,Padi,Q2-2023,2023.0,21687.8044,58.797477900000004,127518.82,21,7,2023,0.8022937527047986,0.9826657509474845,0.46732013402257,1.0,0.5118344887317092,-7.347880794884119e-16,1.0,-0.4999999999999997,-0.8660254037844388,1.0
2023-07-22,Beras Premium,10713.879399714495,11906.251532664382,Padi,Q2-2023,2023.0,21687.8044,58.797477900000004,127518.82,22,7,2023,0.8115729692565203,0.9854969090147314,0.46732013402257,1.0,0.5118344887317092,0.7818314824680271,0.6234898018587369,-0.4999999999999997,-0.8660254037844388,1.0
2023-07-23,Beras Premium,10502.550200706675,11906.943670030645,Padi,Q2-2023,2023.0,21687.8044,58.797477900000004,127518.82,23,7,2023,0.6702866426405718,0.9858103601943604,0.46732013402257,1.0,0.5118344887317092,0.9749279121818238,-0.22252093395631362,-0.4999999999999997,-0.8660254037844388,1.0
2023-07-24,Beras Premium,10700.0,11900.0,Padi,Q2-2023,2023.0,21687.8044,58.797477900000004,127518.82,24,7,2023,0.8022937527047986,0.9826657509474845,0.46732013402257,1.0,0.5118344887317092,0.4338837391175589,-0.9009688679024188,-0.4999999999999997,-0.8660254037844388,1.0
2023-07-25,Beras Premium,10700.0,11900.0,Padi,Q2-2023,2023.0,21687.8044,58.797477900000004,127518.82,25,7,2023,0.8022937527047986,0.9826657509474845,0.46732013402257,1.0,0.5118344887317092,-0.43388373911755734,-0.9009688679024195,-0.4999999999999997,-0.8660254037844388,1.0
2023-07-26,Beras Premium,10700.0,11900.0,Padi,Q2-2023,2023.0,21687.8044,58.797477900000004,127518.82,26,7,2023,0.8022937527047986,0.9826657509474845,0.46732013402257,1.0,0.5118344887317092,-0.9749279121818242,-0.22252093395631184,-0.4999999999999997,-0.8660254037844388,1.0
2023-07-27,Beras Premium,10700.0,11900.0,Padi,Q2-2023,2023.0,21687.8044,58.797477900000004,127518.82,27,7,2023,0.8022937527047986,0.9826657509474845,0.46732013402257,1.0,0.5118344887317092,-0.7818314824680304,0.6234898018587328,-0.4999999999999997,-0.8660254037844388,1.0
2023-07-28,Beras Premium,10700.0,11900.0,Padi,Q2-2023,2023.0,21687.8044,58.797477900000004,127518.82,28,7,2023,0.8022937527047986,0.9826657509474845,0.46732013402257,1.0,0.5118344887317092,-9.797174393178826e-16,1.0,-0.4999999999999997,-0.8660254037844388,1.0
2023-07-29,Beras Premium,10710.320133709532,11938.276076994065,Padi,Q2-2023,2023.0,21687.8044,58.797477900000004,127518.82,29,7,2023,0.8091933850738746,1.0,0.46732013402257,1.0,0.5118344887317092,0.7818314824680291,0.6234898018587344,-0.4999999999999997,-0.8660254037844388,1.0
2023-07-30,Beras Premium,10700.0,11900.0,Padi,Q2-2023,2023.0,21687.8044,58.797477900000004,127518.82,30,7,2023,0.8022937527047986,0.9826657509474845,0.46732013402257,1.0,0.5118344887317092,0.9749279121818246,-0.22252093395630992,-0.4999999999999997,-0.8660254037844388,1.0
2023-07-31,Beras Premium,10700.0,11900.0,Padi,Q2-2023,2023.0,21687.8044,58.797477900000004,127518.82,31,7,2023,0.8022937527047986,0.9826657509474845,0.46732013402257,1.0,0.5118344887317092,0.4338837391175591,-0.9009688679024187,-0.4999999999999997,-0.8660254037844388,1.0
2023-08-01,Beras Premium,10700.0,11900.0,Padi,Q2-2023,2023.0,21687.8044,58.797477900000004,127518.82,1,8,2023,0.8022937527047986,0.9826657509474845,0.46732013402257,1.0,0.5118344887317092,0.7818314824680298,0.6234898018587336,-0.8660254037844384,-0.5000000000000004,1.0
2023-08-02,Beras Premium,10700.0,11900.0,Padi,Q2-2023,2023.0,21687.8044,58.797477900000004,127518.82,2,8,2023,0.8022937527047986,0.9826657509474845,0.46732013402257,1.0,0.5118344887317092,0.9749279121818236,-0.22252093395631434,-0.8660254037844384,-0.5000000000000004,1.0
2023-08-03,Beras Premium,10700.0,11900.0,Padi,Q2-2023,2023.0,21687.8044,58.797477900000004,127518.82,3,8,2023,0.8022937527047986,0.9826657509474845,0.46732013402257,1.0,0.5118344887317092,0.43388373911755823,-0.900968867902419,-0.8660254037844384,-0.5000000000000004,1.0
2023-08-04,Beras Premium,10700.0,11900.0,Padi,Q2-2023,2023.0,21687.8044,58.797477900000004,127518.82,4,8,2023,0.8022937527047986,0.9826657509474845,0.46732013402257,1.0,0.5118344887317092,-0.433883739117558,-0.9009688679024191,-0.8660254037844384,-0.5000000000000004,1.0
2023-08-05,Beras Premium,10897.914953976013,11923.344285781035,Padi,Q2-2023,2023.0,21687.8044,58.797477900000004,127518.82,5,8,2023,0.9346118467538869,0.9932377764908624,0.46732013402257,1.0,0.5118344887317092,-0.9749279121818236,-0.2225209339563146,-0.8660254037844384,-0.5000000000000004,1.0
2023-08-06,Beras Premium,10846.569855591586,11924.435723068904,Padi,Q2-2023,2023.0,21687.8044,58.797477900000004,127518.82,6,8,2023,0.9002845489903555,0.9937320603166588,0.46732013402257,1.0,0.5118344887317092,-0.7818314824680299,0.6234898018587334,-0.8660254037844384,-0.5000000000000004,1.0
2023-08-07,Beras Premium,10995.719365634783,11899.927091970532,Padi,Q2-2023,2023.0,21687.8044,58.797477900000004,127518.82,7,8,2023,1.0,0.9826327327794804,0.46732013402257,1.0,0.5118344887317092,-2.4492935982947064e-16,1.0,-0.8660254037844384,-0.5000000000000004,1.0
2023-08-08,Beras Premium,10700.0,11900.0,Padi,Q2-2023,2023.0,21687.8044,58.797477900000004,127518.82,8,8,2023,0.8022937527047986,0.9826657509474845,0.46732013402257,1.0,0.5118344887317092,0.7818314824680296,0.6234898018587337,-0.8660254037844384,-0.5000000000000004,1.0
2023-08-09,Beras Premium,10700.0,11900.0,Padi,Q2-2023,2023.0,21687.8044,58.797477900000004,127518.82,9,8,2023,0.8022937527047986,0.9826657509474845,0.46732013402257,1.0,0.5118344887317092,0.9749279121818237,-0.2225209339563141,-0.8660254037844384,-0.5000000000000004,1.0
2023-08-10,Beras Premium,10700.0,11900.0,Padi,Q2-2023,2023.0,21687.8044,58.797477900000004,127518.82,10,8,2023,0.8022937527047986,0.9826657509474845,0.46732013402257,1.0,0.5118344887317092,0.43388373911755845,-0.9009688679024189,-0.8660254037844384,-0.5000000000000004,1.0
2023-08-11,Beras Premium,10700.0,11900.0,Padi,Q2-2023,2023.0,21687.8044,58.797477900000004,127518.82,11,8,2023,0.8022937527047986,0.9826657509474845,0.46732013402257,1.0,0.5118344887317092,-0.4338837391175562,-0.90096886790242,-0.8660254037844384,-0.5000000000000004,1.0
2023-08-12,Beras Premium,10663.755398150168,11927.185857252718,Padi,Q2-2023,2023.0,21687.8044,58.797477900000004,127518.82,12,8,2023,0.7780620484298444,0.994977525228788,0.46732013402257,1.0,0.5118344887317092,-0.9749279121818235,-0.2225209339563148,-0.8660254037844384,-0.5000000000000004,1.0
2023-08-13,Beras Premium,10720.084295504506,11927.405291262363,Padi,Q2-2023,2023.0,21687.8044,58.797477900000004,127518.82,13,8,2023,0.815721316656318,0.9950769012378391,0.46732013402257,1.0,0.5118344887317092,-0.781831482468029,0.6234898018587346,-0.8660254037844384,-0.5000000000000004,1.0
2023-08-14,Beras Premium,10700.0,11900.0,Padi,Q2-2023,2023.0,21687.8044,58.797477900000004,127518.82,14,8,2023,0.8022937527047986,0.9826657509474845,0.46732013402257,1.0,0.5118344887317092,-4.898587196589413e-16,1.0,-0.8660254037844384,-0.5000000000000004,1.0
2023-08-15,Beras Premium,10700.0,11900.0,Padi,Q2-2023,2023.0,21687.8044,58.797477900000004,127518.82,15,8,2023,0.8022937527047986,0.9826657509474845,0.46732013402257,1.0,0.5118344887317092,0.7818314824680284,0.6234898018587354,-0.8660254037844384,-0.5000000000000004,1.0
2023-08-16,Beras Premium,10700.0,11900.0,Padi,Q2-2023,2023.0,21687.8044,58.797477900000004,127518.82,16,8,2023,0.8022937527047986,0.9826657509474845,0.46732013402257,1.0,0.5118344887317092,0.9749279121818237,-0.22252093395631387,-0.8660254037844384,-0.5000000000000004,1.0
2023-08-17,Beras Premium,10721.049625633674,12284.072618488495,Padi,Q2-2023,2023.0,21687.8044,58.797477900000004,127518.82,17,8,2023,0.8163666981206976,1.1566023438789816,0.46732013402257,1.0,0.5118344887317092,0.43388373911755707,-0.9009688679024196,-0.8660254037844384,-0.5000000000000004,1.0
2023-08-18,Beras Premium,10700.0,11900.0,Padi,Q2-2023,2023.0,21687.8044,58.797477900000004,127518.82,18,8,2023,0.8022937527047986,0.9826657509474845,0.46732013402257,1.0,0.5118344887317092,-0.43388373911755757,-0.9009688679024194,-0.8660254037844384,-0.5000000000000004,1.0
2023-08-19,Beras Premium,10781.16900238295,12441.796430012066,Padi,Q2-2023,2023.0,21687.8044,58.797477900000004,127518.82,19,8,2023,0.8565601306384218,1.228031394219891,0.46732013402257,1.0,0.5118344887317092,-0.9749279121818235,-0.22252093395631506,-0.8660254037844384,-0.5000000000000004,1.0
2023-08-20,Beras Premium,10783.353840584085,12453.710530337405,Padi,Q2-2023,2023.0,21687.8044,58.797477900000004,127518.82,20,8,2023,0.8580208268656238,1.2334269832795561,0.46732013402257,1.0,0.5118344887317092,-0.7818314824680302,0.6234898018587329,-0.8660254037844384,-0.5000000000000004,1.0
2023-08-21,Beras Premium,10700.0,11900.0,Padi,Q2-2023,2023.0,21687.8044,58.797477900000004,127518.82,21,8,2023,0.8022937527047986,0.9826657509474845,0.46732013402257,1.0,0.5118344887317092,-7.347880794884119e-16,1.0,-0.8660254037844384,-0.5000000000000004,1.0
2023-08-22,Beras Premium,10700.0,11900.0,Padi,Q2-2023,2023.0,21687.8044,58.797477900000004,127518.82,22,8,2023,0.8022937527047986,0.9826657509474845,0.46732013402257,1.0,0.5118344887317092,0.7818314824680271,0.6234898018587369,-0.8660254037844384,-0.5000000000000004,1.0
2023-08-23,Beras Premium,10700.0,11900.0,Padi,Q2-2023,2023.0,21687.8044,58.797477900000004,127518.82,23,8,2023,0.8022937527047986,0.9826657509474845,0.46732013402257,1.0,0.5118344887317092,0.9749279121818238,-0.22252093395631362,-0.8660254037844384,-0.5000000000000004,1.0
2023-08-24,Beras Premium,10700.0,11900.0,Padi,Q2-2023,2023.0,21687.8044,58.797477900000004,127518.82,24,8,2023,0.8022937527047986,0.9826657509474845,0.46732013402257,1.0,0.5118344887317092,0.4338837391175589,-0.9009688679024188,-0.8660254037844384,-0.5000000000000004,1.0
2023-08-25,Beras Premium,10700.0,11900.0,Padi,Q2-2023,2023.0,21687.8044,58.797477900000004,127518.82,25,8,2023,0.8022937527047986,0.9826657509474845,0.46732013402257,1.0,0.5118344887317092,-0.43388373911755734,-0.9009688679024195,-0.8660254037844384,-0.5000000000000004,1.0
2023-08-26,Beras Premium,10806.923055516409,12565.76479671866,Padi,Q2-2023,2023.0,21687.8044,58.797477900000004,127518.82,26,8,2023,0.8737782698249692,1.2841734733430705,0.46732013402257,1.0,0.5118344887317092,-0.9749279121818242,-0.22252093395631184,-0.8660254037844384,-0.5000000000000004,1.0
2023-08-27,Beras Premium,10910.604311497369,12555.199630069026,Padi,Q2-2023,2023.0,21687.8044,58.797477900000004,127518.82,27,8,2023,0.9430954482615164,1.2793887815886231,0.46732013402257,1.0,0.5118344887317092,-0.7818314824680304,0.6234898018587328,-0.8660254037844384,-0.5000000000000004,1.0
2023-08-28,Beras Premium,11100.0,12600.0,Padi,Q2-2023,2023.0,21687.8044,58.797477900000004,127518.82,28,8,2023,1.0697178990684444,1.2996777148078955,0.46732013402257,1.0,0.5118344887317092,-9.797174393178826e-16,1.0,-0.8660254037844384,-0.5000000000000004,1.0
2023-08-29,Beras Premium,11100.0,12600.0,Padi,Q2-2023,2023.0,21687.8044,58.797477900000004,127518.82,29,8,2023,1.0697178990684444,1.2996777148078955,0.46732013402257,1.0,0.5118344887317092,0.7818314824680291,0.6234898018587344,-0.8660254037844384,-0.5000000000000004,1.0
2023-08-30,Beras Premium,11100.0,12600.0,Padi,Q2-2023,2023.0,21687.8044,58.797477900000004,127518.82,30,8,2023,1.0697178990684444,1.2996777148078955,0.46732013402257,1.0,0.5118344887317092,0.9749279121818246,-0.22252093395630992,-0.8660254037844384,-0.5000000000000004,1.0
2023-08-31,Beras Premium,11100.0,12600.0,Padi,Q2-2023,2023.0,21687.8044,58.797477900000004,127518.82,31,8,2023,1.0697178990684444,1.2996777148078955,0.46732013402257,1.0,0.5118344887317092,0.4338837391175591,-0.9009688679024187,-0.8660254037844384,-0.5000000000000004,1.0
2023-09-01,Beras Premium,11100.0,12600.0,Padi,Q3-2023,2023.0,8101.2824,54.17660789,43890.0,1,9,2023,1.0697178990684444,1.2996777148078955,0.03828783622097409,-0.022831061578832745,0.03338757566468942,0.7818314824680298,0.6234898018587336,-1.0,-1.8369701987210297e-16,1.0
2023-09-02,Beras Premium,11139.991331903511,12649.193658176982,Padi,Q3-2023,2023.0,8101.2824,54.17660789,43890.0,2,9,2023,1.0964545185590486,1.3219562550767003,0.03828783622097409,-0.022831061578832745,0.03338757566468942,0.9749279121818236,-0.22252093395631434,-1.0,-1.8369701987210297e-16,1.0
2023-09-03,Beras Premium,11170.402215522681,12805.804649685351,Padi,Q3-2023,2023.0,8101.2824,54.17660789,43890.0,3,9,2023,1.1167860300391004,1.392881337905549,0.03828783622097409,-0.022831061578832745,0.03338757566468942,0.43388373911755823,-0.900968867902419,-1.0,-1.8369701987210297e-16,1.0
2023-09-04,Beras Premium,11200.0,12800.0,Padi,Q3-2023,2023.0,8101.2824,54.17660789,43890.0,4,9,2023,1.1365739356593556,1.3902525616251564,0.03828783622097409,-0.022831061578832745,0.03338757566468942,-0.433883739117558,-0.9009688679024191,-1.0,-1.8369701987210297e-16,1.0
2023-09-05,Beras Premium,11200.0,12800.0,Padi,Q3-2023,2023.0,8101.2824,54.17660789,43890.0,5,9,2023,1.1365739356593556,1.3902525616251564,0.03828783622097409,-0.022831061578832745,0.03338757566468942,-0.9749279121818236,-0.2225209339563146,-1.0,-1.8369701987210297e-16,1.0
2023-09-06,Beras Premium,11200.0,12800.0,Padi,Q3-2023,2023.0,8101.2824,54.17660789,43890.0,6,9,2023,1.1365739356593556,1.3902525616251564,0.03828783622097409,-0.022831061578832745,0.03338757566468942,-0.7818314824680299,0.6234898018587334,-1.0,-1.8369701987210297e-16,1.0
2023-09-07,Beras Premium,11200.0,12800.0,Padi,Q3-2023,2023.0,8101.2824,54.17660789,43890.0,7,9,2023,1.1365739356593556,1.3902525616251564,0.03828783622097409,-0.022831061578832745,0.03338757566468942,-2.4492935982947064e-16,1.0,-1.0,-1.8369701987210297e-16,1.0
2023-09-08,Beras Premium,11200.0,12800.0,Padi,Q3-2023,2023.0,8101.2824,54.17660789,43890.0,8,9,2023,1.1365739356593556,1.3902525616251564,0.03828783622097409,-0.022831061578832745,0.03338757566468942,0.7818314824680296,0.6234898018587337,-1.0,-1.8369701987210297e-16,1.0
2023-09-09,Beras Premium,11159.361746588322,12955.664286640824,Padi,Q3-2023,2023.0,8101.2824,54.17660789,43890.0,9,9,2023,1.1094048100885363,1.4607489062122099,0.03828783622097409,-0.022831061578832745,0.03338757566468942,0.9749279121818237,-0.2225209339563141,-1.0,-1.8369701987210297e-16,1.0
2023-09-10,Beras Premium,11149.497739146,12989.624526185236,Padi,Q3-2023,2023.0,8101.2824,54.17660789,43890.0,10,9,2023,1.1028101256635674,1.4761286236852733,0.03828783622097409,-0.022831061578832745,0.03338757566468942,0.43388373911755845,-0.9009688679024189,-1.0,-1.8369701987210297e-16,1.0
2023-09-11,Beras Premium,11200.0,12800.0,Padi,Q3-2023,2023.0,8101.2824,54.17660789,43890.0,11,9,2023,1.1365739356593556,1.3902525616251564,0.03828783622097409,-0.022831061578832745,0.03338757566468942,-0.4338837391175562,-0.90096886790242,-1.0,-1.8369701987210297e-16,1.0
2023-09-12,Beras Premium,11200.0,12800.0,Padi,Q3-2023,2023.0,8101.2824,54.17660789,43890.0,12,9,2023,1.1365739356593556,1.3902525616251564,0.03828783622097409,-0.022831061578832745,0.03338757566468942,-0.9749279121818235,-0.2225209339563148,-1.0,-1.8369701987210297e-16,1.0
2023-09-13,Beras Premium,11200.0,12800.0,Padi,Q3-2023,2023.0,8101.2824,54.17660789,43890.0,13,9,2023,1.1365739356593556,1.3902525616251564,0.03828783622097409,-0.022831061578832745,0.03338757566468942,-0.781831482468029,0.6234898018587346,-1.0,-1.8369701987210297e-16,1.0
2023-09-14,Beras Premium,11200.0,12800.0,Padi,Q3-2023,2023.0,8101.2824,54.17660789,43890.0,14,9,2023,1.1365739356593556,1.3902525616251564,0.03828783622097409,-0.022831061578832745,0.03338757566468942,-4.898587196589413e-16,1.0,-1.0,-1.8369701987210297e-16,1.0
2023-09-15,Beras Premium,11200.0,12800.0,Padi,Q3-2023,2023.0,8101.2824,54.17660789,43890.0,15,9,2023,1.1365739356593556,1.3902525616251564,0.03828783622097409,-0.022831061578832745,0.03338757566468942,0.7818314824680284,0.6234898018587354,-1.0,-1.8369701987210297e-16,1.0
2023-09-16,Beras Premium,11734.280712058579,13383.764075879753,Padi,Q3-2023,2023.0,8101.2824,54.17660789,43890.0,16,9,2023,1.4937728440114206,1.6546242703762974,0.03828783622097409,-0.022831061578832745,0.03338757566468942,0.9749279121818237,-0.22252093395631387,-1.0,-1.8369701987210297e-16,1.0
2023-09-17,Beras Premium,11827.236380352277,13614.479261407594,Padi,Q3-2023,2023.0,8101.2824,54.17660789,43890.0,17,9,2023,1.555919319619182,1.7591092333142981,0.03828783622097409,-0.022831061578832745,0.03338757566468942,0.43388373911755707,-0.9009688679024196,-1.0,-1.8369701987210297e-16,1.0
2023-09-18,Beras Premium,12800.0,14000.0,Padi,Q3-2023,2023.0,8101.2824,54.17660789,43890.0,18,9,2023,2.206270521113937,1.9337016425287192,0.03828783622097409,-0.022831061578832745,0.03338757566468942,-0.43388373911755757,-0.9009688679024194,-1.0,-1.8369701987210297e-16,1.0
2023-09-19,Beras Premium,12800.0,14000.0,Padi,Q3-2023,2023.0,8101.2824,54.17660789,43890.0,19,9,2023,2.206270521113937,1.9337016425287192,0.03828783622097409,-0.022831061578832745,0.03338757566468942,-0.9749279121818235,-0.22252093395631506,-1.0,-1.8369701987210297e-16,1.0
2023-09-20,Beras Premium,12800.0,14000.0,Padi,Q3-2023,2023.0,8101.2824,54.17660789,43890.0,20,9,2023,2.206270521113937,1.9337016425287192,0.03828783622097409,-0.022831061578832745,0.03338757566468942,-0.7818314824680302,0.6234898018587329,-1.0,-1.8369701987210297e-16,1.0
2023-09-21,Beras Premium,12800.0,14000.0,Padi,Q3-2023,2023.0,8101.2824,54.17660789,43890.0,21,9,2023,2.206270521113937,1.9337016425287192,0.03828783622097409,-0.022831061578832745,0.03338757566468942,-7.347880794884119e-16,1.0,-1.0,-1.8369701987210297e-16,1.0
2023-09-22,Beras Premium,12800.0,14000.0,Padi,Q3-2023,2023.0,8101.2824,54.17660789,43890.0,22,9,2023,2.206270521113937,1.9337016425287192,0.03828783622097409,-0.022831061578832745,0.03338757566468942,0.7818314824680271,0.6234898018587369,-1.0,-1.8369701987210297e-16,1.0
2023-09-23,Beras Premium,11783.318769011066,13788.256500186886,Padi,Q3-2023,2023.0,8101.2824,54.17660789,43890.0,23,9,2023,1.526557745311048,1.8378084672281023,0.03828783622097409,-0.022831061578832745,0.03338757566468942,0.9749279121818238,-0.22252093395631362,-1.0,-1.8369701987210297e-16,1.0
2023-09-24,Beras Premium,12133.482783146881,13834.356847422298,Padi,Q3-2023,2023.0,8101.2824,54.17660789,43890.0,24,9,2023,1.7606635267298918,1.8586861266734518,0.03828783622097409,-0.022831061578832745,0.03338757566468942,0.4338837391175589,-0.9009688679024188,-1.0,-1.8369701987210297e-16,1.0
2023-09-25,Beras Premium,13200.0,14000.0,Padi,Q3-2023,2023.0,8101.2824,54.17660789,43890.0,25,9,2023,2.4736946674775835,1.9337016425287192,0.03828783622097409,-0.022831061578832745,0.03338757566468942,-0.43388373911755734,-0.9009688679024195,-1.0,-1.8369701987210297e-16,1.0
2023-09-26,Beras Premium,13200.0,14000.0,Padi,Q3-2023,2023.0,8101.2824,54.17660789,43890.0,26,9,2023,2.4736946674775835,1.9337016425287192,0.03828783622097409,-0.022831061578832745,0.03338757566468942,-0.9749279121818242,-0.22252093395631184,-1.0,-1.8369701987210297e-16,1.0
2023-09-27,Beras Premium,13200.0,14000.0,Padi,Q3-2023,2023.0,8101.2824,54.17660789,43890.0,27,9,2023,2.4736946674775835,1.9337016425287192,0.03828783622097409,-0.022831061578832745,0.03338757566468942,-0.7818314824680304,0.6234898018587328,-1.0,-1.8369701987210297e-16,1.0
2023-09-28,Beras Premium,13200.0,14000.0,Padi,Q3-2023,2023.0,8101.2824,54.17660789,43890.0,28,9,2023,2.4736946674775835,1.9337016425287192,0.03828783622097409,-0.022831061578832745,0.03338757566468942,-9.797174393178826e-16,1.0,-1.0,-1.8369701987210297e-16,1.0
2023-09-29,Beras Premium,13200.0,14000.0,Padi,Q3-2023,2023.0,8101.2824,54.17660789,43890.0,29,9,2023,2.4736946674775835,1.9337016425287192,0.03828783622097409,-0.022831061578832745,0.03338757566468942,0.7818314824680291,0.6234898018587344,-1.0,-1.8369701987210297e-16,1.0
2023-09-30,Beras Premium,12805.420973859353,13963.212036719471,Padi,Q3-2023,2023.0,8101.2824,54.17660789,43890.0,30,9,2023,2.20989476938093,1.9170413218344544,0.03828783622097409,-0.022831061578832745,0.03338757566468942,0.9749279121818246,-0.22252093395630992,-1.0,-1.8369701987210297e-16,1.0
2023-10-01,Beras Premium,12960.11266585221,14004.21047756333,Padi,Q3-2023,2023.0,8101.2824,54.17660789,43890.0,1,10,2023,2.313315503582774,1.93560845933035,0.03828783622097409,-0.022831061578832745,0.03338757566468942,0.7818314824680298,0.6234898018587336,-0.8660254037844386,0.5000000000000001,1.0
2023-10-02,Beras Premium,13200.0,14800.0,Padi,Q3-2023,2023.0,8101.2824,54.17660789,43890.0,2,10,2023,2.4736946674775835,2.296001029797761,0.03828783622097409,-0.022831061578832745,0.03338757566468942,0.9749279121818236,-0.22252093395631434,-0.8660254037844386,0.5000000000000001,1.0
2023-10-03,Beras Premium,13200.0,14800.0,Padi,Q3-2023,2023.0,8101.2824,54.17660789,43890.0,3,10,2023,2.4736946674775835,2.296001029797761,0.03828783622097409,-0.022831061578832745,0.03338757566468942,0.43388373911755823,-0.900968867902419,-0.8660254037844386,0.5000000000000001,1.0
2023-10-04,Beras Premium,13200.0,14800.0,Padi,Q3-2023,2023.0,8101.2824,54.17660789,43890.0,4,10,2023,2.4736946674775835,2.296001029797761,0.03828783622097409,-0.022831061578832745,0.03338757566468942,-0.433883739117558,-0.9009688679024191,-0.8660254037844386,0.5000000000000001,1.0
2023-10-05,Beras Premium,13200.0,14800.0,Padi,Q3-2023,2023.0,8101.2824,54.17660789,43890.0,5,10,2023,2.4736946674775835,2.296001029797761,0.03828783622097409,-0.022831061578832745,0.03338757566468942,-0.9749279121818236,-0.2225209339563146,-0.8660254037844386,0.5000000000000001,1.0
2023-10-06,Beras Premium,13200.0,14800.0,Padi,Q3-2023,2023.0,8101.2824,54.17660789,43890.0,6,10,2023,2.4736946674775835,2.296001029797761,0.03828783622097409,-0.022831061578832745,0.03338757566468942,-0.7818314824680299,0.6234898018587334,-0.8660254037844386,0.5000000000000001,1.0
2023-10-07,Beras Premium,13199.58402592359,14118.568853061272,Padi,Q3-2023,2023.0,8101.2824,54.17660789,43890.0,7,10,2023,2.4734165636968504,1.9873984210453335,0.03828783622097409,-0.022831061578832745,0.03338757566468942,-2.4492935982947064e-16,1.0,-0.8660254037844386,0.5000000000000001,1.0
2023-10-08,Beras Premium,13199.758399875194,14136.585159714617,Padi,Q3-2023,2023.0,8101.2824,54.17660789,43890.0,8,10,2023,2.47353314320974,1.9955575421220315,0.03828783622097409,-0.022831061578832745,0.03338757566468942,0.7818314824680296,0.6234898018587337,-0.8660254037844386,0.5000000000000001,1.0
2023-10-09,Beras Premium,13200.0,14800.0,Padi,Q3-2023,2023.0,8101.2824,54.17660789,43890.0,9,10,2023,2.4736946674775835,2.296001029797761,0.03828783622097409,-0.022831061578832745,0.03338757566468942,0.9749279121818237,-0.2225209339563141,-0.8660254037844386,0.5000000000000001,1.0
2023-10-10,Beras Premium,13200.0,14800.0,Padi,Q3-2023,2023.0,8101.2824,54.17660789,43890.0,10,10,2023,2.4736946674775835,2.296001029797761,0.03828783622097409,-0.022831061578832745,0.03338757566468942,0.43388373911755845,-0.9009688679024189,-0.8660254037844386,0.5000000000000001,1.0
2023-10-11,Beras Premium,13200.0,14800.0,Padi,Q3-2023,2023.0,8101.2824,54.17660789,43890.0,11,10,2023,2.4736946674775835,2.296001029797761,0.03828783622097409,-0.022831061578832745,0.03338757566468942,-0.4338837391175562,-0.90096886790242,-0.8660254037844386,0.5000000000000001,1.0
2023-10-12,Beras Premium,13200.0,14800.0,Padi,Q3-2023,2023.0,8101.2824,54.17660789,43890.0,12,10,2023,2.4736946674775835,2.296001029797761,0.03828783622097409,-0.022831061578832745,0.03338757566468942,-0.9749279121818235,-0.2225209339563148,-0.8660254037844386,0.5000000000000001,1.0
2023-10-13,Beras Premium,13200.0,14800.0,Padi,Q3-2023,2023.0,8101.2824,54.17660789,43890.0,13,10,2023,2.4736946674775835,2.296001029797761,0.03828783622097409,-0.022831061578832745,0.03338757566468942,-0.781831482468029,0.6234898018587346,-0.8660254037844386,0.5000000000000001,1.0
2023-10-14,Beras Premium,13200.506638906409,14324.483709338985,Padi,Q3-2023,2023.0,8101.2824,54.17660789,43890.0,14,10,2023,2.474033386170235,2.0806519538690944,0.03828783622097409,-0.022831061578832745,0.03338757566468942,-4.898587196589413e-16,1.0,-0.8660254037844386,0.5000000000000001,1.0
2023-10-15,Beras Premium,13200.52632644399,14382.663089610563,Padi,Q3-2023,2023.0,8101.2824,54.17660789,43890.0,15,10,2023,2.4740465484775642,2.106999896149201,0.03828783622097409,-0.022831061578832745,0.03338757566468942,0.7818314824680284,0.6234898018587354,-0.8660254037844386,0.5000000000000001,1.0
2023-10-16,Beras Premium,13200.0,14800.0,Padi,Q3-2023,2023.0,8101.2824,54.17660789,43890.0,16,10,2023,2.4736946674775835,2.296001029797761,0.03828783622097409,-0.022831061578832745,0.03338757566468942,0.9749279121818237,-0.22252093395631387,-0.8660254037844386,0.5000000000000001,1.0
2023-10-17,Beras Premium,13200.0,14800.0,Padi,Q3-2023,2023.0,8101.2824,54.17660789,43890.0,17,10,2023,2.4736946674775835,2.296001029797761,0.03828783622097409,-0.022831061578832745,0.03338757566468942,0.43388373911755707,-0.9009688679024196,-0.8660254037844386,0.5000000000000001,1.0
2023-10-18,Beras Premium,13200.0,14800.0,Padi,Q3-2023,2023.0,8101.2824,54.17660789,43890.0,18,10,2023,2.4736946674775835,2.296001029797761,0.03828783622097409,-0.022831061578832745,0.03338757566468942,-0.43388373911755757,-0.9009688679024194,-0.8660254037844386,0.5000000000000001,1.0
2023-10-19,Beras Premium,13200.0,14800.0,Padi,Q3-2023,2023.0,8101.2824,54.17660789,43890.0,19,10,2023,2.4736946674775835,2.296001029797761,0.03828783622097409,-0.022831061578832745,0.03338757566468942,-0.9749279121818235,-0.22252093395631506,-0.8660254037844386,0.5000000000000001,1.0
2023-10-20,Beras Premium,13200.0,14800.0,Padi,Q3-2023,2023.0,8101.2824,54.17660789,43890.0,20,10,2023,2.4736946674775835,2.296001029797761,0.03828783622097409,-0.022831061578832745,0.03338757566468942,-0.7818314824680302,0.6234898018587329,-0.8660254037844386,0.5000000000000001,1.0
2023-10-21,Beras Premium,13200.08505231182,14458.342028832367,Padi,Q3-2023,2023.0,8101.2824,54.17660789,43890.0,21,10,2023,2.4737515300822954,2.1412729377857396,0.03828783622097409,-0.022831061578832745,0.03338757566468942,-7.347880794884119e-16,1.0,-0.8660254037844386,0.5000000000000001,1.0
2023-10-22,Beras Premium,13199.934518608,14490.699655607714,Padi,Q3-2023,2023.0,8101.2824,54.17660789,43890.0,22,10,2023,2.4736508892141886,2.1559268732284753,0.03828783622097409,-0.022831061578832745,0.03338757566468942,0.7818314824680271,0.6234898018587369,-0.8660254037844386,0.5000000000000001,1.0
2023-10-23,Beras Premium,13200.0,14800.0,Padi,Q3-2023,2023.0,8101.2824,54.17660789,43890.0,23,10,2023,2.4736946674775835,2.296001029797761,0.03828783622097409,-0.022831061578832745,0.03338757566468942,0.9749279121818238,-0.22252093395631362,-0.8660254037844386,0.5000000000000001,1.0
2023-10-24,Beras Premium,13200.0,14800.0,Padi,Q3-2023,2023.0,8101.2824,54.17660789,43890.0,24,10,2023,2.4736946674775835,2.296001029797761,0.03828783622097409,-0.022831061578832745,0.03338757566468942,0.4338837391175589,-0.9009688679024188,-0.8660254037844386,0.5000000000000001,1.0
2023-10-25,Beras Premium,13200.0,14800.0,Padi,Q3-2023,2023.0,8101.2824,54.17660789,43890.0,25,10,2023,2.4736946674775835,2.296001029797761,0.03828783622097409,-0.022831061578832745,0.03338757566468942,-0.43388373911755734,-0.9009688679024195,-0.8660254037844386,0.5000000000000001,1.0
2023-10-26,Beras Premium,13200.0,14800.0,Padi,Q3-2023,2023.0,8101.2824,54.17660789,43890.0,26,10,2023,2.4736946674775835,2.296001029797761,0.03828783622097409,-0.022831061578832745,0.03338757566468942,-0.9749279121818242,-0.22252093395631184,-0.8660254037844386,0.5000000000000001,1.0
2023-10-27,Beras Premium,13200.0,14800.0,Padi,Q3-2023,2023.0,8101.2824,54.17660789,43890.0,27,10,2023,2.4736946674775835,2.296001029797761,0.03828783622097409,-0.022831061578832745,0.03338757566468942,-0.7818314824680304,0.6234898018587328,-0.8660254037844386,0.5000000000000001,1.0
2023-10-28,Beras Premium,13331.941450144217,14698.053077866838,Padi,Q3-2023,2023.0,8101.2824,54.17660789,43890.0,28,10,2023,2.5619054916645796,2.2498318955192493,0.03828783622097409,-0.022831061578832745,0.03338757566468942,-9.797174393178826e-16,1.0,-0.8660254037844386,0.5000000000000001,1.0
2023-10-29,Beras Premium,13398.991013638424,14682.636931977462,Padi,Q3-2023,2023.0,8101.2824,54.17660789,43890.0,29,10,2023,2.6067321723683134,2.242850320257036,0.03828783622097409,-0.022831061578832745,0.03338757566468942,0.7818314824680291,0.6234898018587344,-0.8660254037844386,0.5000000000000001,1.0
2023-10-30,Beras Premium,13500.0,14500.0,Padi,Q3-2023,2023.0,8101.2824,54.17660789,43890.0,30,10,2023,2.674262777250317,2.16013875957187,0.03828783622097409,-0.022831061578832745,0.03338757566468942,0.9749279121818246,-0.22252093395630992,-0.8660254037844386,0.5000000000000001,1.0
2023-10-31,Beras Premium,13500.0,14500.0,Padi,Q3-2023,2023.0,8101.2824,54.17660789,43890.0,31,10,2023,2.674262777250317,2.16013875957187,0.03828783622097409,-0.022831061578832745,0.03338757566468942,0.4338837391175591,-0.9009688679024187,-0.8660254037844386,0.5000000000000001,1.0
2023-11-01,Beras Premium,13500.0,14500.0,Padi,Q3-2023,2023.0,8101.2824,54.17660789,43890.0,1,11,2023,2.674262777250317,2.16013875957187,0.03828783622097409,-0.022831061578832745,0.03338757566468942,0.7818314824680298,0.6234898018587336,-0.5000000000000004,0.8660254037844384,1.0
2023-11-02,Beras Premium,13500.0,14500.0,Padi,Q3-2023,2023.0,8101.2824,54.17660789,43890.0,2,11,2023,2.674262777250317,2.16013875957187,0.03828783622097409,-0.022831061578832745,0.03338757566468942,0.9749279121818236,-0.22252093395631434,-0.5000000000000004,0.8660254037844384,1.0
2023-11-03,Beras Premium,13500.0,14500.0,Padi,Q3-2023,2023.0,8101.2824,54.17660789,43890.0,3,11,2023,2.674262777250317,2.16013875957187,0.03828783622097409,-0.022831061578832745,0.03338757566468942,0.43388373911755823,-0.900968867902419,-0.5000000000000004,0.8660254037844384,1.0
2023-11-04,Beras Premium,13445.205561925148,14623.888308649946,Padi,Q3-2023,2023.0,8101.2824,54.17660789,43890.0,4,11,2023,2.6376293876812094,2.216244582463962,0.03828783622097409,-0.022831061578832745,0.03338757566468942,-0.433883739117558,-0.9009688679024191,-0.5000000000000004,0.8660254037844384,1.0
2023-11-05,Beras Premium,13182.229489368387,14616.611792346212,Padi,Q3-2023,2023.0,8101.2824,54.17660789,43890.0,5,11,2023,2.4618140083873206,2.212949235716092,0.03828783622097409,-0.022831061578832745,0.03338757566468942,-0.9749279121818236,-0.2225209339563146,-0.5000000000000004,0.8660254037844384,1.0
2023-11-06,Beras Premium,13500.0,14600.0,Padi,Q3-2023,2023.0,8101.2824,54.17660789,43890.0,6,11,2023,2.674262777250317,2.2054261829805,0.03828783622097409,-0.022831061578832745,0.03338757566468942,-0.7818314824680299,0.6234898018587334,-0.5000000000000004,0.8660254037844384,1.0
2023-11-07,Beras Premium,13500.0,14600.0,Padi,Q3-2023,2023.0,8101.2824,54.17660789,43890.0,7,11,2023,2.674262777250317,2.2054261829805,0.03828783622097409,-0.022831061578832745,0.03338757566468942,-2.4492935982947064e-16,1.0,-0.5000000000000004,0.8660254037844384,1.0
2023-11-08,Beras Premium,13500.0,14600.0,Padi,Q3-2023,2023.0,8101.2824,54.17660789,43890.0,8,11,2023,2.674262777250317,2.2054261829805,0.03828783622097409,-0.022831061578832745,0.03338757566468942,0.7818314824680296,0.6234898018587337,-0.5000000000000004,0.8660254037844384,1.0
2023-11-09,Beras Premium,13500.0,14600.0,Padi,Q3-2023,2023.0,8101.2824,54.17660789,43890.0,9,11,2023,2.674262777250317,2.2054261829805,0.03828783622097409,-0.022831061578832745,0.03338757566468942,0.9749279121818237,-0.2225209339563141,-0.5000000000000004,0.8660254037844384,1.0
2023-11-10,Beras Premium,13500.0,14600.0,Padi,Q3-2023,2023.0,8101.2824,54.17660789,43890.0,10,11,2023,2.674262777250317,2.2054261829805,0.03828783622097409,-0.022831061578832745,0.03338757566468942,0.43388373911755845,-0.9009688679024189,-0.5000000000000004,0.8660254037844384,1.0
2023-11-11,Beras Premium,13360.091350381957,14600.862473701101,Padi,Q3-2023,2023.0,8101.2824,54.17660789,43890.0,11,11,2023,2.5807253992678296,2.205816775097307,0.03828783622097409,-0.022831061578832745,0.03338757566468942,-0.4338837391175562,-0.90096886790242,-0.5000000000000004,0.8660254037844384,1.0
2023-11-12,Beras Premium,13497.318182007944,14609.028492247753,Padi,Q3-2023,2023.0,8101.2824,54.17660789,43890.0,12,11,2023,2.672469820032247,2.209514954492156,0.03828783622097409,-0.022831061578832745,0.03338757566468942,-0.9749279121818235,-0.2225209339563148,-0.5000000000000004,0.8660254037844384,1.0
2023-11-13,Beras Premium,13500.0,14600.0,Padi,Q3-2023,2023.0,8101.2824,54.17660789,43890.0,13,11,2023,2.674262777250317,2.2054261829805,0.03828783622097409,-0.022831061578832745,0.03338757566468942,-0.781831482468029,0.6234898018587346,-0.5000000000000004,0.8660254037844384,1.0
2023-11-14,Beras Premium,13500.0,14600.0,Padi,Q3-2023,2023.0,8101.2824,54.17660789,43890.0,14,11,2023,2.674262777250317,2.2054261829805,0.03828783622097409,-0.022831061578832745,0.03338757566468942,-4.898587196589413e-16,1.0,-0.5000000000000004,0.8660254037844384,1.0
2023-11-15,Beras Premium,13500.0,14600.0,Padi,Q3-2023,2023.0,8101.2824,54.17660789,43890.0,15,11,2023,2.674262777250317,2.2054261829805,0.03828783622097409,-0.022831061578832745,0.03338757566468942,0.7818314824680284,0.6234898018587354,-0.5000000000000004,0.8660254037844384,1.0
2023-11-16,Beras Premium,13500.0,14600.0,Padi,Q3-2023,2023.0,8101.2824,54.17660789,43890.0,16,11,2023,2.674262777250317,2.2054261829805,0.03828783622097409,-0.022831061578832745,0.03338757566468942,0.9749279121818237,-0.22252093395631387,-0.5000000000000004,0.8660254037844384,1.0
2023-11-17,Beras Premium,13500.0,14600.0,Padi,Q3-2023,2023.0,8101.2824,54.17660789,43890.0,17,11,2023,2.674262777250317,2.2054261829805,0.03828783622097409,-0.022831061578832745,0.03338757566468942,0.43388373911755707,-0.9009688679024196,-0.5000000000000004,0.8660254037844384,1.0
2023-11-18,Beras Premium,13212.54659464864,14643.58180221721,Padi,Q3-2023,2023.0,8101.2824,54.17660789,43890.0,18,11,2023,2.482082823386791,2.2251632582797205,0.03828783622097409,-0.022831061578832745,0.03338757566468942,-0.43388373911755757,-0.9009688679024194,-0.5000000000000004,0.8660254037844384,1.0
2023-11-19,Beras Premium,13205.728126721631,14639.848421227924,Padi,Q3-2023,2023.0,8101.2824,54.17660789,43890.0,19,11,2023,2.47752426597457,2.2234725062236445,0.03828783622097409,-0.022831061578832745,0.03338757566468942,-0.9749279121818235,-0.22252093395631506,-0.5000000000000004,0.8660254037844384,1.0
2023-11-20,Beras Premium,13500.0,14600.0,Padi,Q3-2023,2023.0,8101.2824,54.17660789,43890.0,20,11,2023,2.674262777250317,2.2054261829805,0.03828783622097409,-0.022831061578832745,0.03338757566468942,-0.7818314824680302,0.6234898018587329,-0.5000000000000004,0.8660254037844384,1.0
2023-11-21,Beras Premium,13500.0,14600.0,Padi,Q3-2023,2023.0,8101.2824,54.17660789,43890.0,21,11,2023,2.674262777250317,2.2054261829805,0.03828783622097409,-0.022831061578832745,0.03338757566468942,-7.347880794884119e-16,1.0,-0.5000000000000004,0.8660254037844384,1.0
2023-11-22,Beras Premium,13500.0,14600.0,Padi,Q3-2023,2023.0,8101.2824,54.17660789,43890.0,22,11,2023,2.674262777250317,2.2054261829805,0.03828783622097409,-0.022831061578832745,0.03338757566468942,0.7818314824680271,0.6234898018587369,-0.5000000000000004,0.8660254037844384,1.0
2023-11-23,Beras Premium,13500.0,14600.0,Padi,Q3-2023,2023.0,8101.2824,54.17660789,43890.0,23,11,2023,2.674262777250317,2.2054261829805,0.03828783622097409,-0.022831061578832745,0.03338757566468942,0.9749279121818238,-0.22252093395631362,-0.5000000000000004,0.8660254037844384,1.0
2023-11-24,Beras Premium,13500.0,14600.0,Padi,Q3-2023,2023.0,8101.2824,54.17660789,43890.0,24,11,2023,2.674262777250317,2.2054261829805,0.03828783622097409,-0.022831061578832745,0.03338757566468942,0.4338837391175589,-0.9009688679024188,-0.5000000000000004,0.8660254037844384,1.0
2023-11-25,Beras Premium,13118.174772446553,14621.254772855229,Padi,Q3-2023,2023.0,8101.2824,54.17660789,43890.0,25,11,2023,2.418989563403854,2.2150519219579907,0.03828783622097409,-0.022831061578832745,0.03338757566468942,-0.43388373911755734,-0.9009688679024195,-0.5000000000000004,0.8660254037844384,1.0
2023-11-26,Beras Premium,13303.228334628438,14612.805262296324,Padi,Q3-2023,2023.0,8101.2824,54.17660789,43890.0,26,11,2023,2.542709040648961,2.2112253563352224,0.03828783622097409,-0.022831061578832745,0.03338757566468942,-0.9749279121818242,-0.22252093395631184,-0.5000000000000004,0.8660254037844384,1.0
2023-11-27,Beras Premium,13500.0,14600.0,Padi,Q3-2023,2023.0,8101.2824,54.17660789,43890.0,27,11,2023,2.674262777250317,2.2054261829805,0.03828783622097409,-0.022831061578832745,0.03338757566468942,-0.7818314824680304,0.6234898018587328,-0.5000000000000004,0.8660254037844384,1.0
2023-11-28,Beras Premium,13500.0,14600.0,Padi,Q3-2023,2023.0,8101.2824,54.17660789,43890.0,28,11,2023,2.674262777250317,2.2054261829805,0.03828783622097409,-0.022831061578832745,0.03338757566468942,-9.797174393178826e-16,1.0,-0.5000000000000004,0.8660254037844384,1.0
2023-11-29,Beras Premium,13500.0,14600.0,Padi,Q3-2023,2023.0,8101.2824,54.17660789,43890.0,29,11,2023,2.674262777250317,2.2054261829805,0.03828783622097409,-0.022831061578832745,0.03338757566468942,0.7818314824680291,0.6234898018587344,-0.5000000000000004,0.8660254037844384,1.0
2023-11-30,Beras Premium,13500.0,14600.0,Padi,Q3-2023,2023.0,8101.2824,54.17660789,43890.0,30,11,2023,2.674262777250317,2.2054261829805,0.03828783622097409,-0.022831061578832745,0.03338757566468942,0.9749279121818246,-0.22252093395630992,-0.5000000000000004,0.8660254037844384,1.0
2023-12-01,Beras Premium,13500.0,14600.0,Padi,Q3-2023,2023.0,8101.2824,54.17660789,43890.0,1,12,2023,2.674262777250317,2.2054261829805,0.03828783622097409,-0.022831061578832745,0.03338757566468942,0.7818314824680298,0.6234898018587336,-2.4492935982947064e-16,1.0,1.0
2023-12-02,Beras Premium,13430.265642110686,14600.795583676048,Padi,Q3-2023,2023.0,8101.2824,54.17660789,43890.0,2,12,2023,2.6276411494233995,2.2057864823284428,0.03828783622097409,-0.022831061578832745,0.03338757566468942,0.9749279121818236,-0.22252093395631434,-2.4492935982947064e-16,1.0,1.0
2023-12-03,Beras Premium,13446.847833994309,14600.70345508401,Padi,Q3-2023,2023.0,8101.2824,54.17660789,43890.0,3,12,2023,2.638727345696691,2.2057447596628865,0.03828783622097409,-0.022831061578832745,0.03338757566468942,0.43388373911755823,-0.900968867902419,-2.4492935982947064e-16,1.0,1.0
2023-12-04,Beras Premium,13500.0,14600.0,Padi,Q3-2023,2023.0,8101.2824,54.17660789,43890.0,4,12,2023,2.674262777250317,2.2054261829805,0.03828783622097409,-0.022831061578832745,0.03338757566468942,-0.433883739117558,-0.9009688679024191,-2.4492935982947064e-16,1.0,1.0
2023-12-05,Beras Premium,13500.0,14600.0,Padi,Q3-2023,2023.0,8101.2824,54.17660789,43890.0,5,12,2023,2.674262777250317,2.2054261829805,0.03828783622097409,-0.022831061578832745,0.03338757566468942,-0.9749279121818236,-0.2225209339563146,-2.4492935982947064e-16,1.0,1.0
2023-12-06,Beras Premium,13500.0,14600.0,Padi,Q3-2023,2023.0,8101.2824,54.17660789,43890.0,6,12,2023,2.674262777250317,2.2054261829805,0.03828783622097409,-0.022831061578832745,0.03338757566468942,-0.7818314824680299,0.6234898018587334,-2.4492935982947064e-16,1.0,1.0
2023-12-07,Beras Premium,13500.0,14600.0,Padi,Q3-2023,2023.0,8101.2824,54.17660789,43890.0,7,12,2023,2.674262777250317,2.2054261829805,0.03828783622097409,-0.022831061578832745,0.03338757566468942,-2.4492935982947064e-16,1.0,-2.4492935982947064e-16,1.0,1.0
2023-12-08,Beras Premium,13500.0,14600.0,Padi,Q3-2023,2023.0,8101.2824,54.17660789,43890.0,8,12,2023,2.674262777250317,2.2054261829805,0.03828783622097409,-0.022831061578832745,0.03338757566468942,0.7818314824680296,0.6234898018587337,-2.4492935982947064e-16,1.0,1.0
2023-12-09,Beras Premium,13493.648204137717,14606.985038967043,Padi,Q3-2023,2023.0,8101.2824,54.17660789,43890.0,9,12,2023,2.6700162182844496,2.208589527152763,0.03828783622097409,-0.022831061578832745,0.03338757566468942,0.9749279121818237,-0.2225209339563141,-2.4492935982947064e-16,1.0,1.0
2023-12-10,Beras Premium,13155.817800691055,14614.616648738025,Padi,Q3-2023,2023.0,8101.2824,54.17660789,43890.0,10,12,2023,2.4441562001409247,2.212045686582642,0.03828783622097409,-0.022831061578832745,0.03338757566468942,0.43388373911755845,-0.9009688679024189,-2.4492935982947064e-16,1.0,1.0
2023-12-11,Beras Premium,13500.0,14600.0,Padi,Q3-2023,2023.0,8101.2824,54.17660789,43890.0,11,12,2023,2.674262777250317,2.2054261829805,0.03828783622097409,-0.022831061578832745,0.03338757566468942,-0.4338837391175562,-0.90096886790242,-2.4492935982947064e-16,1.0,1.0
2023-12-12,Beras Premium,13500.0,14600.0,Padi,Q3-2023,2023.0,8101.2824,54.17660789,43890.0,12,12,2023,2.674262777250317,2.2054261829805,0.03828783622097409,-0.022831061578832745,0.03338757566468942,-0.9749279121818235,-0.2225209339563148,-2.4492935982947064e-16,1.0,1.0
2023-12-13,Beras Premium,13500.0,14600.0,Padi,Q3-2023,2023.0,8101.2824,54.17660789,43890.0,13,12,2023,2.674262777250317,2.2054261829805,0.03828783622097409,-0.022831061578832745,0.03338757566468942,-0.781831482468029,0.6234898018587346,-2.4492935982947064e-16,1.0,1.0
2023-12-14,Beras Premium,13500.0,14600.0,Padi,Q3-2023,2023.0,8101.2824,54.17660789,43890.0,14,12,2023,2.674262777250317,2.2054261829805,0.03828783622097409,-0.022831061578832745,0.03338757566468942,-4.898587196589413e-16,1.0,-2.4492935982947064e-16,1.0,1.0
2023-12-15,Beras Premium,13500.0,14600.0,Padi,Q3-2023,2023.0,8101.2824,54.17660789,43890.0,15,12,2023,2.674262777250317,2.2054261829805,0.03828783622097409,-0.022831061578832745,0.03338757566468942,0.7818314824680284,0.6234898018587354,-2.4492935982947064e-16,1.0,1.0
2023-12-16,Beras Premium,13214.680952924324,14600.885976000669,Padi,Q3-2023,2023.0,8101.2824,54.17660789,43890.0,16,12,2023,2.483509770736563,2.2058274186832225,0.03828783622097409,-0.022831061578832745,0.03338757566468942,0.9749279121818237,-0.22252093395631387,-2.4492935982947064e-16,1.0,1.0
2023-12-17,Beras Premium,13208.004873075583,14600.92933915684,Padi,Q3-2023,2023.0,8101.2824,54.17660789,43890.0,17,12,2023,2.47904640835005,2.205847056739361,0.03828783622097409,-0.022831061578832745,0.03338757566468942,0.43388373911755707,-0.9009688679024196,-2.4492935982947064e-16,1.0,1.0
2023-12-18,Beras Premium,13500.0,14600.0,Padi,Q3-2023,2023.0,8101.2824,54.17660789,43890.0,18,12,2023,2.674262777250317,2.2054261829805,0.03828783622097409,-0.022831061578832745,0.03338757566468942,-0.43388373911755757,-0.9009688679024194,-2.4492935982947064e-16,1.0,1.0
2023-12-19,Beras Premium,13500.0,14600.0,Padi,Q3-2023,2023.0,8101.2824,54.17660789,43890.0,19,12,2023,2.674262777250317,2.2054261829805,0.03828783622097409,-0.022831061578832745,0.03338757566468942,-0.9749279121818235,-0.22252093395631506,-2.4492935982947064e-16,1.0,1.0
2023-12-20,Beras Premium,13500.0,14600.0,Padi,Q3-2023,2023.0,8101.2824,54.17660789,43890.0,20,12,2023,2.674262777250317,2.2054261829805,0.03828783622097409,-0.022831061578832745,0.03338757566468942,-0.7818314824680302,0.6234898018587329,-2.4492935982947064e-16,1.0,1.0
2023-12-21,Beras Premium,13500.0,14600.0,Padi,Q3-2023,2023.0,8101.2824,54.17660789,43890.0,21,12,2023,2.674262777250317,2.2054261829805,0.03828783622097409,-0.022831061578832745,0.03338757566468942,-7.347880794884119e-16,1.0,-2.4492935982947064e-16,1.0,1.0
2023-12-22,Beras Premium,13500.0,14600.0,Padi,Q3-2023,2023.0,8101.2824,54.17660789,43890.0,22,12,2023,2.674262777250317,2.2054261829805,0.03828783622097409,-0.022831061578832745,0.03338757566468942,0.7818314824680271,0.6234898018587369,-2.4492935982947064e-16,1.0,1.0
2023-12-23,Beras Premium,13168.000378796769,14594.777829021017,Padi,Q3-2023,2023.0,8101.2824,54.17660789,43890.0,23,12,2023,2.4523009890169982,2.203061196298126,0.03828783622097409,-0.022831061578832745,0.03338757566468942,0.9749279121818238,-0.22252093395631362,-2.4492935982947064e-16,1.0,1.0
2023-12-24,Beras Premium,13161.54967543048,14593.741790107197,Padi,Q3-2023,2023.0,8101.2824,54.17660789,43890.0,24,12,2023,2.4479883044140616,2.2025920009685462,0.03828783622097409,-0.022831061578832745,0.03338757566468942,0.4338837391175589,-0.9009688679024188,-2.4492935982947064e-16,1.0,1.0
2023-12-25,Beras Premium,13060.54336297525,14591.856410561393,Padi,Q3-2023,2023.0,8101.2824,54.17660789,43890.0,25,12,2023,2.380459487199862,2.2017381611507787,0.03828783622097409,-0.022831061578832745,0.03338757566468942,-0.43388373911755734,-0.9009688679024195,-2.4492935982947064e-16,1.0,1.0
2023-12-26,Beras Premium,13500.0,14600.0,Padi,Q3-2023,2023.0,8101.2824,54.17660789,43890.0,26,12,2023,2.674262777250317,2.2054261829805,0.03828783622097409,-0.022831061578832745,0.03338757566468942,-0.9749279121818242,-0.22252093395631184,-2.4492935982947064e-16,1.0,1.0
2023-12-27,Beras Premium,13500.0,14600.0,Padi,Q3-2023,2023.0,8101.2824,54.17660789,43890.0,27,12,2023,2.674262777250317,2.2054261829805,0.03828783622097409,-0.022831061578832745,0.03338757566468942,-0.7818314824680304,0.6234898018587328,-2.4492935982947064e-16,1.0,1.0
2023-12-28,Beras Premium,13500.0,14600.0,Padi,Q3-2023,2023.0,8101.2824,54.17660789,43890.0,28,12,2023,2.674262777250317,2.2054261829805,0.03828783622097409,-0.022831061578832745,0.03338757566468942,-9.797174393178826e-16,1.0,-2.4492935982947064e-16,1.0,1.0
2023-12-29,Beras Premium,13500.0,14600.0,Padi,Q3-2023,2023.0,8101.2824,54.17660789,43890.0,29,12,2023,2.674262777250317,2.2054261829805,0.03828783622097409,-0.022831061578832745,0.03338757566468942,0.7818314824680291,0.6234898018587344,-2.4492935982947064e-16,1.0,1.0
2023-12-30,Beras Premium,13500.0,14600.0,Padi,Q3-2023,2023.0,8101.2824,54.17660789,43890.0,30,12,2023,2.674262777250317,2.2054261829805,0.03828783622097409,-0.022831061578832745,0.03338757566468942,0.9749279121818246,-0.22252093395630992,-2.4492935982947064e-16,1.0,1.0
2023-12-31,Beras Premium,13403.963824435355,14601.63900963631,Padi,Q3-2023,2023.0,8101.2824,54.17660789,43890.0,31,12,2023,2.6100567965743062,2.2061684482142043,0.03828783622097409,-0.022831061578832745,0.03338757566468942,0.4338837391175591,-0.9009688679024187,-2.4492935982947064e-16,1.0,1.0
