Tanggal,Komoditi,Harga Petani,Harga Pengecer,Tipe,Periode,tahun,Luas Panen,Produktivitas,Produksi,Hari,Bulan,Tahun,harga_petani_scaled,harga_pengecer_scaled,luas_panen_scaled,produktivitas_scaled,produksi_scaled,hari_sin,hari_cos,bulan_sin,bulan_cos,tahun_norm
2022-01-01,Kacang Hijau,15000.0,17045.4326224135,Kacang Hijau,Q1-2022,2022.0,0.0,0.0,0.0,1,1,2022,1.0,0.7809274759642362,0.0,0.0,0.0,0.7818314824680298,0.6234898018587336,0.49999999999999994,0.8660254037844387,0.0
2022-01-02,Kacang Hijau,15000.0,17780.66474521125,Kacang Hijau,Q1-2022,2022.0,0.0,0.0,0.0,2,1,2022,1.0,0.9978546857045805,0.0,0.0,0.0,0.9749279121818236,-0.22252093395631434,0.49999999999999994,0.8660254037844387,0.0
2022-01-03,Kacang Hijau,15000.0,17000.0,Kacang Hijau,Q1-2022,2022.0,0.0,0.0,0.0,3,1,2022,1.0,0.7675227678377139,0.0,0.0,0.0,0.43388373911755823,-0.900968867902419,0.49999999999999994,0.8660254037844387,0.0
2022-01-04,Kacang Hijau,15000.0,17000.0,Kacang Hijau,Q1-2022,2022.0,0.0,0.0,0.0,4,1,2022,1.0,0.7675227678377139,0.0,0.0,0.0,-0.433883739117558,-0.9009688679024191,0.49999999999999994,0.8660254037844387,0.0
2022-01-05,Kacang Hijau,15000.0,17000.0,Kacang Hijau,Q1-2022,2022.0,0.0,0.0,0.0,5,1,2022,1.0,0.7675227678377139,0.0,0.0,0.0,-0.9749279121818236,-0.2225209339563146,0.49999999999999994,0.8660254037844387,0.0
2022-01-06,Kacang Hijau,15000.0,17000.0,Kacang Hijau,Q1-2022,2022.0,0.0,0.0,0.0,6,1,2022,1.0,0.7675227678377139,0.0,0.0,0.0,-0.7818314824680299,0.6234898018587334,0.49999999999999994,0.8660254037844387,0.0
2022-01-07,Kacang Hijau,15000.0,17000.0,Kacang Hijau,Q1-2022,2022.0,0.0,0.0,0.0,7,1,2022,1.0,0.7675227678377139,0.0,0.0,0.0,-2.4492935982947064e-16,1.0,0.49999999999999994,0.8660254037844387,0.0
2022-01-08,Kacang Hijau,15000.0,17302.669445890177,Kacang Hijau,Q1-2022,2022.0,0.0,0.0,0.0,8,1,2022,1.0,0.8568241412880049,0.0,0.0,0.0,0.7818314824680296,0.6234898018587337,0.49999999999999994,0.8660254037844387,0.0
2022-01-09,Kacang Hijau,15000.0,17130.143153799956,Kacang Hijau,Q1-2022,2022.0,0.0,0.0,0.0,9,1,2022,1.0,0.8059209693651503,0.0,0.0,0.0,0.9749279121818237,-0.2225209339563141,0.49999999999999994,0.8660254037844387,0.0
2022-01-10,Kacang Hijau,15000.0,17000.0,Kacang Hijau,Q1-2022,2022.0,0.0,0.0,0.0,10,1,2022,1.0,0.7675227678377139,0.0,0.0,0.0,0.43388373911755845,-0.9009688679024189,0.49999999999999994,0.8660254037844387,0.0
2022-01-11,Kacang Hijau,15000.0,17000.0,Kacang Hijau,Q1-2022,2022.0,0.0,0.0,0.0,11,1,2022,1.0,0.7675227678377139,0.0,0.0,0.0,-0.4338837391175562,-0.90096886790242,0.49999999999999994,0.8660254037844387,0.0
2022-01-12,Kacang Hijau,15000.0,17000.0,Kacang Hijau,Q1-2022,2022.0,0.0,0.0,0.0,12,1,2022,1.0,0.7675227678377139,0.0,0.0,0.0,-0.9749279121818235,-0.2225209339563148,0.49999999999999994,0.8660254037844387,0.0
2022-01-13,Kacang Hijau,15000.0,17000.0,Kacang Hijau,Q1-2022,2022.0,0.0,0.0,0.0,13,1,2022,1.0,0.7675227678377139,0.0,0.0,0.0,-0.781831482468029,0.6234898018587346,0.49999999999999994,0.8660254037844387,0.0
2022-01-14,Kacang Hijau,15000.0,17000.0,Kacang Hijau,Q1-2022,2022.0,0.0,0.0,0.0,14,1,2022,1.0,0.7675227678377139,0.0,0.0,0.0,-4.898587196589413e-16,1.0,0.49999999999999994,0.8660254037844387,0.0
2022-01-15,Kacang Hijau,15000.0,17010.845579465516,Kacang Hijau,Q1-2022,2022.0,0.0,0.0,0.0,15,1,2022,1.0,0.7707227113909401,0.0,0.0,0.0,0.7818314824680284,0.6234898018587354,0.49999999999999994,0.8660254037844387,0.0
2022-01-16,Kacang Hijau,15000.0,17138.79190918788,Kacang Hijau,Q1-2022,2022.0,0.0,0.0,0.0,16,1,2022,1.0,0.808472749022016,0.0,0.0,0.0,0.9749279121818237,-0.22252093395631387,0.49999999999999994,0.8660254037844387,0.0
2022-01-17,Kacang Hijau,15000.0,17000.0,Kacang Hijau,Q1-2022,2022.0,0.0,0.0,0.0,17,1,2022,1.0,0.7675227678377139,0.0,0.0,0.0,0.43388373911755707,-0.9009688679024196,0.49999999999999994,0.8660254037844387,0.0
2022-01-18,Kacang Hijau,15000.0,17000.0,Kacang Hijau,Q1-2022,2022.0,0.0,0.0,0.0,18,1,2022,1.0,0.7675227678377139,0.0,0.0,0.0,-0.43388373911755757,-0.9009688679024194,0.49999999999999994,0.8660254037844387,0.0
2022-01-19,Kacang Hijau,15000.0,17000.0,Kacang Hijau,Q1-2022,2022.0,0.0,0.0,0.0,19,1,2022,1.0,0.7675227678377139,0.0,0.0,0.0,-0.9749279121818235,-0.22252093395631506,0.49999999999999994,0.8660254037844387,0.0
2022-01-20,Kacang Hijau,15000.0,17000.0,Kacang Hijau,Q1-2022,2022.0,0.0,0.0,0.0,20,1,2022,1.0,0.7675227678377139,0.0,0.0,0.0,-0.7818314824680302,0.6234898018587329,0.49999999999999994,0.8660254037844387,0.0
2022-01-21,Kacang Hijau,15000.0,17000.0,Kacang Hijau,Q1-2022,2022.0,0.0,0.0,0.0,21,1,2022,1.0,0.7675227678377139,0.0,0.0,0.0,-7.347880794884119e-16,1.0,0.49999999999999994,0.8660254037844387,0.0
2022-01-22,Kacang Hijau,15000.0,16994.361619304753,Kacang Hijau,Q1-2022,2022.0,0.0,0.0,0.0,22,1,2022,1.0,0.7658591868355407,0.0,0.0,0.0,0.7818314824680271,0.6234898018587369,0.49999999999999994,0.8660254037844387,0.0
2022-01-23,Kacang Hijau,15000.0,16194.708881668814,Kacang Hijau,Q1-2022,2022.0,0.0,0.0,0.0,23,1,2022,1.0,0.5299249400067882,0.0,0.0,0.0,0.9749279121818238,-0.22252093395631362,0.49999999999999994,0.8660254037844387,0.0
2022-01-24,Kacang Hijau,15000.0,17000.0,Kacang Hijau,Q1-2022,2022.0,0.0,0.0,0.0,24,1,2022,1.0,0.7675227678377139,0.0,0.0,0.0,0.4338837391175589,-0.9009688679024188,0.49999999999999994,0.8660254037844387,0.0
2022-01-25,Kacang Hijau,15000.0,17000.0,Kacang Hijau,Q1-2022,2022.0,0.0,0.0,0.0,25,1,2022,1.0,0.7675227678377139,0.0,0.0,0.0,-0.43388373911755734,-0.9009688679024195,0.49999999999999994,0.8660254037844387,0.0
2022-01-26,Kacang Hijau,15000.0,17000.0,Kacang Hijau,Q1-2022,2022.0,0.0,0.0,0.0,26,1,2022,1.0,0.7675227678377139,0.0,0.0,0.0,-0.9749279121818242,-0.22252093395631184,0.49999999999999994,0.8660254037844387,0.0
2022-01-27,Kacang Hijau,15000.0,17000.0,Kacang Hijau,Q1-2022,2022.0,0.0,0.0,0.0,27,1,2022,1.0,0.7675227678377139,0.0,0.0,0.0,-0.7818314824680304,0.6234898018587328,0.49999999999999994,0.8660254037844387,0.0
2022-01-28,Kacang Hijau,15000.0,17000.0,Kacang Hijau,Q1-2022,2022.0,0.0,0.0,0.0,28,1,2022,1.0,0.7675227678377139,0.0,0.0,0.0,-9.797174393178826e-16,1.0,0.49999999999999994,0.8660254037844387,0.0
2022-01-29,Kacang Hijau,15000.0,16252.908711561005,Kacang Hijau,Q1-2022,2022.0,0.0,0.0,0.0,29,1,2022,1.0,0.5470965601175006,0.0,0.0,0.0,0.7818314824680291,0.6234898018587344,0.49999999999999994,0.8660254037844387,0.0
2022-01-30,Kacang Hijau,15000.0,16974.399317084215,Kacang Hijau,Q1-2022,2022.0,0.0,0.0,0.0,30,1,2022,1.0,0.7599693917811345,0.0,0.0,0.0,0.9749279121818246,-0.22252093395630992,0.49999999999999994,0.8660254037844387,0.0
2022-01-31,Kacang Hijau,15000.0,17000.0,Kacang Hijau,Q1-2022,2022.0,0.0,0.0,0.0,31,1,2022,1.0,0.7675227678377139,0.0,0.0,0.0,0.4338837391175591,-0.9009688679024187,0.49999999999999994,0.8660254037844387,0.0
2022-02-01,Kacang Hijau,15000.0,17484.468908130115,Kacang Hijau,Q1-2022,2022.0,0.0,0.0,0.0,1,2,2022,1.0,0.9104633238715083,0.0,0.0,0.0,0.7818314824680298,0.6234898018587336,0.8660254037844386,0.5000000000000001,0.0
2022-02-02,Kacang Hijau,15000.0,17000.0,Kacang Hijau,Q1-2022,2022.0,0.0,0.0,0.0,2,2,2022,1.0,0.7675227678377139,0.0,0.0,0.0,0.9749279121818236,-0.22252093395631434,0.8660254037844386,0.5000000000000001,0.0
2022-02-03,Kacang Hijau,15000.0,17000.0,Kacang Hijau,Q1-2022,2022.0,0.0,0.0,0.0,3,2,2022,1.0,0.7675227678377139,0.0,0.0,0.0,0.43388373911755823,-0.900968867902419,0.8660254037844386,0.5000000000000001,0.0
2022-02-04,Kacang Hijau,15000.0,17000.0,Kacang Hijau,Q1-2022,2022.0,0.0,0.0,0.0,4,2,2022,1.0,0.7675227678377139,0.0,0.0,0.0,-0.433883739117558,-0.9009688679024191,0.8660254037844386,0.5000000000000001,0.0
2022-02-05,Kacang Hijau,15000.0,17555.652573504758,Kacang Hijau,Q1-2022,2022.0,0.0,0.0,0.0,5,2,2022,1.0,0.9314657711667271,0.0,0.0,0.0,-0.9749279121818236,-0.2225209339563146,0.8660254037844386,0.5000000000000001,0.0
2022-02-06,Kacang Hijau,15000.0,16812.18556843809,Kacang Hijau,Q1-2022,2022.0,0.0,0.0,0.0,6,2,2022,1.0,0.7121088933287218,0.0,0.0,0.0,-0.7818314824680299,0.6234898018587334,0.8660254037844386,0.5000000000000001,0.0
2022-02-07,Kacang Hijau,15000.0,17000.0,Kacang Hijau,Q1-2022,2022.0,0.0,0.0,0.0,7,2,2022,1.0,0.7675227678377139,0.0,0.0,0.0,-2.4492935982947064e-16,1.0,0.8660254037844386,0.5000000000000001,0.0
2022-02-08,Kacang Hijau,15000.0,17000.0,Kacang Hijau,Q1-2022,2022.0,0.0,0.0,0.0,8,2,2022,1.0,0.7675227678377139,0.0,0.0,0.0,0.7818314824680296,0.6234898018587337,0.8660254037844386,0.5000000000000001,0.0
2022-02-09,Kacang Hijau,15000.0,17000.0,Kacang Hijau,Q1-2022,2022.0,0.0,0.0,0.0,9,2,2022,1.0,0.7675227678377139,0.0,0.0,0.0,0.9749279121818237,-0.2225209339563141,0.8660254037844386,0.5000000000000001,0.0
2022-02-10,Kacang Hijau,15000.0,17000.0,Kacang Hijau,Q1-2022,2022.0,0.0,0.0,0.0,10,2,2022,1.0,0.7675227678377139,0.0,0.0,0.0,0.43388373911755845,-0.9009688679024189,0.8660254037844386,0.5000000000000001,0.0
2022-02-11,Kacang Hijau,15000.0,17000.0,Kacang Hijau,Q1-2022,2022.0,0.0,0.0,0.0,11,2,2022,1.0,0.7675227678377139,0.0,0.0,0.0,-0.4338837391175562,-0.90096886790242,0.8660254037844386,0.5000000000000001,0.0
2022-02-12,Kacang Hijau,15000.0,17787.935866180247,Kacang Hijau,Q1-2022,2022.0,0.0,0.0,0.0,12,2,2022,1.0,1.0,0.0,0.0,0.0,-0.9749279121818235,-0.2225209339563148,0.8660254037844386,0.5000000000000001,0.0
2022-02-13,Kacang Hijau,15000.0,16690.484591819055,Kacang Hijau,Q1-2022,2022.0,0.0,0.0,0.0,13,2,2022,1.0,0.6762015214089772,0.0,0.0,0.0,-0.781831482468029,0.6234898018587346,0.8660254037844386,0.5000000000000001,0.0
2022-02-14,Kacang Hijau,15000.0,17000.0,Kacang Hijau,Q1-2022,2022.0,0.0,0.0,0.0,14,2,2022,1.0,0.7675227678377139,0.0,0.0,0.0,-4.898587196589413e-16,1.0,0.8660254037844386,0.5000000000000001,0.0
2022-02-15,Kacang Hijau,15000.0,17000.0,Kacang Hijau,Q1-2022,2022.0,0.0,0.0,0.0,15,2,2022,1.0,0.7675227678377139,0.0,0.0,0.0,0.7818314824680284,0.6234898018587354,0.8660254037844386,0.5000000000000001,0.0
2022-02-16,Kacang Hijau,15000.0,17000.0,Kacang Hijau,Q1-2022,2022.0,0.0,0.0,0.0,16,2,2022,1.0,0.7675227678377139,0.0,0.0,0.0,0.9749279121818237,-0.22252093395631387,0.8660254037844386,0.5000000000000001,0.0
2022-02-17,Kacang Hijau,15000.0,17000.0,Kacang Hijau,Q1-2022,2022.0,0.0,0.0,0.0,17,2,2022,1.0,0.7675227678377139,0.0,0.0,0.0,0.43388373911755707,-0.9009688679024196,0.8660254037844386,0.5000000000000001,0.0
2022-02-18,Kacang Hijau,15000.0,17000.0,Kacang Hijau,Q1-2022,2022.0,0.0,0.0,0.0,18,2,2022,1.0,0.7675227678377139,0.0,0.0,0.0,-0.43388373911755757,-0.9009688679024194,0.8660254037844386,0.5000000000000001,0.0
2022-02-19,Kacang Hijau,15000.0,16375.8000306101,Kacang Hijau,Q1-2022,2022.0,0.0,0.0,0.0,19,2,2022,1.0,0.5833551376687485,0.0,0.0,0.0,-0.9749279121818235,-0.22252093395631506,0.8660254037844386,0.5000000000000001,0.0
2022-02-20,Kacang Hijau,15000.0,16373.945804220328,Kacang Hijau,Q1-2022,2022.0,0.0,0.0,0.0,20,2,2022,1.0,0.5828080558091724,0.0,0.0,0.0,-0.7818314824680302,0.6234898018587329,0.8660254037844386,0.5000000000000001,0.0
2022-02-21,Kacang Hijau,15000.0,17000.0,Kacang Hijau,Q1-2022,2022.0,0.0,0.0,0.0,21,2,2022,1.0,0.7675227678377139,0.0,0.0,0.0,-7.347880794884119e-16,1.0,0.8660254037844386,0.5000000000000001,0.0
2022-02-22,Kacang Hijau,15000.0,17000.0,Kacang Hijau,Q1-2022,2022.0,0.0,0.0,0.0,22,2,2022,1.0,0.7675227678377139,0.0,0.0,0.0,0.7818314824680271,0.6234898018587369,0.8660254037844386,0.5000000000000001,0.0
2022-02-23,Kacang Hijau,15000.0,17000.0,Kacang Hijau,Q1-2022,2022.0,0.0,0.0,0.0,23,2,2022,1.0,0.7675227678377139,0.0,0.0,0.0,0.9749279121818238,-0.22252093395631362,0.8660254037844386,0.5000000000000001,0.0
2022-02-24,Kacang Hijau,15000.0,17000.0,Kacang Hijau,Q1-2022,2022.0,0.0,0.0,0.0,24,2,2022,1.0,0.7675227678377139,0.0,0.0,0.0,0.4338837391175589,-0.9009688679024188,0.8660254037844386,0.5000000000000001,0.0
2022-02-25,Kacang Hijau,15000.0,17000.0,Kacang Hijau,Q1-2022,2022.0,0.0,0.0,0.0,25,2,2022,1.0,0.7675227678377139,0.0,0.0,0.0,-0.43388373911755734,-0.9009688679024195,0.8660254037844386,0.5000000000000001,0.0
2022-02-26,Kacang Hijau,15000.0,15862.174455861355,Kacang Hijau,Q1-2022,2022.0,0.0,0.0,0.0,26,2,2022,1.0,0.43181202723235135,0.0,0.0,0.0,-0.9749279121818242,-0.22252093395631184,0.8660254037844386,0.5000000000000001,0.0
2022-02-27,Kacang Hijau,15000.0,15868.665537949706,Kacang Hijau,Q1-2022,2022.0,0.0,0.0,0.0,27,2,2022,1.0,0.43372719426866535,0.0,0.0,0.0,-0.7818314824680304,0.6234898018587328,0.8660254037844386,0.5000000000000001,0.0
2022-02-28,Kacang Hijau,15000.0,15875.382837245661,Kacang Hijau,Q1-2022,2022.0,0.0,0.0,0.0,28,2,2022,1.0,0.43570910576039523,0.0,0.0,0.0,-9.797174393178826e-16,1.0,0.8660254037844386,0.5000000000000001,0.0
2022-03-01,Kacang Hijau,15000.0,16489.221444597115,Kacang Hijau,Q1-2022,2022.0,0.0,0.0,0.0,1,3,2022,1.0,0.6168196587337178,0.0,0.0,0.0,0.7818314824680298,0.6234898018587336,1.0,6.123233995736766e-17,0.0
2022-03-02,Kacang Hijau,15000.0,17000.0,Kacang Hijau,Q1-2022,2022.0,0.0,0.0,0.0,2,3,2022,1.0,0.7675227678377139,0.0,0.0,0.0,0.9749279121818236,-0.22252093395631434,1.0,6.123233995736766e-17,0.0
2022-03-03,Kacang Hijau,15000.0,17000.0,Kacang Hijau,Q1-2022,2022.0,0.0,0.0,0.0,3,3,2022,1.0,0.7675227678377139,0.0,0.0,0.0,0.43388373911755823,-0.900968867902419,1.0,6.123233995736766e-17,0.0
2022-03-04,Kacang Hijau,15000.0,17000.0,Kacang Hijau,Q1-2022,2022.0,0.0,0.0,0.0,4,3,2022,1.0,0.7675227678377139,0.0,0.0,0.0,-0.433883739117558,-0.9009688679024191,1.0,6.123233995736766e-17,0.0
2022-03-05,Kacang Hijau,15000.0,17022.821074486415,Kacang Hijau,Q1-2022,2022.0,0.0,0.0,0.0,5,3,2022,1.0,0.7742560318751677,0.0,0.0,0.0,-0.9749279121818236,-0.2225209339563146,1.0,6.123233995736766e-17,0.0
2022-03-06,Kacang Hijau,15000.0,17025.33765507943,Kacang Hijau,Q1-2022,2022.0,0.0,0.0,0.0,6,3,2022,1.0,0.7749985386144704,0.0,0.0,0.0,-0.7818314824680299,0.6234898018587334,1.0,6.123233995736766e-17,0.0
2022-03-07,Kacang Hijau,15000.0,16973.546633205595,Kacang Hijau,Q1-2022,2022.0,0.0,0.0,0.0,7,3,2022,1.0,0.7597178109145704,0.0,0.0,0.0,-2.4492935982947064e-16,1.0,1.0,6.123233995736766e-17,0.0
2022-03-08,Kacang Hijau,15000.0,17000.0,Kacang Hijau,Q1-2022,2022.0,0.0,0.0,0.0,8,3,2022,1.0,0.7675227678377139,0.0,0.0,0.0,0.7818314824680296,0.6234898018587337,1.0,6.123233995736766e-17,0.0
2022-03-09,Kacang Hijau,15000.0,17000.0,Kacang Hijau,Q1-2022,2022.0,0.0,0.0,0.0,9,3,2022,1.0,0.7675227678377139,0.0,0.0,0.0,0.9749279121818237,-0.2225209339563141,1.0,6.123233995736766e-17,0.0
2022-03-10,Kacang Hijau,15000.0,17000.0,Kacang Hijau,Q1-2022,2022.0,0.0,0.0,0.0,10,3,2022,1.0,0.7675227678377139,0.0,0.0,0.0,0.43388373911755845,-0.9009688679024189,1.0,6.123233995736766e-17,0.0
2022-03-11,Kacang Hijau,15000.0,16992.228941445384,Kacang Hijau,Q1-2022,2022.0,0.0,0.0,0.0,11,3,2022,1.0,0.7652299490166774,0.0,0.0,0.0,-0.4338837391175562,-0.90096886790242,1.0,6.123233995736766e-17,0.0
2022-03-12,Kacang Hijau,15000.0,17386.069070546957,Kacang Hijau,Q1-2022,2022.0,0.0,0.0,0.0,12,3,2022,1.0,0.8814308570573655,0.0,0.0,0.0,-0.9749279121818235,-0.2225209339563148,1.0,6.123233995736766e-17,0.0
2022-03-13,Kacang Hijau,15000.0,17388.248148054212,Kacang Hijau,Q1-2022,2022.0,0.0,0.0,0.0,13,3,2022,1.0,0.8820737849012383,0.0,0.0,0.0,-0.781831482468029,0.6234898018587346,1.0,6.123233995736766e-17,0.0
2022-03-14,Kacang Hijau,15000.0,17000.0,Kacang Hijau,Q1-2022,2022.0,0.0,0.0,0.0,14,3,2022,1.0,0.7675227678377139,0.0,0.0,0.0,-4.898587196589413e-16,1.0,1.0,6.123233995736766e-17,0.0
2022-03-15,Kacang Hijau,15000.0,17000.0,Kacang Hijau,Q1-2022,2022.0,0.0,0.0,0.0,15,3,2022,1.0,0.7675227678377139,0.0,0.0,0.0,0.7818314824680284,0.6234898018587354,1.0,6.123233995736766e-17,0.0
2022-03-16,Kacang Hijau,15000.0,17000.0,Kacang Hijau,Q1-2022,2022.0,0.0,0.0,0.0,16,3,2022,1.0,0.7675227678377139,0.0,0.0,0.0,0.9749279121818237,-0.22252093395631387,1.0,6.123233995736766e-17,0.0
2022-03-17,Kacang Hijau,15000.0,17000.0,Kacang Hijau,Q1-2022,2022.0,0.0,0.0,0.0,17,3,2022,1.0,0.7675227678377139,0.0,0.0,0.0,0.43388373911755707,-0.9009688679024196,1.0,6.123233995736766e-17,0.0
2022-03-18,Kacang Hijau,15000.0,17000.0,Kacang Hijau,Q1-2022,2022.0,0.0,0.0,0.0,18,3,2022,1.0,0.7675227678377139,0.0,0.0,0.0,-0.43388373911755757,-0.9009688679024194,1.0,6.123233995736766e-17,0.0
2022-03-19,Kacang Hijau,14333.333333333336,15691.856887263266,Kacang Hijau,Q1-2022,2022.0,0.0,0.0,0.0,19,3,2022,0.6666863936455396,0.38156053007910895,0.0,0.0,0.0,-0.9749279121818235,-0.22252093395631506,1.0,6.123233995736766e-17,0.0
2022-03-20,Kacang Hijau,13666.666666666666,15412.788217556661,Kacang Hijau,Q1-2022,2022.0,0.0,0.0,0.0,20,3,2022,0.33337278729107744,0.2992224684407754,0.0,0.0,0.0,-0.7818314824680302,0.6234898018587329,1.0,6.123233995736766e-17,0.0
2022-03-21,Kacang Hijau,13000.0,15000.0,Kacang Hijau,Q1-2022,2022.0,0.0,0.0,0.0,21,3,2022,5.9180936616165525e-05,0.177431004940086,0.0,0.0,0.0,-7.347880794884119e-16,1.0,1.0,6.123233995736766e-17,0.0
2022-03-22,Kacang Hijau,13000.0,15000.0,Kacang Hijau,Q1-2022,2022.0,0.0,0.0,0.0,22,3,2022,5.9180936616165525e-05,0.177431004940086,0.0,0.0,0.0,0.7818314824680271,0.6234898018587369,1.0,6.123233995736766e-17,0.0
2022-03-23,Kacang Hijau,13000.0,15000.0,Kacang Hijau,Q1-2022,2022.0,0.0,0.0,0.0,23,3,2022,5.9180936616165525e-05,0.177431004940086,0.0,0.0,0.0,0.9749279121818238,-0.22252093395631362,1.0,6.123233995736766e-17,0.0
2022-03-24,Kacang Hijau,13000.0,15000.0,Kacang Hijau,Q1-2022,2022.0,0.0,0.0,0.0,24,3,2022,5.9180936616165525e-05,0.177431004940086,0.0,0.0,0.0,0.4338837391175589,-0.9009688679024188,1.0,6.123233995736766e-17,0.0
2022-03-25,Kacang Hijau,13000.0,15000.0,Kacang Hijau,Q1-2022,2022.0,0.0,0.0,0.0,25,3,2022,5.9180936616165525e-05,0.177431004940086,0.0,0.0,0.0,-0.43388373911755734,-0.9009688679024195,1.0,6.123233995736766e-17,0.0
2022-03-26,Kacang Hijau,13000.0,15437.828740389454,Kacang Hijau,Q1-2022,2022.0,0.0,0.0,0.0,26,3,2022,5.9180936616165525e-05,0.30661057157191607,0.0,0.0,0.0,-0.9749279121818242,-0.22252093395631184,1.0,6.123233995736766e-17,0.0
2022-03-27,Kacang Hijau,13000.0,15441.954043638549,Kacang Hijau,Q1-2022,2022.0,0.0,0.0,0.0,27,3,2022,5.9180936616165525e-05,0.30782772530528923,0.0,0.0,0.0,-0.7818314824680304,0.6234898018587328,1.0,6.123233995736766e-17,0.0
2022-03-28,Kacang Hijau,13000.0,15000.0,Kacang Hijau,Q1-2022,2022.0,0.0,0.0,0.0,28,3,2022,5.9180936616165525e-05,0.177431004940086,0.0,0.0,0.0,-9.797174393178826e-16,1.0,1.0,6.123233995736766e-17,0.0
2022-03-29,Kacang Hijau,13000.0,15000.0,Kacang Hijau,Q1-2022,2022.0,0.0,0.0,0.0,29,3,2022,5.9180936616165525e-05,0.177431004940086,0.0,0.0,0.0,0.7818314824680291,0.6234898018587344,1.0,6.123233995736766e-17,0.0
2022-03-30,Kacang Hijau,13000.0,15000.0,Kacang Hijau,Q1-2022,2022.0,0.0,0.0,0.0,30,3,2022,5.9180936616165525e-05,0.177431004940086,0.0,0.0,0.0,0.9749279121818246,-0.22252093395630992,1.0,6.123233995736766e-17,0.0
2022-03-31,Kacang Hijau,13400.0,15965.674059509116,Kacang Hijau,Q1-2022,2022.0,0.0,0.0,0.0,31,3,2022,0.20004734474929275,0.46234915902020735,0.0,0.0,0.0,0.4338837391175591,-0.9009688679024187,1.0,6.123233995736766e-17,0.0
2022-04-01,Kacang Hijau,13800.0,16268.26263568274,Kacang Hijau,Q1-2022,2022.0,0.0,0.0,0.0,1,4,2022,0.40003550856196934,0.551626672193696,0.0,0.0,0.0,0.7818314824680298,0.6234898018587336,0.8660254037844387,-0.4999999999999998,0.0
2022-04-02,Kacang Hijau,14200.0,16675.931049182924,Kacang Hijau,Q1-2022,2022.0,0.0,0.0,0.0,2,4,2022,0.6000236723746468,0.6719075585936976,0.0,0.0,0.0,0.9749279121818236,-0.22252093395631434,0.8660254037844387,-0.4999999999999998,0.0
2022-04-03,Kacang Hijau,14600.0,16670.175100108514,Kacang Hijau,Q1-2022,2022.0,0.0,0.0,0.0,3,4,2022,0.8000118361873234,0.6702092895254639,0.0,0.0,0.0,0.43388373911755823,-0.900968867902419,0.8660254037844387,-0.4999999999999998,0.0
2022-04-04,Kacang Hijau,15000.0,17000.0,Kacang Hijau,Q1-2022,2022.0,0.0,0.0,0.0,4,4,2022,1.0,0.7675227678377139,0.0,0.0,0.0,-0.433883739117558,-0.9009688679024191,0.8660254037844387,-0.4999999999999998,0.0
2022-04-05,Kacang Hijau,15000.0,17000.0,Kacang Hijau,Q1-2022,2022.0,0.0,0.0,0.0,5,4,2022,1.0,0.7675227678377139,0.0,0.0,0.0,-0.9749279121818236,-0.2225209339563146,0.8660254037844387,-0.4999999999999998,0.0
2022-04-06,Kacang Hijau,15000.0,17000.0,Kacang Hijau,Q1-2022,2022.0,0.0,0.0,0.0,6,4,2022,1.0,0.7675227678377139,0.0,0.0,0.0,-0.7818314824680299,0.6234898018587334,0.8660254037844387,-0.4999999999999998,0.0
2022-04-07,Kacang Hijau,15000.0,17000.0,Kacang Hijau,Q1-2022,2022.0,0.0,0.0,0.0,7,4,2022,1.0,0.7675227678377139,0.0,0.0,0.0,-2.4492935982947064e-16,1.0,0.8660254037844387,-0.4999999999999998,0.0
2022-04-08,Kacang Hijau,15000.0,17000.0,Kacang Hijau,Q1-2022,2022.0,0.0,0.0,0.0,8,4,2022,1.0,0.7675227678377139,0.0,0.0,0.0,0.7818314824680296,0.6234898018587337,0.8660254037844387,-0.4999999999999998,0.0
2022-04-09,Kacang Hijau,15000.0,16005.671277972664,Kacang Hijau,Q1-2022,2022.0,0.0,0.0,0.0,9,4,2022,1.0,0.47415017359728573,0.0,0.0,0.0,0.9749279121818237,-0.2225209339563141,0.8660254037844387,-0.4999999999999998,0.0
2022-04-10,Kacang Hijau,15000.0,16967.177686463332,Kacang Hijau,Q1-2022,2022.0,0.0,0.0,0.0,10,4,2022,1.0,0.7578386794090983,0.0,0.0,0.0,0.43388373911755845,-0.9009688679024189,0.8660254037844387,-0.4999999999999998,0.0
2022-04-11,Kacang Hijau,15000.0,17000.0,Kacang Hijau,Q1-2022,2022.0,0.0,0.0,0.0,11,4,2022,1.0,0.7675227678377139,0.0,0.0,0.0,-0.4338837391175562,-0.90096886790242,0.8660254037844387,-0.4999999999999998,0.0
2022-04-12,Kacang Hijau,15000.0,17000.0,Kacang Hijau,Q1-2022,2022.0,0.0,0.0,0.0,12,4,2022,1.0,0.7675227678377139,0.0,0.0,0.0,-0.9749279121818235,-0.2225209339563148,0.8660254037844387,-0.4999999999999998,0.0
2022-04-13,Kacang Hijau,15000.0,17000.0,Kacang Hijau,Q1-2022,2022.0,0.0,0.0,0.0,13,4,2022,1.0,0.7675227678377139,0.0,0.0,0.0,-0.781831482468029,0.6234898018587346,0.8660254037844387,-0.4999999999999998,0.0
2022-04-14,Kacang Hijau,15000.0,17000.0,Kacang Hijau,Q1-2022,2022.0,0.0,0.0,0.0,14,4,2022,1.0,0.7675227678377139,0.0,0.0,0.0,-4.898587196589413e-16,1.0,0.8660254037844387,-0.4999999999999998,0.0
2022-04-15,Kacang Hijau,14500.0,16478.775020916582,Kacang Hijau,Q1-2022,2022.0,0.0,0.0,0.0,15,4,2022,0.7500147952341543,0.6137374844509074,0.0,0.0,0.0,0.7818314824680284,0.6234898018587354,0.8660254037844387,-0.4999999999999998,0.0
2022-04-16,Kacang Hijau,14000.0,15981.128905121543,Kacang Hijau,Q1-2022,2022.0,0.0,0.0,0.0,16,4,2022,0.5000295904683085,0.46690904756658114,0.0,0.0,0.0,0.9749279121818237,-0.22252093395631387,0.8660254037844387,-0.4999999999999998,0.0
2022-04-17,Kacang Hijau,13500.0,15483.45270620013,Kacang Hijau,Q1-2022,2022.0,0.0,0.0,0.0,17,4,2022,0.2500443857024619,0.3200717347797175,0.0,0.0,0.0,0.43388373911755707,-0.9009688679024196,0.8660254037844387,-0.4999999999999998,0.0
2022-04-18,Kacang Hijau,13000.0,15000.0,Kacang Hijau,Q1-2022,2022.0,0.0,0.0,0.0,18,4,2022,5.9180936616165525e-05,0.177431004940086,0.0,0.0,0.0,-0.43388373911755757,-0.9009688679024194,0.8660254037844387,-0.4999999999999998,0.0
2022-04-19,Kacang Hijau,13000.0,15000.0,Kacang Hijau,Q1-2022,2022.0,0.0,0.0,0.0,19,4,2022,5.9180936616165525e-05,0.177431004940086,0.0,0.0,0.0,-0.9749279121818235,-0.22252093395631506,0.8660254037844387,-0.4999999999999998,0.0
2022-04-20,Kacang Hijau,13000.0,15000.0,Kacang Hijau,Q1-2022,2022.0,0.0,0.0,0.0,20,4,2022,5.9180936616165525e-05,0.177431004940086,0.0,0.0,0.0,-0.7818314824680302,0.6234898018587329,0.8660254037844387,-0.4999999999999998,0.0
2022-04-21,Kacang Hijau,13000.0,15000.0,Kacang Hijau,Q1-2022,2022.0,0.0,0.0,0.0,21,4,2022,5.9180936616165525e-05,0.177431004940086,0.0,0.0,0.0,-7.347880794884119e-16,1.0,0.8660254037844387,-0.4999999999999998,0.0
2022-04-22,Kacang Hijau,13000.0,15000.0,Kacang Hijau,Q1-2022,2022.0,0.0,0.0,0.0,22,4,2022,5.9180936616165525e-05,0.177431004940086,0.0,0.0,0.0,0.7818314824680271,0.6234898018587369,0.8660254037844387,-0.4999999999999998,0.0
2022-04-23,Kacang Hijau,13000.0,14995.599638204505,Kacang Hijau,Q1-2022,2022.0,0.0,0.0,0.0,23,4,2022,5.9180936616165525e-05,0.17613269631543993,0.0,0.0,0.0,0.9749279121818238,-0.22252093395631362,0.8660254037844387,-0.4999999999999998,0.0
2022-04-24,Kacang Hijau,13000.0,14997.170033877743,Kacang Hijau,Q1-2022,2022.0,0.0,0.0,0.0,24,4,2022,5.9180936616165525e-05,0.17659603509107402,0.0,0.0,0.0,0.4338837391175589,-0.9009688679024188,0.8660254037844387,-0.4999999999999998,0.0
2022-04-25,Kacang Hijau,13000.0,15000.0,Kacang Hijau,Q1-2022,2022.0,0.0,0.0,0.0,25,4,2022,5.9180936616165525e-05,0.177431004940086,0.0,0.0,0.0,-0.43388373911755734,-0.9009688679024195,0.8660254037844387,-0.4999999999999998,0.0
2022-04-26,Kacang Hijau,13000.0,15000.0,Kacang Hijau,Q1-2022,2022.0,0.0,0.0,0.0,26,4,2022,5.9180936616165525e-05,0.177431004940086,0.0,0.0,0.0,-0.9749279121818242,-0.22252093395631184,0.8660254037844387,-0.4999999999999998,0.0
2022-04-27,Kacang Hijau,13000.0,15000.0,Kacang Hijau,Q1-2022,2022.0,0.0,0.0,0.0,27,4,2022,5.9180936616165525e-05,0.177431004940086,0.0,0.0,0.0,-0.7818314824680304,0.6234898018587328,0.8660254037844387,-0.4999999999999998,0.0
2022-04-28,Kacang Hijau,13000.0,15000.0,Kacang Hijau,Q1-2022,2022.0,0.0,0.0,0.0,28,4,2022,5.9180936616165525e-05,0.177431004940086,0.0,0.0,0.0,-9.797174393178826e-16,1.0,0.8660254037844387,-0.4999999999999998,0.0
2022-04-29,Kacang Hijau,13000.0,15000.0,Kacang Hijau,Q1-2022,2022.0,0.0,0.0,0.0,29,4,2022,5.9180936616165525e-05,0.177431004940086,0.0,0.0,0.0,0.7818314824680291,0.6234898018587344,0.8660254037844387,-0.4999999999999998,0.0
2022-04-30,Kacang Hijau,13400.0,15404.25833022416,Kacang Hijau,Q1-2022,2022.0,0.0,0.0,0.0,30,4,2022,0.20004734474929275,0.296705760314099,0.0,0.0,0.0,0.9749279121818246,-0.22252093395630992,0.8660254037844387,-0.4999999999999998,0.0
2022-05-01,Kacang Hijau,13800.0,15805.230311026418,Kacang Hijau,Q2-2022,2022.0,7492.0257,14.32212424,10730.17229,1,5,2022,0.40003550856196934,0.4150108918261779,1.0,0.9973231874519632,1.0,0.7818314824680298,0.6234898018587336,0.49999999999999994,-0.8660254037844387,0.0
2022-05-02,Kacang Hijau,14200.0,16206.189574666838,Kacang Hijau,Q2-2022,2022.0,7492.0257,14.32212424,10730.17229,2,5,2022,0.6000236723746468,0.5333122711920328,1.0,0.9973231874519632,1.0,0.9749279121818236,-0.22252093395631434,0.49999999999999994,-0.8660254037844387,0.0
2022-05-03,Kacang Hijau,14600.0,16594.224991841955,Kacang Hijau,Q2-2022,2022.0,7492.0257,14.32212424,10730.17229,3,5,2022,0.8000118361873234,0.6478005228858237,1.0,0.9973231874519632,1.0,0.43388373911755823,-0.900968867902419,0.49999999999999994,-0.8660254037844387,0.0
2022-05-04,Kacang Hijau,15000.0,17000.0,Kacang Hijau,Q2-2022,2022.0,7492.0257,14.32212424,10730.17229,4,5,2022,1.0,0.7675227678377139,1.0,0.9973231874519632,1.0,-0.433883739117558,-0.9009688679024191,0.49999999999999994,-0.8660254037844387,0.0
2022-05-05,Kacang Hijau,15000.0,17000.0,Kacang Hijau,Q2-2022,2022.0,7492.0257,14.32212424,10730.17229,5,5,2022,1.0,0.7675227678377139,1.0,0.9973231874519632,1.0,-0.9749279121818236,-0.2225209339563146,0.49999999999999994,-0.8660254037844387,0.0
2022-05-06,Kacang Hijau,15000.0,17000.0,Kacang Hijau,Q2-2022,2022.0,7492.0257,14.32212424,10730.17229,6,5,2022,1.0,0.7675227678377139,1.0,0.9973231874519632,1.0,-0.7818314824680299,0.6234898018587334,0.49999999999999994,-0.8660254037844387,0.0
2022-05-07,Kacang Hijau,14333.333333333334,15518.196358587918,Kacang Hijau,Q2-2022,2022.0,7492.0257,14.32212424,10730.17229,7,5,2022,0.6666863936455387,0.3303227063232237,1.0,0.9973231874519632,1.0,-2.4492935982947064e-16,1.0,0.49999999999999994,-0.8660254037844387,0.0
2022-05-08,Kacang Hijau,13666.666666666666,15678.434866640338,Kacang Hijau,Q2-2022,2022.0,7492.0257,14.32212424,10730.17229,8,5,2022,0.33337278729107744,0.3776004181735928,1.0,0.9973231874519632,1.0,0.7818314824680296,0.6234898018587337,0.49999999999999994,-0.8660254037844387,0.0
2022-05-09,Kacang Hijau,13000.0,15000.0,Kacang Hijau,Q2-2022,2022.0,7492.0257,14.32212424,10730.17229,9,5,2022,5.9180936616165525e-05,0.177431004940086,1.0,0.9973231874519632,1.0,0.9749279121818237,-0.2225209339563141,0.49999999999999994,-0.8660254037844387,0.0
2022-05-10,Kacang Hijau,13000.0,15000.0,Kacang Hijau,Q2-2022,2022.0,7492.0257,14.32212424,10730.17229,10,5,2022,5.9180936616165525e-05,0.177431004940086,1.0,0.9973231874519632,1.0,0.43388373911755845,-0.9009688679024189,0.49999999999999994,-0.8660254037844387,0.0
2022-05-11,Kacang Hijau,13000.0,15000.0,Kacang Hijau,Q2-2022,2022.0,7492.0257,14.32212424,10730.17229,11,5,2022,5.9180936616165525e-05,0.177431004940086,1.0,0.9973231874519632,1.0,-0.4338837391175562,-0.90096886790242,0.49999999999999994,-0.8660254037844387,0.0
2022-05-12,Kacang Hijau,13000.0,15000.0,Kacang Hijau,Q2-2022,2022.0,7492.0257,14.32212424,10730.17229,12,5,2022,5.9180936616165525e-05,0.177431004940086,1.0,0.9973231874519632,1.0,-0.9749279121818235,-0.2225209339563148,0.49999999999999994,-0.8660254037844387,0.0
2022-05-13,Kacang Hijau,13000.0,15000.0,Kacang Hijau,Q2-2022,2022.0,7492.0257,14.32212424,10730.17229,13,5,2022,5.9180936616165525e-05,0.177431004940086,1.0,0.9973231874519632,1.0,-0.781831482468029,0.6234898018587346,0.49999999999999994,-0.8660254037844387,0.0
2022-05-14,Kacang Hijau,13000.0,15438.01014435346,Kacang Hijau,Q2-2022,2022.0,7492.0257,14.32212424,10730.17229,14,5,2022,5.9180936616165525e-05,0.30666409406437456,1.0,0.9973231874519632,1.0,-4.898587196589413e-16,1.0,0.49999999999999994,-0.8660254037844387,0.0
2022-05-15,Kacang Hijau,13000.0,15335.755282573391,Kacang Hijau,Q2-2022,2022.0,7492.0257,14.32212424,10730.17229,15,5,2022,5.9180936616165525e-05,0.27649421823804765,1.0,0.9973231874519632,1.0,0.7818314824680284,0.6234898018587354,0.49999999999999994,-0.8660254037844387,0.0
2022-05-16,Kacang Hijau,13000.0,15416.404729397485,Kacang Hijau,Q2-2022,2022.0,7492.0257,14.32212424,10730.17229,16,5,2022,5.9180936616165525e-05,0.3002895053646215,1.0,0.9973231874519632,1.0,0.9749279121818237,-0.22252093395631387,0.49999999999999994,-0.8660254037844387,0.0
2022-05-17,Kacang Hijau,13000.0,15000.0,Kacang Hijau,Q2-2022,2022.0,7492.0257,14.32212424,10730.17229,17,5,2022,5.9180936616165525e-05,0.177431004940086,1.0,0.9973231874519632,1.0,0.43388373911755707,-0.9009688679024196,0.49999999999999994,-0.8660254037844387,0.0
2022-05-18,Kacang Hijau,13000.0,15000.0,Kacang Hijau,Q2-2022,2022.0,7492.0257,14.32212424,10730.17229,18,5,2022,5.9180936616165525e-05,0.177431004940086,1.0,0.9973231874519632,1.0,-0.43388373911755757,-0.9009688679024194,0.49999999999999994,-0.8660254037844387,0.0
2022-05-19,Kacang Hijau,13000.0,15000.0,Kacang Hijau,Q2-2022,2022.0,7492.0257,14.32212424,10730.17229,19,5,2022,5.9180936616165525e-05,0.177431004940086,1.0,0.9973231874519632,1.0,-0.9749279121818235,-0.22252093395631506,0.49999999999999994,-0.8660254037844387,0.0
2022-05-20,Kacang Hijau,13000.0,15000.0,Kacang Hijau,Q2-2022,2022.0,7492.0257,14.32212424,10730.17229,20,5,2022,5.9180936616165525e-05,0.177431004940086,1.0,0.9973231874519632,1.0,-0.7818314824680302,0.6234898018587329,0.49999999999999994,-0.8660254037844387,0.0
2022-05-21,Kacang Hijau,13000.0,14723.285135767737,Kacang Hijau,Q2-2022,2022.0,7492.0257,14.32212424,10730.17229,21,5,2022,5.9180936616165525e-05,0.09578742391268857,1.0,0.9973231874519632,1.0,-7.347880794884119e-16,1.0,0.49999999999999994,-0.8660254037844387,0.0
2022-05-22,Kacang Hijau,13000.0,14718.286300949907,Kacang Hijau,Q2-2022,2022.0,7492.0257,14.32212424,10730.17229,22,5,2022,5.9180936616165525e-05,0.09431253828764508,1.0,0.9973231874519632,1.0,0.7818314824680271,0.6234898018587369,0.49999999999999994,-0.8660254037844387,0.0
2022-05-23,Kacang Hijau,13000.0,15000.0,Kacang Hijau,Q2-2022,2022.0,7492.0257,14.32212424,10730.17229,23,5,2022,5.9180936616165525e-05,0.177431004940086,1.0,0.9973231874519632,1.0,0.9749279121818238,-0.22252093395631362,0.49999999999999994,-0.8660254037844387,0.0
2022-05-24,Kacang Hijau,13000.0,15000.0,Kacang Hijau,Q2-2022,2022.0,7492.0257,14.32212424,10730.17229,24,5,2022,5.9180936616165525e-05,0.177431004940086,1.0,0.9973231874519632,1.0,0.4338837391175589,-0.9009688679024188,0.49999999999999994,-0.8660254037844387,0.0
2022-05-25,Kacang Hijau,13000.0,15000.0,Kacang Hijau,Q2-2022,2022.0,7492.0257,14.32212424,10730.17229,25,5,2022,5.9180936616165525e-05,0.177431004940086,1.0,0.9973231874519632,1.0,-0.43388373911755734,-0.9009688679024195,0.49999999999999994,-0.8660254037844387,0.0
2022-05-26,Kacang Hijau,13000.0,14700.27362670978,Kacang Hijau,Q2-2022,2022.0,7492.0257,14.32212424,10730.17229,26,5,2022,5.9180936616165525e-05,0.0889979729392163,1.0,0.9973231874519632,1.0,-0.9749279121818242,-0.22252093395631184,0.49999999999999994,-0.8660254037844387,0.0
2022-05-27,Kacang Hijau,13000.0,15000.0,Kacang Hijau,Q2-2022,2022.0,7492.0257,14.32212424,10730.17229,27,5,2022,5.9180936616165525e-05,0.177431004940086,1.0,0.9973231874519632,1.0,-0.7818314824680304,0.6234898018587328,0.49999999999999994,-0.8660254037844387,0.0
2022-05-28,Kacang Hijau,13000.0,14692.95037660512,Kacang Hijau,Q2-2022,2022.0,7492.0257,14.32212424,10730.17229,28,5,2022,5.9180936616165525e-05,0.08683727815701747,1.0,0.9973231874519632,1.0,-9.797174393178826e-16,1.0,0.49999999999999994,-0.8660254037844387,0.0
2022-05-29,Kacang Hijau,13000.0,14690.041360034316,Kacang Hijau,Q2-2022,2022.0,7492.0257,14.32212424,10730.17229,29,5,2022,5.9180936616165525e-05,0.08597898479873489,1.0,0.9973231874519632,1.0,0.7818314824680291,0.6234898018587344,0.49999999999999994,-0.8660254037844387,0.0
2022-05-30,Kacang Hijau,13000.0,15000.0,Kacang Hijau,Q2-2022,2022.0,7492.0257,14.32212424,10730.17229,30,5,2022,5.9180936616165525e-05,0.177431004940086,1.0,0.9973231874519632,1.0,0.9749279121818246,-0.22252093395630992,0.49999999999999994,-0.8660254037844387,0.0
2022-05-31,Kacang Hijau,13000.0,15000.0,Kacang Hijau,Q2-2022,2022.0,7492.0257,14.32212424,10730.17229,31,5,2022,5.9180936616165525e-05,0.177431004940086,1.0,0.9973231874519632,1.0,0.4338837391175591,-0.9009688679024187,0.49999999999999994,-0.8660254037844387,0.0
2022-06-01,Kacang Hijau,13000.0,15491.731703550486,Kacang Hijau,Q2-2022,2022.0,7492.0257,14.32212424,10730.17229,1,6,2022,5.9180936616165525e-05,0.3225144188504654,1.0,0.9973231874519632,1.0,0.7818314824680298,0.6234898018587336,1.2246467991473532e-16,-1.0,0.0
2022-06-02,Kacang Hijau,13000.0,15000.0,Kacang Hijau,Q2-2022,2022.0,7492.0257,14.32212424,10730.17229,2,6,2022,5.9180936616165525e-05,0.177431004940086,1.0,0.9973231874519632,1.0,0.9749279121818236,-0.22252093395631434,1.2246467991473532e-16,-1.0,0.0
2022-06-03,Kacang Hijau,13000.0,15000.0,Kacang Hijau,Q2-2022,2022.0,7492.0257,14.32212424,10730.17229,3,6,2022,5.9180936616165525e-05,0.177431004940086,1.0,0.9973231874519632,1.0,0.43388373911755823,-0.900968867902419,1.2246467991473532e-16,-1.0,0.0
2022-06-04,Kacang Hijau,13000.0,15898.394395583213,Kacang Hijau,Q2-2022,2022.0,7492.0257,14.32212424,10730.17229,4,6,2022,5.9180936616165525e-05,0.44249857127360936,1.0,0.9973231874519632,1.0,-0.433883739117558,-0.9009688679024191,1.2246467991473532e-16,-1.0,0.0
2022-06-05,Kacang Hijau,13000.0,15010.6412359942,Kacang Hijau,Q2-2022,2022.0,7492.0257,14.32212424,10730.17229,5,6,2022,5.9180936616165525e-05,0.18057065779369985,1.0,0.9973231874519632,1.0,-0.9749279121818236,-0.2225209339563146,1.2246467991473532e-16,-1.0,0.0
2022-06-06,Kacang Hijau,13000.0,15000.0,Kacang Hijau,Q2-2022,2022.0,7492.0257,14.32212424,10730.17229,6,6,2022,5.9180936616165525e-05,0.177431004940086,1.0,0.9973231874519632,1.0,-0.7818314824680299,0.6234898018587334,1.2246467991473532e-16,-1.0,0.0
2022-06-07,Kacang Hijau,13000.0,15000.0,Kacang Hijau,Q2-2022,2022.0,7492.0257,14.32212424,10730.17229,7,6,2022,5.9180936616165525e-05,0.177431004940086,1.0,0.9973231874519632,1.0,-2.4492935982947064e-16,1.0,1.2246467991473532e-16,-1.0,0.0
2022-06-08,Kacang Hijau,13000.0,15000.0,Kacang Hijau,Q2-2022,2022.0,7492.0257,14.32212424,10730.17229,8,6,2022,5.9180936616165525e-05,0.177431004940086,1.0,0.9973231874519632,1.0,0.7818314824680296,0.6234898018587337,1.2246467991473532e-16,-1.0,0.0
2022-06-09,Kacang Hijau,13000.0,15000.0,Kacang Hijau,Q2-2022,2022.0,7492.0257,14.32212424,10730.17229,9,6,2022,5.9180936616165525e-05,0.177431004940086,1.0,0.9973231874519632,1.0,0.9749279121818237,-0.2225209339563141,1.2246467991473532e-16,-1.0,0.0
2022-06-10,Kacang Hijau,13000.0,15000.0,Kacang Hijau,Q2-2022,2022.0,7492.0257,14.32212424,10730.17229,10,6,2022,5.9180936616165525e-05,0.177431004940086,1.0,0.9973231874519632,1.0,0.43388373911755845,-0.9009688679024189,1.2246467991473532e-16,-1.0,0.0
2022-06-11,Kacang Hijau,13000.0,15380.217388044628,Kacang Hijau,Q2-2022,2022.0,7492.0257,14.32212424,10730.17229,11,6,2022,5.9180936616165525e-05,0.289612579337879,1.0,0.9973231874519632,1.0,-0.4338837391175562,-0.90096886790242,1.2246467991473532e-16,-1.0,0.0
2022-06-12,Kacang Hijau,13000.0,15376.921100390262,Kacang Hijau,Q2-2022,2022.0,7492.0257,14.32212424,10730.17229,12,6,2022,5.9180936616165525e-05,0.2886400232413875,1.0,0.9973231874519632,1.0,-0.9749279121818235,-0.2225209339563148,1.2246467991473532e-16,-1.0,0.0
2022-06-13,Kacang Hijau,13000.0,15000.0,Kacang Hijau,Q2-2022,2022.0,7492.0257,14.32212424,10730.17229,13,6,2022,5.9180936616165525e-05,0.177431004940086,1.0,0.9973231874519632,1.0,-0.781831482468029,0.6234898018587346,1.2246467991473532e-16,-1.0,0.0
2022-06-14,Kacang Hijau,13000.0,15000.0,Kacang Hijau,Q2-2022,2022.0,7492.0257,14.32212424,10730.17229,14,6,2022,5.9180936616165525e-05,0.177431004940086,1.0,0.9973231874519632,1.0,-4.898587196589413e-16,1.0,1.2246467991473532e-16,-1.0,0.0
2022-06-15,Kacang Hijau,13000.0,15000.0,Kacang Hijau,Q2-2022,2022.0,7492.0257,14.32212424,10730.17229,15,6,2022,5.9180936616165525e-05,0.177431004940086,1.0,0.9973231874519632,1.0,0.7818314824680284,0.6234898018587354,1.2246467991473532e-16,-1.0,0.0
2022-06-16,Kacang Hijau,13000.0,15000.0,Kacang Hijau,Q2-2022,2022.0,7492.0257,14.32212424,10730.17229,16,6,2022,5.9180936616165525e-05,0.177431004940086,1.0,0.9973231874519632,1.0,0.9749279121818237,-0.22252093395631387,1.2246467991473532e-16,-1.0,0.0
2022-06-17,Kacang Hijau,13000.0,15000.0,Kacang Hijau,Q2-2022,2022.0,7492.0257,14.32212424,10730.17229,17,6,2022,5.9180936616165525e-05,0.177431004940086,1.0,0.9973231874519632,1.0,0.43388373911755707,-0.9009688679024196,1.2246467991473532e-16,-1.0,0.0
2022-06-18,Kacang Hijau,13000.0,14653.838858941206,Kacang Hijau,Q2-2022,2022.0,7492.0257,14.32212424,10730.17229,18,6,2022,5.9180936616165525e-05,0.07529758595306646,1.0,0.9973231874519632,1.0,-0.43388373911755757,-0.9009688679024194,1.2246467991473532e-16,-1.0,0.0
2022-06-19,Kacang Hijau,13000.0,14661.213753921871,Kacang Hijau,Q2-2022,2022.0,7492.0257,14.32212424,10730.17229,19,6,2022,5.9180936616165525e-05,0.07747351834322913,1.0,0.9973231874519632,1.0,-0.9749279121818235,-0.22252093395631506,1.2246467991473532e-16,-1.0,0.0
2022-06-20,Kacang Hijau,13000.0,15000.0,Kacang Hijau,Q2-2022,2022.0,7492.0257,14.32212424,10730.17229,20,6,2022,5.9180936616165525e-05,0.177431004940086,1.0,0.9973231874519632,1.0,-0.7818314824680302,0.6234898018587329,1.2246467991473532e-16,-1.0,0.0
2022-06-21,Kacang Hijau,13000.0,15000.0,Kacang Hijau,Q2-2022,2022.0,7492.0257,14.32212424,10730.17229,21,6,2022,5.9180936616165525e-05,0.177431004940086,1.0,0.9973231874519632,1.0,-7.347880794884119e-16,1.0,1.2246467991473532e-16,-1.0,0.0
2022-06-22,Kacang Hijau,13000.0,15000.0,Kacang Hijau,Q2-2022,2022.0,7492.0257,14.32212424,10730.17229,22,6,2022,5.9180936616165525e-05,0.177431004940086,1.0,0.9973231874519632,1.0,0.7818314824680271,0.6234898018587369,1.2246467991473532e-16,-1.0,0.0
2022-06-23,Kacang Hijau,13000.0,15000.0,Kacang Hijau,Q2-2022,2022.0,7492.0257,14.32212424,10730.17229,23,6,2022,5.9180936616165525e-05,0.177431004940086,1.0,0.9973231874519632,1.0,0.9749279121818238,-0.22252093395631362,1.2246467991473532e-16,-1.0,0.0
2022-06-24,Kacang Hijau,13000.0,15000.0,Kacang Hijau,Q2-2022,2022.0,7492.0257,14.32212424,10730.17229,24,6,2022,5.9180936616165525e-05,0.177431004940086,1.0,0.9973231874519632,1.0,0.4338837391175589,-0.9009688679024188,1.2246467991473532e-16,-1.0,0.0
2022-06-25,Kacang Hijau,13000.0,14714.08180456869,Kacang Hijau,Q2-2022,2022.0,7492.0257,14.32212424,10730.17229,25,6,2022,5.9180936616165525e-05,0.09307201894680084,1.0,0.9973231874519632,1.0,-0.43388373911755734,-0.9009688679024195,1.2246467991473532e-16,-1.0,0.0
2022-06-26,Kacang Hijau,13000.0,14722.080768036316,Kacang Hijau,Q2-2022,2022.0,7492.0257,14.32212424,10730.17229,26,6,2022,5.9180936616165525e-05,0.09543208017378291,1.0,0.9973231874519632,1.0,-0.9749279121818242,-0.22252093395631184,1.2246467991473532e-16,-1.0,0.0
2022-06-27,Kacang Hijau,13000.0,15000.0,Kacang Hijau,Q2-2022,2022.0,7492.0257,14.32212424,10730.17229,27,6,2022,5.9180936616165525e-05,0.177431004940086,1.0,0.9973231874519632,1.0,-0.7818314824680304,0.6234898018587328,1.2246467991473532e-16,-1.0,0.0
2022-06-28,Kacang Hijau,13000.0,15000.0,Kacang Hijau,Q2-2022,2022.0,7492.0257,14.32212424,10730.17229,28,6,2022,5.9180936616165525e-05,0.177431004940086,1.0,0.9973231874519632,1.0,-9.797174393178826e-16,1.0,1.2246467991473532e-16,-1.0,0.0
2022-06-29,Kacang Hijau,13000.0,15000.0,Kacang Hijau,Q2-2022,2022.0,7492.0257,14.32212424,10730.17229,29,6,2022,5.9180936616165525e-05,0.177431004940086,1.0,0.9973231874519632,1.0,0.7818314824680291,0.6234898018587344,1.2246467991473532e-16,-1.0,0.0
2022-06-30,Kacang Hijau,13000.0,15000.0,Kacang Hijau,Q2-2022,2022.0,7492.0257,14.32212424,10730.17229,30,6,2022,5.9180936616165525e-05,0.177431004940086,1.0,0.9973231874519632,1.0,0.9749279121818246,-0.22252093395630992,1.2246467991473532e-16,-1.0,0.0
2022-07-01,Kacang Hijau,13000.0,15219.55437699209,Kacang Hijau,Q2-2022,2022.0,7492.0257,14.32212424,10730.17229,1,7,2022,5.9180936616165525e-05,0.2422096196256618,1.0,0.9973231874519632,1.0,0.7818314824680298,0.6234898018587336,-0.4999999999999997,-0.8660254037844388,0.0
2022-07-02,Kacang Hijau,13000.0,15382.795123990922,Kacang Hijau,Q2-2022,2022.0,7492.0257,14.32212424,10730.17229,2,7,2022,5.9180936616165525e-05,0.2903731297122949,1.0,0.9973231874519632,1.0,0.9749279121818236,-0.22252093395631434,-0.4999999999999997,-0.8660254037844388,0.0
2022-07-03,Kacang Hijau,13000.0,15546.866283768708,Kacang Hijau,Q2-2022,2022.0,7492.0257,14.32212424,10730.17229,3,7,2022,5.9180936616165525e-05,0.3387816496692615,1.0,0.9973231874519632,1.0,0.43388373911755823,-0.900968867902419,-0.4999999999999997,-0.8660254037844388,0.0
2022-07-04,Kacang Hijau,13000.0,15000.0,Kacang Hijau,Q2-2022,2022.0,7492.0257,14.32212424,10730.17229,4,7,2022,5.9180936616165525e-05,0.177431004940086,1.0,0.9973231874519632,1.0,-0.433883739117558,-0.9009688679024191,-0.4999999999999997,-0.8660254037844388,0.0
2022-07-05,Kacang Hijau,13000.0,15000.0,Kacang Hijau,Q2-2022,2022.0,7492.0257,14.32212424,10730.17229,5,7,2022,5.9180936616165525e-05,0.177431004940086,1.0,0.9973231874519632,1.0,-0.9749279121818236,-0.2225209339563146,-0.4999999999999997,-0.8660254037844388,0.0
2022-07-06,Kacang Hijau,13000.0,15000.0,Kacang Hijau,Q2-2022,2022.0,7492.0257,14.32212424,10730.17229,6,7,2022,5.9180936616165525e-05,0.177431004940086,1.0,0.9973231874519632,1.0,-0.7818314824680299,0.6234898018587334,-0.4999999999999997,-0.8660254037844388,0.0
2022-07-07,Kacang Hijau,13000.0,15000.0,Kacang Hijau,Q2-2022,2022.0,7492.0257,14.32212424,10730.17229,7,7,2022,5.9180936616165525e-05,0.177431004940086,1.0,0.9973231874519632,1.0,-2.4492935982947064e-16,1.0,-0.4999999999999997,-0.8660254037844388,0.0
2022-07-08,Kacang Hijau,13000.0,15000.0,Kacang Hijau,Q2-2022,2022.0,7492.0257,14.32212424,10730.17229,8,7,2022,5.9180936616165525e-05,0.177431004940086,1.0,0.9973231874519632,1.0,0.7818314824680296,0.6234898018587337,-0.4999999999999997,-0.8660254037844388,0.0
2022-07-09,Kacang Hijau,13000.0,15021.572752356722,Kacang Hijau,Q2-2022,2022.0,7492.0257,14.32212424,10730.17229,9,7,2022,5.9180936616165525e-05,0.1837959566744516,1.0,0.9973231874519632,1.0,0.9749279121818237,-0.2225209339563141,-0.4999999999999997,-0.8660254037844388,0.0
2022-07-10,Kacang Hijau,13000.0,14997.145409761773,Kacang Hijau,Q2-2022,2022.0,7492.0257,14.32212424,10730.17229,10,7,2022,5.9180936616165525e-05,0.17658876984707295,1.0,0.9973231874519632,1.0,0.43388373911755845,-0.9009688679024189,-0.4999999999999997,-0.8660254037844388,0.0
2022-07-11,Kacang Hijau,13000.0,15000.0,Kacang Hijau,Q2-2022,2022.0,7492.0257,14.32212424,10730.17229,11,7,2022,5.9180936616165525e-05,0.177431004940086,1.0,0.9973231874519632,1.0,-0.4338837391175562,-0.90096886790242,-0.4999999999999997,-0.8660254037844388,0.0
2022-07-12,Kacang Hijau,13000.0,15000.0,Kacang Hijau,Q2-2022,2022.0,7492.0257,14.32212424,10730.17229,12,7,2022,5.9180936616165525e-05,0.177431004940086,1.0,0.9973231874519632,1.0,-0.9749279121818235,-0.2225209339563148,-0.4999999999999997,-0.8660254037844388,0.0
2022-07-13,Kacang Hijau,13000.0,15000.0,Kacang Hijau,Q2-2022,2022.0,7492.0257,14.32212424,10730.17229,13,7,2022,5.9180936616165525e-05,0.177431004940086,1.0,0.9973231874519632,1.0,-0.781831482468029,0.6234898018587346,-0.4999999999999997,-0.8660254037844388,0.0
2022-07-14,Kacang Hijau,13000.0,15000.0,Kacang Hijau,Q2-2022,2022.0,7492.0257,14.32212424,10730.17229,14,7,2022,5.9180936616165525e-05,0.177431004940086,1.0,0.9973231874519632,1.0,-4.898587196589413e-16,1.0,-0.4999999999999997,-0.8660254037844388,0.0
2022-07-15,Kacang Hijau,13000.0,15000.0,Kacang Hijau,Q2-2022,2022.0,7492.0257,14.32212424,10730.17229,15,7,2022,5.9180936616165525e-05,0.177431004940086,1.0,0.9973231874519632,1.0,0.7818314824680284,0.6234898018587354,-0.4999999999999997,-0.8660254037844388,0.0
2022-07-16,Kacang Hijau,13000.0,14995.991346165654,Kacang Hijau,Q2-2022,2022.0,7492.0257,14.32212424,10730.17229,16,7,2022,5.9180936616165525e-05,0.17624826813610817,1.0,0.9973231874519632,1.0,0.9749279121818237,-0.22252093395631387,-0.4999999999999997,-0.8660254037844388,0.0
2022-07-17,Kacang Hijau,13000.0,14995.659916338083,Kacang Hijau,Q2-2022,2022.0,7492.0257,14.32212424,10730.17229,17,7,2022,5.9180936616165525e-05,0.17615048113049436,1.0,0.9973231874519632,1.0,0.43388373911755707,-0.9009688679024196,-0.4999999999999997,-0.8660254037844388,0.0
2022-07-18,Kacang Hijau,13000.0,15000.0,Kacang Hijau,Q2-2022,2022.0,7492.0257,14.32212424,10730.17229,18,7,2022,5.9180936616165525e-05,0.177431004940086,1.0,0.9973231874519632,1.0,-0.43388373911755757,-0.9009688679024194,-0.4999999999999997,-0.8660254037844388,0.0
2022-07-19,Kacang Hijau,13000.0,15000.0,Kacang Hijau,Q2-2022,2022.0,7492.0257,14.32212424,10730.17229,19,7,2022,5.9180936616165525e-05,0.177431004940086,1.0,0.9973231874519632,1.0,-0.9749279121818235,-0.22252093395631506,-0.4999999999999997,-0.8660254037844388,0.0
2022-07-20,Kacang Hijau,13000.0,15000.0,Kacang Hijau,Q2-2022,2022.0,7492.0257,14.32212424,10730.17229,20,7,2022,5.9180936616165525e-05,0.177431004940086,1.0,0.9973231874519632,1.0,-0.7818314824680302,0.6234898018587329,-0.4999999999999997,-0.8660254037844388,0.0
2022-07-21,Kacang Hijau,13000.0,15000.0,Kacang Hijau,Q2-2022,2022.0,7492.0257,14.32212424,10730.17229,21,7,2022,5.9180936616165525e-05,0.177431004940086,1.0,0.9973231874519632,1.0,-7.347880794884119e-16,1.0,-0.4999999999999997,-0.8660254037844388,0.0
2022-07-22,Kacang Hijau,13000.0,15000.0,Kacang Hijau,Q2-2022,2022.0,7492.0257,14.32212424,10730.17229,22,7,2022,5.9180936616165525e-05,0.177431004940086,1.0,0.9973231874519632,1.0,0.7818314824680271,0.6234898018587369,-0.4999999999999997,-0.8660254037844388,0.0
2022-07-23,Kacang Hijau,13000.0,14995.022263193645,Kacang Hijau,Q2-2022,2022.0,7492.0257,14.32212424,10730.17229,23,7,2022,5.9180936616165525e-05,0.1759623441964342,1.0,0.9973231874519632,1.0,0.9749279121818238,-0.22252093395631362,-0.4999999999999997,-0.8660254037844388,0.0
2022-07-24,Kacang Hijau,13000.0,14995.323166260514,Kacang Hijau,Q2-2022,2022.0,7492.0257,14.32212424,10730.17229,24,7,2022,5.9180936616165525e-05,0.17605112440702975,1.0,0.9973231874519632,1.0,0.4338837391175589,-0.9009688679024188,-0.4999999999999997,-0.8660254037844388,0.0
2022-07-25,Kacang Hijau,13000.0,15000.0,Kacang Hijau,Q2-2022,2022.0,7492.0257,14.32212424,10730.17229,25,7,2022,5.9180936616165525e-05,0.177431004940086,1.0,0.9973231874519632,1.0,-0.43388373911755734,-0.9009688679024195,-0.4999999999999997,-0.8660254037844388,0.0
2022-07-26,Kacang Hijau,13000.0,15000.0,Kacang Hijau,Q2-2022,2022.0,7492.0257,14.32212424,10730.17229,26,7,2022,5.9180936616165525e-05,0.177431004940086,1.0,0.9973231874519632,1.0,-0.9749279121818242,-0.22252093395631184,-0.4999999999999997,-0.8660254037844388,0.0
2022-07-27,Kacang Hijau,13000.0,15000.0,Kacang Hijau,Q2-2022,2022.0,7492.0257,14.32212424,10730.17229,27,7,2022,5.9180936616165525e-05,0.177431004940086,1.0,0.9973231874519632,1.0,-0.7818314824680304,0.6234898018587328,-0.4999999999999997,-0.8660254037844388,0.0
2022-07-28,Kacang Hijau,13000.0,15000.0,Kacang Hijau,Q2-2022,2022.0,7492.0257,14.32212424,10730.17229,28,7,2022,5.9180936616165525e-05,0.177431004940086,1.0,0.9973231874519632,1.0,-9.797174393178826e-16,1.0,-0.4999999999999997,-0.8660254037844388,0.0
2022-07-29,Kacang Hijau,13000.0,15000.0,Kacang Hijau,Q2-2022,2022.0,7492.0257,14.32212424,10730.17229,29,7,2022,5.9180936616165525e-05,0.177431004940086,1.0,0.9973231874519632,1.0,0.7818314824680291,0.6234898018587344,-0.4999999999999997,-0.8660254037844388,0.0
2022-07-30,Kacang Hijau,13000.0,14998.869211706131,Kacang Hijau,Q2-2022,2022.0,7492.0257,14.32212424,10730.17229,30,7,2022,5.9180936616165525e-05,0.17709737051118957,1.0,0.9973231874519632,1.0,0.9749279121818246,-0.22252093395630992,-0.4999999999999997,-0.8660254037844388,0.0
2022-07-31,Kacang Hijau,13000.0,14999.550729163931,Kacang Hijau,Q2-2022,2022.0,7492.0257,14.32212424,10730.17229,31,7,2022,5.9180936616165525e-05,0.17729844943024897,1.0,0.9973231874519632,1.0,0.4338837391175591,-0.9009688679024187,-0.4999999999999997,-0.8660254037844388,0.0
2022-08-01,Kacang Hijau,13000.0,15000.0,Kacang Hijau,Q2-2022,2022.0,7492.0257,14.32212424,10730.17229,1,8,2022,5.9180936616165525e-05,0.177431004940086,1.0,0.9973231874519632,1.0,0.7818314824680298,0.6234898018587336,-0.8660254037844384,-0.5000000000000004,0.0
2022-08-02,Kacang Hijau,13000.0,15000.0,Kacang Hijau,Q2-2022,2022.0,7492.0257,14.32212424,10730.17229,2,8,2022,5.9180936616165525e-05,0.177431004940086,1.0,0.9973231874519632,1.0,0.9749279121818236,-0.22252093395631434,-0.8660254037844384,-0.5000000000000004,0.0
2022-08-03,Kacang Hijau,13000.0,15000.0,Kacang Hijau,Q2-2022,2022.0,7492.0257,14.32212424,10730.17229,3,8,2022,5.9180936616165525e-05,0.177431004940086,1.0,0.9973231874519632,1.0,0.43388373911755823,-0.900968867902419,-0.8660254037844384,-0.5000000000000004,0.0
2022-08-04,Kacang Hijau,13000.0,15000.0,Kacang Hijau,Q2-2022,2022.0,7492.0257,14.32212424,10730.17229,4,8,2022,5.9180936616165525e-05,0.177431004940086,1.0,0.9973231874519632,1.0,-0.433883739117558,-0.9009688679024191,-0.8660254037844384,-0.5000000000000004,0.0
2022-08-05,Kacang Hijau,13000.0,15000.0,Kacang Hijau,Q2-2022,2022.0,7492.0257,14.32212424,10730.17229,5,8,2022,5.9180936616165525e-05,0.177431004940086,1.0,0.9973231874519632,1.0,-0.9749279121818236,-0.2225209339563146,-0.8660254037844384,-0.5000000000000004,0.0
2022-08-06,Kacang Hijau,13000.0,15002.509726497368,Kacang Hijau,Q2-2022,2022.0,7492.0257,14.32212424,10730.17229,6,8,2022,5.9180936616165525e-05,0.17817148940669725,1.0,0.9973231874519632,1.0,-0.7818314824680299,0.6234898018587334,-0.8660254037844384,-0.5000000000000004,0.0
2022-08-07,Kacang Hijau,13000.0,15013.226535748867,Kacang Hijau,Q2-2022,2022.0,7492.0257,14.32212424,10730.17229,7,8,2022,5.9180936616165525e-05,0.1813334398386246,1.0,0.9973231874519632,1.0,-2.4492935982947064e-16,1.0,-0.8660254037844384,-0.5000000000000004,0.0
2022-08-08,Kacang Hijau,13000.0,15000.0,Kacang Hijau,Q2-2022,2022.0,7492.0257,14.32212424,10730.17229,8,8,2022,5.9180936616165525e-05,0.177431004940086,1.0,0.9973231874519632,1.0,0.7818314824680296,0.6234898018587337,-0.8660254037844384,-0.5000000000000004,0.0
2022-08-09,Kacang Hijau,13000.0,15000.0,Kacang Hijau,Q2-2022,2022.0,7492.0257,14.32212424,10730.17229,9,8,2022,5.9180936616165525e-05,0.177431004940086,1.0,0.9973231874519632,1.0,0.9749279121818237,-0.2225209339563141,-0.8660254037844384,-0.5000000000000004,0.0
2022-08-10,Kacang Hijau,13000.0,15000.0,Kacang Hijau,Q2-2022,2022.0,7492.0257,14.32212424,10730.17229,10,8,2022,5.9180936616165525e-05,0.177431004940086,1.0,0.9973231874519632,1.0,0.43388373911755845,-0.9009688679024189,-0.8660254037844384,-0.5000000000000004,0.0
2022-08-11,Kacang Hijau,13000.0,15000.0,Kacang Hijau,Q2-2022,2022.0,7492.0257,14.32212424,10730.17229,11,8,2022,5.9180936616165525e-05,0.177431004940086,1.0,0.9973231874519632,1.0,-0.4338837391175562,-0.90096886790242,-0.8660254037844384,-0.5000000000000004,0.0
2022-08-12,Kacang Hijau,13000.0,15000.0,Kacang Hijau,Q2-2022,2022.0,7492.0257,14.32212424,10730.17229,12,8,2022,5.9180936616165525e-05,0.177431004940086,1.0,0.9973231874519632,1.0,-0.9749279121818235,-0.2225209339563148,-0.8660254037844384,-0.5000000000000004,0.0
2022-08-13,Kacang Hijau,13000.0,15001.990788234018,Kacang Hijau,Q2-2022,2022.0,7492.0257,14.32212424,10730.17229,13,8,2022,5.9180936616165525e-05,0.17801837880936944,1.0,0.9973231874519632,1.0,-0.781831482468029,0.6234898018587346,-0.8660254037844384,-0.5000000000000004,0.0
2022-08-14,Kacang Hijau,13000.0,15001.313649353751,Kacang Hijau,Q2-2022,2022.0,7492.0257,14.32212424,10730.17229,14,8,2022,5.9180936616165525e-05,0.17781859177157777,1.0,0.9973231874519632,1.0,-4.898587196589413e-16,1.0,-0.8660254037844384,-0.5000000000000004,0.0
2022-08-15,Kacang Hijau,13000.0,15000.0,Kacang Hijau,Q2-2022,2022.0,7492.0257,14.32212424,10730.17229,15,8,2022,5.9180936616165525e-05,0.177431004940086,1.0,0.9973231874519632,1.0,0.7818314824680284,0.6234898018587354,-0.8660254037844384,-0.5000000000000004,0.0
2022-08-16,Kacang Hijau,13000.0,15000.0,Kacang Hijau,Q2-2022,2022.0,7492.0257,14.32212424,10730.17229,16,8,2022,5.9180936616165525e-05,0.177431004940086,1.0,0.9973231874519632,1.0,0.9749279121818237,-0.22252093395631387,-0.8660254037844384,-0.5000000000000004,0.0
2022-08-17,Kacang Hijau,13000.0,15000.40333598764,Kacang Hijau,Q2-2022,2022.0,7492.0257,14.32212424,10730.17229,17,8,2022,5.9180936616165525e-05,0.17755000756207906,1.0,0.9973231874519632,1.0,0.43388373911755707,-0.9009688679024196,-0.8660254037844384,-0.5000000000000004,0.0
2022-08-18,Kacang Hijau,13000.0,15000.0,Kacang Hijau,Q2-2022,2022.0,7492.0257,14.32212424,10730.17229,18,8,2022,5.9180936616165525e-05,0.177431004940086,1.0,0.9973231874519632,1.0,-0.43388373911755757,-0.9009688679024194,-0.8660254037844384,-0.5000000000000004,0.0
2022-08-19,Kacang Hijau,13000.0,15000.0,Kacang Hijau,Q2-2022,2022.0,7492.0257,14.32212424,10730.17229,19,8,2022,5.9180936616165525e-05,0.177431004940086,1.0,0.9973231874519632,1.0,-0.9749279121818235,-0.22252093395631506,-0.8660254037844384,-0.5000000000000004,0.0
2022-08-20,Kacang Hijau,13000.0,14999.94618969777,Kacang Hijau,Q2-2022,2022.0,7492.0257,14.32212424,10730.17229,20,8,2022,5.9180936616165525e-05,0.1774151284320329,1.0,0.9973231874519632,1.0,-0.7818314824680302,0.6234898018587329,-0.8660254037844384,-0.5000000000000004,0.0
2022-08-21,Kacang Hijau,13000.0,14999.850936785611,Kacang Hijau,Q2-2022,2022.0,7492.0257,14.32212424,10730.17229,21,8,2022,5.9180936616165525e-05,0.1773870244526048,1.0,0.9973231874519632,1.0,-7.347880794884119e-16,1.0,-0.8660254037844384,-0.5000000000000004,0.0
2022-08-22,Kacang Hijau,13000.0,15000.0,Kacang Hijau,Q2-2022,2022.0,7492.0257,14.32212424,10730.17229,22,8,2022,5.9180936616165525e-05,0.177431004940086,1.0,0.9973231874519632,1.0,0.7818314824680271,0.6234898018587369,-0.8660254037844384,-0.5000000000000004,0.0
2022-08-23,Kacang Hijau,13000.0,15000.0,Kacang Hijau,Q2-2022,2022.0,7492.0257,14.32212424,10730.17229,23,8,2022,5.9180936616165525e-05,0.177431004940086,1.0,0.9973231874519632,1.0,0.9749279121818238,-0.22252093395631362,-0.8660254037844384,-0.5000000000000004,0.0
2022-08-24,Kacang Hijau,13000.0,15000.0,Kacang Hijau,Q2-2022,2022.0,7492.0257,14.32212424,10730.17229,24,8,2022,5.9180936616165525e-05,0.177431004940086,1.0,0.9973231874519632,1.0,0.4338837391175589,-0.9009688679024188,-0.8660254037844384,-0.5000000000000004,0.0
2022-08-25,Kacang Hijau,13000.0,15000.0,Kacang Hijau,Q2-2022,2022.0,7492.0257,14.32212424,10730.17229,25,8,2022,5.9180936616165525e-05,0.177431004940086,1.0,0.9973231874519632,1.0,-0.43388373911755734,-0.9009688679024195,-0.8660254037844384,-0.5000000000000004,0.0
2022-08-26,Kacang Hijau,13000.0,15000.0,Kacang Hijau,Q2-2022,2022.0,7492.0257,14.32212424,10730.17229,26,8,2022,5.9180936616165525e-05,0.177431004940086,1.0,0.9973231874519632,1.0,-0.9749279121818242,-0.22252093395631184,-0.8660254037844384,-0.5000000000000004,0.0
2022-08-27,Kacang Hijau,13000.0,14999.745869059996,Kacang Hijau,Q2-2022,2022.0,7492.0257,14.32212424,10730.17229,27,8,2022,5.9180936616165525e-05,0.17735602465288913,1.0,0.9973231874519632,1.0,-0.7818314824680304,0.6234898018587328,-0.8660254037844384,-0.5000000000000004,0.0
2022-08-28,Kacang Hijau,13000.0,14999.812721052966,Kacang Hijau,Q2-2022,2022.0,7492.0257,14.32212424,10730.17229,28,8,2022,5.9180936616165525e-05,0.17737574905808096,1.0,0.9973231874519632,1.0,-9.797174393178826e-16,1.0,-0.8660254037844384,-0.5000000000000004,0.0
2022-08-29,Kacang Hijau,13000.0,15000.0,Kacang Hijau,Q2-2022,2022.0,7492.0257,14.32212424,10730.17229,29,8,2022,5.9180936616165525e-05,0.177431004940086,1.0,0.9973231874519632,1.0,0.7818314824680291,0.6234898018587344,-0.8660254037844384,-0.5000000000000004,0.0
2022-08-30,Kacang Hijau,13000.0,15000.0,Kacang Hijau,Q2-2022,2022.0,7492.0257,14.32212424,10730.17229,30,8,2022,5.9180936616165525e-05,0.177431004940086,1.0,0.9973231874519632,1.0,0.9749279121818246,-0.22252093395630992,-0.8660254037844384,-0.5000000000000004,0.0
2022-08-31,Kacang Hijau,13000.0,15000.0,Kacang Hijau,Q2-2022,2022.0,7492.0257,14.32212424,10730.17229,31,8,2022,5.9180936616165525e-05,0.177431004940086,1.0,0.9973231874519632,1.0,0.4338837391175591,-0.9009688679024187,-0.8660254037844384,-0.5000000000000004,0.0
2022-09-01,Kacang Hijau,13000.0,15000.0,Kacang Hijau,Q3-2022,2022.0,1067.6872999999998,14.206790550000001,1516.840984,1,9,2022,5.9180936616165525e-05,0.177431004940086,0.1425098288170581,0.9892919093116616,0.1413622207551711,0.7818314824680298,0.6234898018587336,-1.0,-1.8369701987210297e-16,0.0
2022-09-02,Kacang Hijau,13000.0,15000.0,Kacang Hijau,Q3-2022,2022.0,1067.6872999999998,14.206790550000001,1516.840984,2,9,2022,5.9180936616165525e-05,0.177431004940086,0.1425098288170581,0.9892919093116616,0.1413622207551711,0.9749279121818236,-0.22252093395631434,-1.0,-1.8369701987210297e-16,0.0
2022-09-03,Kacang Hijau,13000.0,14999.885641517343,Kacang Hijau,Q3-2022,2022.0,1067.6872999999998,14.206790550000001,1516.840984,3,9,2022,5.9180936616165525e-05,0.17739726394076882,0.1425098288170581,0.9892919093116616,0.1413622207551711,0.43388373911755823,-0.900968867902419,-1.0,-1.8369701987210297e-16,0.0
2022-09-04,Kacang Hijau,13000.0,15000.79128868092,Kacang Hijau,Q3-2022,2022.0,1067.6872999999998,14.206790550000001,1516.840984,4,9,2022,5.9180936616165525e-05,0.1776644714064286,0.1425098288170581,0.9892919093116616,0.1413622207551711,-0.433883739117558,-0.9009688679024191,-1.0,-1.8369701987210297e-16,0.0
2022-09-05,Kacang Hijau,13000.0,15000.0,Kacang Hijau,Q3-2022,2022.0,1067.6872999999998,14.206790550000001,1516.840984,5,9,2022,5.9180936616165525e-05,0.177431004940086,0.1425098288170581,0.9892919093116616,0.1413622207551711,-0.9749279121818236,-0.2225209339563146,-1.0,-1.8369701987210297e-16,0.0
2022-09-06,Kacang Hijau,13000.0,15000.0,Kacang Hijau,Q3-2022,2022.0,1067.6872999999998,14.206790550000001,1516.840984,6,9,2022,5.9180936616165525e-05,0.177431004940086,0.1425098288170581,0.9892919093116616,0.1413622207551711,-0.7818314824680299,0.6234898018587334,-1.0,-1.8369701987210297e-16,0.0
2022-09-07,Kacang Hijau,13000.0,15000.0,Kacang Hijau,Q3-2022,2022.0,1067.6872999999998,14.206790550000001,1516.840984,7,9,2022,5.9180936616165525e-05,0.177431004940086,0.1425098288170581,0.9892919093116616,0.1413622207551711,-2.4492935982947064e-16,1.0,-1.0,-1.8369701987210297e-16,0.0
2022-09-08,Kacang Hijau,13000.0,15000.0,Kacang Hijau,Q3-2022,2022.0,1067.6872999999998,14.206790550000001,1516.840984,8,9,2022,5.9180936616165525e-05,0.177431004940086,0.1425098288170581,0.9892919093116616,0.1413622207551711,0.7818314824680296,0.6234898018587337,-1.0,-1.8369701987210297e-16,0.0
2022-09-09,Kacang Hijau,13000.0,15000.0,Kacang Hijau,Q3-2022,2022.0,1067.6872999999998,14.206790550000001,1516.840984,9,9,2022,5.9180936616165525e-05,0.177431004940086,0.1425098288170581,0.9892919093116616,0.1413622207551711,0.9749279121818237,-0.2225209339563141,-1.0,-1.8369701987210297e-16,0.0
2022-09-10,Kacang Hijau,13000.0,15000.473497425015,Kacang Hijau,Q3-2022,2022.0,1067.6872999999998,14.206790550000001,1516.840984,10,9,2022,5.9180936616165525e-05,0.17757070840521294,0.1425098288170581,0.9892919093116616,0.1413622207551711,0.43388373911755845,-0.9009688679024189,-1.0,-1.8369701987210297e-16,0.0
2022-09-11,Kacang Hijau,13000.0,15000.49446588631,Kacang Hijau,Q3-2022,2022.0,1067.6872999999998,14.206790550000001,1516.840984,11,9,2022,5.9180936616165525e-05,0.17757689506335872,0.1425098288170581,0.9892919093116616,0.1413622207551711,-0.4338837391175562,-0.90096886790242,-1.0,-1.8369701987210297e-16,0.0
2022-09-12,Kacang Hijau,13000.0,15000.0,Kacang Hijau,Q3-2022,2022.0,1067.6872999999998,14.206790550000001,1516.840984,12,9,2022,5.9180936616165525e-05,0.177431004940086,0.1425098288170581,0.9892919093116616,0.1413622207551711,-0.9749279121818235,-0.2225209339563148,-1.0,-1.8369701987210297e-16,0.0
2022-09-13,Kacang Hijau,13000.0,15000.0,Kacang Hijau,Q3-2022,2022.0,1067.6872999999998,14.206790550000001,1516.840984,13,9,2022,5.9180936616165525e-05,0.177431004940086,0.1425098288170581,0.9892919093116616,0.1413622207551711,-0.781831482468029,0.6234898018587346,-1.0,-1.8369701987210297e-16,0.0
2022-09-14,Kacang Hijau,13000.0,15000.0,Kacang Hijau,Q3-2022,2022.0,1067.6872999999998,14.206790550000001,1516.840984,14,9,2022,5.9180936616165525e-05,0.177431004940086,0.1425098288170581,0.9892919093116616,0.1413622207551711,-4.898587196589413e-16,1.0,-1.0,-1.8369701987210297e-16,0.0
2022-09-15,Kacang Hijau,13000.0,15000.0,Kacang Hijau,Q3-2022,2022.0,1067.6872999999998,14.206790550000001,1516.840984,15,9,2022,5.9180936616165525e-05,0.177431004940086,0.1425098288170581,0.9892919093116616,0.1413622207551711,0.7818314824680284,0.6234898018587354,-1.0,-1.8369701987210297e-16,0.0
2022-09-16,Kacang Hijau,13000.0,15000.0,Kacang Hijau,Q3-2022,2022.0,1067.6872999999998,14.206790550000001,1516.840984,16,9,2022,5.9180936616165525e-05,0.177431004940086,0.1425098288170581,0.9892919093116616,0.1413622207551711,0.9749279121818237,-0.22252093395631387,-1.0,-1.8369701987210297e-16,0.0
2022-09-17,Kacang Hijau,13003.692941710988,14997.361038255014,Kacang Hijau,Q3-2022,2022.0,1067.6872999999998,14.206790550000001,1516.840984,17,9,2022,0.0019055425162353146,0.17665239014592693,0.1425098288170581,0.9892919093116616,0.1413622207551711,0.43388373911755707,-0.9009688679024196,-1.0,-1.8369701987210297e-16,0.0
2022-09-18,Kacang Hijau,13003.799692899554,14997.278528421768,Kacang Hijau,Q3-2022,2022.0,1067.6872999999998,14.206790550000001,1516.840984,18,9,2022,0.001958914951701196,0.1766280459594487,0.1425098288170581,0.9892919093116616,0.1413622207551711,-0.43388373911755757,-0.9009688679024194,-1.0,-1.8369701987210297e-16,0.0
2022-09-19,Kacang Hijau,13000.0,15000.0,Kacang Hijau,Q3-2022,2022.0,1067.6872999999998,14.206790550000001,1516.840984,19,9,2022,5.9180936616165525e-05,0.177431004940086,0.1425098288170581,0.9892919093116616,0.1413622207551711,-0.9749279121818235,-0.22252093395631506,-1.0,-1.8369701987210297e-16,0.0
2022-09-20,Kacang Hijau,13000.0,15000.0,Kacang Hijau,Q3-2022,2022.0,1067.6872999999998,14.206790550000001,1516.840984,20,9,2022,5.9180936616165525e-05,0.177431004940086,0.1425098288170581,0.9892919093116616,0.1413622207551711,-0.7818314824680302,0.6234898018587329,-1.0,-1.8369701987210297e-16,0.0
2022-09-21,Kacang Hijau,13000.0,15000.0,Kacang Hijau,Q3-2022,2022.0,1067.6872999999998,14.206790550000001,1516.840984,21,9,2022,5.9180936616165525e-05,0.177431004940086,0.1425098288170581,0.9892919093116616,0.1413622207551711,-7.347880794884119e-16,1.0,-1.0,-1.8369701987210297e-16,0.0
2022-09-22,Kacang Hijau,13000.0,15000.0,Kacang Hijau,Q3-2022,2022.0,1067.6872999999998,14.206790550000001,1516.840984,22,9,2022,5.9180936616165525e-05,0.177431004940086,0.1425098288170581,0.9892919093116616,0.1413622207551711,0.7818314824680271,0.6234898018587369,-1.0,-1.8369701987210297e-16,0.0
2022-09-23,Kacang Hijau,13000.0,15000.0,Kacang Hijau,Q3-2022,2022.0,1067.6872999999998,14.206790550000001,1516.840984,23,9,2022,5.9180936616165525e-05,0.177431004940086,0.1425098288170581,0.9892919093116616,0.1413622207551711,0.9749279121818238,-0.22252093395631362,-1.0,-1.8369701987210297e-16,0.0
2022-09-24,Kacang Hijau,13004.218747788744,14999.278787907539,Kacang Hijau,Q3-2022,2022.0,1067.6872999999998,14.206790550000001,1516.840984,24,9,2022,0.0021684299962654308,0.17721821428255424,0.1425098288170581,0.9892919093116616,0.1413622207551711,0.4338837391175589,-0.9009688679024188,-1.0,-1.8369701987210297e-16,0.0
2022-09-25,Kacang Hijau,13004.257651113183,14999.346535599992,Kacang Hijau,Q3-2022,2022.0,1067.6872999999998,14.206790550000001,1516.840984,25,9,2022,0.002187880507316997,0.17723820296019,0.1425098288170581,0.9892919093116616,0.1413622207551711,-0.43388373911755734,-0.9009688679024195,-1.0,-1.8369701987210297e-16,0.0
2022-09-26,Kacang Hijau,13000.0,15000.0,Kacang Hijau,Q3-2022,2022.0,1067.6872999999998,14.206790550000001,1516.840984,26,9,2022,5.9180936616165525e-05,0.177431004940086,0.1425098288170581,0.9892919093116616,0.1413622207551711,-0.9749279121818242,-0.22252093395631184,-1.0,-1.8369701987210297e-16,0.0
2022-09-27,Kacang Hijau,13000.0,15000.0,Kacang Hijau,Q3-2022,2022.0,1067.6872999999998,14.206790550000001,1516.840984,27,9,2022,5.9180936616165525e-05,0.177431004940086,0.1425098288170581,0.9892919093116616,0.1413622207551711,-0.7818314824680304,0.6234898018587328,-1.0,-1.8369701987210297e-16,0.0
2022-09-28,Kacang Hijau,13000.0,15000.0,Kacang Hijau,Q3-2022,2022.0,1067.6872999999998,14.206790550000001,1516.840984,28,9,2022,5.9180936616165525e-05,0.177431004940086,0.1425098288170581,0.9892919093116616,0.1413622207551711,-9.797174393178826e-16,1.0,-1.0,-1.8369701987210297e-16,0.0
2022-09-29,Kacang Hijau,13000.0,15000.0,Kacang Hijau,Q3-2022,2022.0,1067.6872999999998,14.206790550000001,1516.840984,29,9,2022,5.9180936616165525e-05,0.177431004940086,0.1425098288170581,0.9892919093116616,0.1413622207551711,0.7818314824680291,0.6234898018587344,-1.0,-1.8369701987210297e-16,0.0
2022-09-30,Kacang Hijau,13000.0,15000.0,Kacang Hijau,Q3-2022,2022.0,1067.6872999999998,14.206790550000001,1516.840984,30,9,2022,5.9180936616165525e-05,0.177431004940086,0.1425098288170581,0.9892919093116616,0.1413622207551711,0.9749279121818246,-0.22252093395630992,-1.0,-1.8369701987210297e-16,0.0
2022-10-01,Kacang Hijau,13004.397821562605,14999.636897269567,Kacang Hijau,Q3-2022,2022.0,1067.6872999999998,14.206790550000001,1516.840984,1,10,2022,0.0022579615843190126,0.17732387297492913,0.1425098288170581,0.9892919093116616,0.1413622207551711,0.7818314824680298,0.6234898018587336,-0.8660254037844386,0.5000000000000001,0.0
2022-10-02,Kacang Hijau,13004.41259818788,14999.657288585377,Kacang Hijau,Q3-2022,2022.0,1067.6872999999998,14.206790550000001,1516.840984,2,10,2022,0.002265349459709576,0.17732988934867588,0.1425098288170581,0.9892919093116616,0.1413622207551711,0.9749279121818236,-0.22252093395631434,-0.8660254037844386,0.5000000000000001,0.0
2022-10-03,Kacang Hijau,13000.0,15000.0,Kacang Hijau,Q3-2022,2022.0,1067.6872999999998,14.206790550000001,1516.840984,3,10,2022,5.9180936616165525e-05,0.177431004940086,0.1425098288170581,0.9892919093116616,0.1413622207551711,0.43388373911755823,-0.900968867902419,-0.8660254037844386,0.5000000000000001,0.0
2022-10-04,Kacang Hijau,13000.0,15000.0,Kacang Hijau,Q3-2022,2022.0,1067.6872999999998,14.206790550000001,1516.840984,4,10,2022,5.9180936616165525e-05,0.177431004940086,0.1425098288170581,0.9892919093116616,0.1413622207551711,-0.433883739117558,-0.9009688679024191,-0.8660254037844386,0.5000000000000001,0.0
2022-10-05,Kacang Hijau,13000.0,15000.0,Kacang Hijau,Q3-2022,2022.0,1067.6872999999998,14.206790550000001,1516.840984,5,10,2022,5.9180936616165525e-05,0.177431004940086,0.1425098288170581,0.9892919093116616,0.1413622207551711,-0.9749279121818236,-0.2225209339563146,-0.8660254037844386,0.5000000000000001,0.0
2022-10-06,Kacang Hijau,13000.0,15000.0,Kacang Hijau,Q3-2022,2022.0,1067.6872999999998,14.206790550000001,1516.840984,6,10,2022,5.9180936616165525e-05,0.177431004940086,0.1425098288170581,0.9892919093116616,0.1413622207551711,-0.7818314824680299,0.6234898018587334,-0.8660254037844386,0.5000000000000001,0.0
2022-10-07,Kacang Hijau,13000.0,15000.0,Kacang Hijau,Q3-2022,2022.0,1067.6872999999998,14.206790550000001,1516.840984,7,10,2022,5.9180936616165525e-05,0.177431004940086,0.1425098288170581,0.9892919093116616,0.1413622207551711,-2.4492935982947064e-16,1.0,-0.8660254037844386,0.5000000000000001,0.0
2022-10-08,Kacang Hijau,13004.47463455751,14964.991599301224,Kacang Hijau,Q3-2022,2022.0,1067.6872999999998,14.206790550000001,1516.840984,8,10,2022,0.0022963658088386296,0.16710192049780215,0.1425098288170581,0.9892919093116616,0.1413622207551711,0.7818314824680296,0.6234898018587337,-0.8660254037844386,0.5000000000000001,0.0
2022-10-09,Kacang Hijau,13004.4794236861,14999.416229273449,Kacang Hijau,Q3-2022,2022.0,1067.6872999999998,14.206790550000001,1516.840984,9,10,2022,0.002298760231421504,0.1772587657915068,0.1425098288170581,0.9892919093116616,0.1413622207551711,0.9749279121818237,-0.2225209339563141,-0.8660254037844386,0.5000000000000001,0.0
2022-10-10,Kacang Hijau,13000.0,15000.0,Kacang Hijau,Q3-2022,2022.0,1067.6872999999998,14.206790550000001,1516.840984,10,10,2022,5.9180936616165525e-05,0.177431004940086,0.1425098288170581,0.9892919093116616,0.1413622207551711,0.43388373911755845,-0.9009688679024189,-0.8660254037844386,0.5000000000000001,0.0
2022-10-11,Kacang Hijau,13000.0,15000.0,Kacang Hijau,Q3-2022,2022.0,1067.6872999999998,14.206790550000001,1516.840984,11,10,2022,5.9180936616165525e-05,0.177431004940086,0.1425098288170581,0.9892919093116616,0.1413622207551711,-0.4338837391175562,-0.90096886790242,-0.8660254037844386,0.5000000000000001,0.0
2022-10-12,Kacang Hijau,13000.0,15000.0,Kacang Hijau,Q3-2022,2022.0,1067.6872999999998,14.206790550000001,1516.840984,12,10,2022,5.9180936616165525e-05,0.177431004940086,0.1425098288170581,0.9892919093116616,0.1413622207551711,-0.9749279121818235,-0.2225209339563148,-0.8660254037844386,0.5000000000000001,0.0
2022-10-13,Kacang Hijau,13000.0,15000.0,Kacang Hijau,Q3-2022,2022.0,1067.6872999999998,14.206790550000001,1516.840984,13,10,2022,5.9180936616165525e-05,0.177431004940086,0.1425098288170581,0.9892919093116616,0.1413622207551711,-0.781831482468029,0.6234898018587346,-0.8660254037844386,0.5000000000000001,0.0
2022-10-14,Kacang Hijau,13000.0,15000.0,Kacang Hijau,Q3-2022,2022.0,1067.6872999999998,14.206790550000001,1516.840984,14,10,2022,5.9180936616165525e-05,0.177431004940086,0.1425098288170581,0.9892919093116616,0.1413622207551711,-4.898587196589413e-16,1.0,-0.8660254037844386,0.5000000000000001,0.0
2022-10-15,Kacang Hijau,13002.483931315053,14996.691525310085,Kacang Hijau,Q3-2022,2022.0,1067.6872999999998,14.206790550000001,1516.840984,15,10,2022,0.0013010730934519543,0.17645485310894848,0.1425098288170581,0.9892919093116616,0.1413622207551711,0.7818314824680284,0.6234898018587354,-0.8660254037844386,0.5000000000000001,0.0
2022-10-16,Kacang Hijau,13002.61686674353,14950.07933574959,Kacang Hijau,Q3-2022,2022.0,1067.6872999999998,14.206790550000001,1516.840984,16,10,2022,0.0013675368740688754,0.16270211855381334,0.1425098288170581,0.9892919093116616,0.1413622207551711,0.9749279121818237,-0.22252093395631387,-0.8660254037844386,0.5000000000000001,0.0
2022-10-17,Kacang Hijau,13000.0,15000.0,Kacang Hijau,Q3-2022,2022.0,1067.6872999999998,14.206790550000001,1516.840984,17,10,2022,5.9180936616165525e-05,0.177431004940086,0.1425098288170581,0.9892919093116616,0.1413622207551711,0.43388373911755707,-0.9009688679024196,-0.8660254037844386,0.5000000000000001,0.0
2022-10-18,Kacang Hijau,13000.0,15000.0,Kacang Hijau,Q3-2022,2022.0,1067.6872999999998,14.206790550000001,1516.840984,18,10,2022,5.9180936616165525e-05,0.177431004940086,0.1425098288170581,0.9892919093116616,0.1413622207551711,-0.43388373911755757,-0.9009688679024194,-0.8660254037844386,0.5000000000000001,0.0
2022-10-19,Kacang Hijau,13000.0,15000.0,Kacang Hijau,Q3-2022,2022.0,1067.6872999999998,14.206790550000001,1516.840984,19,10,2022,5.9180936616165525e-05,0.177431004940086,0.1425098288170581,0.9892919093116616,0.1413622207551711,-0.9749279121818235,-0.22252093395631506,-0.8660254037844386,0.5000000000000001,0.0
2022-10-20,Kacang Hijau,13000.0,15000.0,Kacang Hijau,Q3-2022,2022.0,1067.6872999999998,14.206790550000001,1516.840984,20,10,2022,5.9180936616165525e-05,0.177431004940086,0.1425098288170581,0.9892919093116616,0.1413622207551711,-0.7818314824680302,0.6234898018587329,-0.8660254037844386,0.5000000000000001,0.0
2022-10-21,Kacang Hijau,13000.0,15000.0,Kacang Hijau,Q3-2022,2022.0,1067.6872999999998,14.206790550000001,1516.840984,21,10,2022,5.9180936616165525e-05,0.177431004940086,0.1425098288170581,0.9892919093116616,0.1413622207551711,-7.347880794884119e-16,1.0,-0.8660254037844386,0.5000000000000001,0.0
2022-10-22,Kacang Hijau,13003.00307061608,14994.87597700692,Kacang Hijau,Q3-2022,2022.0,1067.6872999999998,14.206790550000001,1516.840984,22,10,2022,0.0015606273823900452,0.17591918305952792,0.1425098288170581,0.9892919093116616,0.1413622207551711,0.7818314824680271,0.6234898018587369,-0.8660254037844386,0.5000000000000001,0.0
2022-10-23,Kacang Hijau,13002.99545753788,14995.409917981171,Kacang Hijau,Q3-2022,2022.0,1067.6872999999998,14.206790550000001,1516.840984,23,10,2022,0.0015568210685650286,0.17607672014491804,0.1425098288170581,0.9892919093116616,0.1413622207551711,0.9749279121818238,-0.22252093395631362,-0.8660254037844386,0.5000000000000001,0.0
2022-10-24,Kacang Hijau,13000.0,15000.0,Kacang Hijau,Q3-2022,2022.0,1067.6872999999998,14.206790550000001,1516.840984,24,10,2022,5.9180936616165525e-05,0.177431004940086,0.1425098288170581,0.9892919093116616,0.1413622207551711,0.4338837391175589,-0.9009688679024188,-0.8660254037844386,0.5000000000000001,0.0
2022-10-25,Kacang Hijau,13000.0,15000.0,Kacang Hijau,Q3-2022,2022.0,1067.6872999999998,14.206790550000001,1516.840984,25,10,2022,5.9180936616165525e-05,0.177431004940086,0.1425098288170581,0.9892919093116616,0.1413622207551711,-0.43388373911755734,-0.9009688679024195,-0.8660254037844386,0.5000000000000001,0.0
2022-10-26,Kacang Hijau,13000.0,15000.0,Kacang Hijau,Q3-2022,2022.0,1067.6872999999998,14.206790550000001,1516.840984,26,10,2022,5.9180936616165525e-05,0.177431004940086,0.1425098288170581,0.9892919093116616,0.1413622207551711,-0.9749279121818242,-0.22252093395631184,-0.8660254037844386,0.5000000000000001,0.0
2022-10-27,Kacang Hijau,13000.0,15000.0,Kacang Hijau,Q3-2022,2022.0,1067.6872999999998,14.206790550000001,1516.840984,27,10,2022,5.9180936616165525e-05,0.177431004940086,0.1425098288170581,0.9892919093116616,0.1413622207551711,-0.7818314824680304,0.6234898018587328,-0.8660254037844386,0.5000000000000001,0.0
2022-10-28,Kacang Hijau,13000.0,15000.0,Kacang Hijau,Q3-2022,2022.0,1067.6872999999998,14.206790550000001,1516.840984,28,10,2022,5.9180936616165525e-05,0.177431004940086,0.1425098288170581,0.9892919093116616,0.1413622207551711,-9.797174393178826e-16,1.0,-0.8660254037844386,0.5000000000000001,0.0
2022-10-29,Kacang Hijau,13002.687508743822,14998.904466658003,Kacang Hijau,Q3-2022,2022.0,1067.6872999999998,14.206790550000001,1516.840984,29,10,2022,0.0014028557838852151,0.17710777233953934,0.1425098288170581,0.9892919093116616,0.1413622207551711,0.7818314824680291,0.6234898018587344,-0.8660254037844386,0.5000000000000001,0.0
2022-10-30,Kacang Hijau,13002.607419505322,14999.433509787945,Kacang Hijau,Q3-2022,2022.0,1067.6872999999998,14.206790550000001,1516.840984,30,10,2022,0.0013628135345129522,0.17726386433613772,0.1425098288170581,0.9892919093116616,0.1413622207551711,0.9749279121818246,-0.22252093395630992,-0.8660254037844386,0.5000000000000001,0.0
2022-10-31,Kacang Hijau,13000.0,15000.0,Kacang Hijau,Q3-2022,2022.0,1067.6872999999998,14.206790550000001,1516.840984,31,10,2022,5.9180936616165525e-05,0.177431004940086,0.1425098288170581,0.9892919093116616,0.1413622207551711,0.4338837391175591,-0.9009688679024187,-0.8660254037844386,0.5000000000000001,0.0
2022-11-01,Kacang Hijau,13000.0,15000.0,Kacang Hijau,Q3-2022,2022.0,1067.6872999999998,14.206790550000001,1516.840984,1,11,2022,5.9180936616165525e-05,0.177431004940086,0.1425098288170581,0.9892919093116616,0.1413622207551711,0.7818314824680298,0.6234898018587336,-0.5000000000000004,0.8660254037844384,0.0
2022-11-02,Kacang Hijau,13000.0,15000.0,Kacang Hijau,Q3-2022,2022.0,1067.6872999999998,14.206790550000001,1516.840984,2,11,2022,5.9180936616165525e-05,0.177431004940086,0.1425098288170581,0.9892919093116616,0.1413622207551711,0.9749279121818236,-0.22252093395631434,-0.5000000000000004,0.8660254037844384,0.0
2022-11-03,Kacang Hijau,13002.215179503957,15001.105550384145,Kacang Hijau,Q3-2022,2022.0,1067.6872999999998,14.206790550000001,1516.840984,3,11,2022,0.0011667051403954076,0.17775719302766202,0.1425098288170581,0.9892919093116616,0.1413622207551711,0.43388373911755823,-0.900968867902419,-0.5000000000000004,0.8660254037844384,0.0
2022-11-04,Kacang Hijau,13002.092587705954,15001.190060901543,Kacang Hijau,Q3-2022,2022.0,1067.6872999999998,14.206790550000001,1516.840984,4,11,2022,0.0011054128689433895,0.17778212750775957,0.1425098288170581,0.9892919093116616,0.1413622207551711,-0.433883739117558,-0.9009688679024191,-0.5000000000000004,0.8660254037844384,0.0
2022-11-05,Kacang Hijau,13000.0,15000.0,Kacang Hijau,Q3-2022,2022.0,1067.6872999999998,14.206790550000001,1516.840984,5,11,2022,5.9180936616165525e-05,0.177431004940086,0.1425098288170581,0.9892919093116616,0.1413622207551711,-0.9749279121818236,-0.2225209339563146,-0.5000000000000004,0.8660254037844384,0.0
2022-11-06,Kacang Hijau,13000.0,15000.0,Kacang Hijau,Q3-2022,2022.0,1067.6872999999998,14.206790550000001,1516.840984,6,11,2022,5.9180936616165525e-05,0.177431004940086,0.1425098288170581,0.9892919093116616,0.1413622207551711,-0.7818314824680299,0.6234898018587334,-0.5000000000000004,0.8660254037844384,0.0
2022-11-07,Kacang Hijau,13000.0,15000.0,Kacang Hijau,Q3-2022,2022.0,1067.6872999999998,14.206790550000001,1516.840984,7,11,2022,5.9180936616165525e-05,0.177431004940086,0.1425098288170581,0.9892919093116616,0.1413622207551711,-2.4492935982947064e-16,1.0,-0.5000000000000004,0.8660254037844384,0.0
2022-11-08,Kacang Hijau,13000.0,15000.0,Kacang Hijau,Q3-2022,2022.0,1067.6872999999998,14.206790550000001,1516.840984,8,11,2022,5.9180936616165525e-05,0.177431004940086,0.1425098288170581,0.9892919093116616,0.1413622207551711,0.7818314824680296,0.6234898018587337,-0.5000000000000004,0.8660254037844384,0.0
2022-11-09,Kacang Hijau,13000.0,15000.0,Kacang Hijau,Q3-2022,2022.0,1067.6872999999998,14.206790550000001,1516.840984,9,11,2022,5.9180936616165525e-05,0.177431004940086,0.1425098288170581,0.9892919093116616,0.1413622207551711,0.9749279121818237,-0.2225209339563141,-0.5000000000000004,0.8660254037844384,0.0
2022-11-10,Kacang Hijau,13001.254166428138,15001.57251625194,Kacang Hijau,Q3-2022,2022.0,1067.6872999999998,14.206790550000001,1516.840984,10,11,2022,0.0006862270393135361,0.17789496938373173,0.1425098288170581,0.9892919093116616,0.1413622207551711,0.43388373911755845,-0.9009688679024189,-0.5000000000000004,0.8660254037844384,0.0
2022-11-11,Kacang Hijau,13001.150202809098,15001.600590367365,Kacang Hijau,Q3-2022,2022.0,1067.6872999999998,14.206790550000001,1516.840984,11,11,2022,0.0006342483061256843,0.17790325253586303,0.1425098288170581,0.9892919093116616,0.1413622207551711,-0.4338837391175562,-0.90096886790242,-0.5000000000000004,0.8660254037844384,0.0
2022-11-12,Kacang Hijau,13000.0,15000.0,Kacang Hijau,Q3-2022,2022.0,1067.6872999999998,14.206790550000001,1516.840984,12,11,2022,5.9180936616165525e-05,0.177431004940086,0.1425098288170581,0.9892919093116616,0.1413622207551711,-0.9749279121818235,-0.2225209339563148,-0.5000000000000004,0.8660254037844384,0.0
2022-11-13,Kacang Hijau,13000.0,15000.0,Kacang Hijau,Q3-2022,2022.0,1067.6872999999998,14.206790550000001,1516.840984,13,11,2022,5.9180936616165525e-05,0.177431004940086,0.1425098288170581,0.9892919093116616,0.1413622207551711,-0.781831482468029,0.6234898018587346,-0.5000000000000004,0.8660254037844384,0.0
2022-11-14,Kacang Hijau,13000.0,15000.0,Kacang Hijau,Q3-2022,2022.0,1067.6872999999998,14.206790550000001,1516.840984,14,11,2022,5.9180936616165525e-05,0.177431004940086,0.1425098288170581,0.9892919093116616,0.1413622207551711,-4.898587196589413e-16,1.0,-0.5000000000000004,0.8660254037844384,0.0
2022-11-15,Kacang Hijau,13000.0,15000.0,Kacang Hijau,Q3-2022,2022.0,1067.6872999999998,14.206790550000001,1516.840984,15,11,2022,5.9180936616165525e-05,0.177431004940086,0.1425098288170581,0.9892919093116616,0.1413622207551711,0.7818314824680284,0.6234898018587354,-0.5000000000000004,0.8660254037844384,0.0
2022-11-16,Kacang Hijau,13000.0,15000.0,Kacang Hijau,Q3-2022,2022.0,1067.6872999999998,14.206790550000001,1516.840984,16,11,2022,5.9180936616165525e-05,0.177431004940086,0.1425098288170581,0.9892919093116616,0.1413622207551711,0.9749279121818237,-0.22252093395631387,-0.5000000000000004,0.8660254037844384,0.0
2022-11-17,Kacang Hijau,13000.144668958445,14926.752564604138,Kacang Hijau,Q3-2022,2022.0,1067.6872999999998,14.206790550000001,1516.840984,17,11,2022,0.0001315111350157494,0.15581965079984883,0.1425098288170581,0.9892919093116616,0.1413622207551711,0.43388373911755707,-0.9009688679024196,-0.5000000000000004,0.8660254037844384,0.0
2022-11-18,Kacang Hijau,13000.16347009643,14590.711202275166,Kacang Hijau,Q3-2022,2022.0,1067.6872999999998,14.206790550000001,1516.840984,18,11,2022,0.0001409111476746716,0.05667203084823669,0.1425098288170581,0.9892919093116616,0.1413622207551711,-0.43388373911755757,-0.9009688679024194,-0.5000000000000004,0.8660254037844384,0.0
2022-11-19,Kacang Hijau,13000.0,15000.0,Kacang Hijau,Q3-2022,2022.0,1067.6872999999998,14.206790550000001,1516.840984,19,11,2022,5.9180936616165525e-05,0.177431004940086,0.1425098288170581,0.9892919093116616,0.1413622207551711,-0.9749279121818235,-0.22252093395631506,-0.5000000000000004,0.8660254037844384,0.0
2022-11-20,Kacang Hijau,13000.0,15000.0,Kacang Hijau,Q3-2022,2022.0,1067.6872999999998,14.206790550000001,1516.840984,20,11,2022,5.9180936616165525e-05,0.177431004940086,0.1425098288170581,0.9892919093116616,0.1413622207551711,-0.7818314824680302,0.6234898018587329,-0.5000000000000004,0.8660254037844384,0.0
2022-11-21,Kacang Hijau,13000.0,15000.0,Kacang Hijau,Q3-2022,2022.0,1067.6872999999998,14.206790550000001,1516.840984,21,11,2022,5.9180936616165525e-05,0.177431004940086,0.1425098288170581,0.9892919093116616,0.1413622207551711,-7.347880794884119e-16,1.0,-0.5000000000000004,0.8660254037844384,0.0
2022-11-22,Kacang Hijau,13000.0,15000.0,Kacang Hijau,Q3-2022,2022.0,1067.6872999999998,14.206790550000001,1516.840984,22,11,2022,5.9180936616165525e-05,0.177431004940086,0.1425098288170581,0.9892919093116616,0.1413622207551711,0.7818314824680271,0.6234898018587369,-0.5000000000000004,0.8660254037844384,0.0
2022-11-23,Kacang Hijau,13000.0,15000.0,Kacang Hijau,Q3-2022,2022.0,1067.6872999999998,14.206790550000001,1516.840984,23,11,2022,5.9180936616165525e-05,0.177431004940086,0.1425098288170581,0.9892919093116616,0.1413622207551711,0.9749279121818238,-0.22252093395631362,-0.5000000000000004,0.8660254037844384,0.0
2022-11-24,Kacang Hijau,13000.200142912705,15319.406282642956,Kacang Hijau,Q3-2022,2022.0,1067.6872999999998,14.206790550000001,1516.840984,24,11,2022,0.00015924647064569086,0.2716705131427659,0.1425098288170581,0.9892919093116616,0.1413622207551711,0.4338837391175589,-0.9009688679024188,-0.5000000000000004,0.8660254037844384,0.0
2022-11-25,Kacang Hijau,13000.198315208783,15311.315151994906,Kacang Hijau,Q3-2022,2022.0,1067.6872999999998,14.206790550000001,1516.840984,25,11,2022,0.00015833267276743612,0.2692832583687945,0.1425098288170581,0.9892919093116616,0.1413622207551711,-0.43388373911755734,-0.9009688679024195,-0.5000000000000004,0.8660254037844384,0.0
2022-11-26,Kacang Hijau,13000.0,15000.0,Kacang Hijau,Q3-2022,2022.0,1067.6872999999998,14.206790550000001,1516.840984,26,11,2022,5.9180936616165525e-05,0.177431004940086,0.1425098288170581,0.9892919093116616,0.1413622207551711,-0.9749279121818242,-0.22252093395631184,-0.5000000000000004,0.8660254037844384,0.0
2022-11-27,Kacang Hijau,13000.0,15000.0,Kacang Hijau,Q3-2022,2022.0,1067.6872999999998,14.206790550000001,1516.840984,27,11,2022,5.9180936616165525e-05,0.177431004940086,0.1425098288170581,0.9892919093116616,0.1413622207551711,-0.7818314824680304,0.6234898018587328,-0.5000000000000004,0.8660254037844384,0.0
2022-11-28,Kacang Hijau,13000.0,15000.0,Kacang Hijau,Q3-2022,2022.0,1067.6872999999998,14.206790550000001,1516.840984,28,11,2022,5.9180936616165525e-05,0.177431004940086,0.1425098288170581,0.9892919093116616,0.1413622207551711,-9.797174393178826e-16,1.0,-0.5000000000000004,0.8660254037844384,0.0
2022-11-29,Kacang Hijau,13000.0,15000.0,Kacang Hijau,Q3-2022,2022.0,1067.6872999999998,14.206790550000001,1516.840984,29,11,2022,5.9180936616165525e-05,0.177431004940086,0.1425098288170581,0.9892919093116616,0.1413622207551711,0.7818314824680291,0.6234898018587344,-0.5000000000000004,0.8660254037844384,0.0
2022-11-30,Kacang Hijau,13000.0,15000.0,Kacang Hijau,Q3-2022,2022.0,1067.6872999999998,14.206790550000001,1516.840984,30,11,2022,5.9180936616165525e-05,0.177431004940086,0.1425098288170581,0.9892919093116616,0.1413622207551711,0.9749279121818246,-0.22252093395630992,-0.5000000000000004,0.8660254037844384,0.0
2022-12-01,Kacang Hijau,13000.0,15000.0,Kacang Hijau,Q3-2022,2022.0,1067.6872999999998,14.206790550000001,1516.840984,1,12,2022,5.9180936616165525e-05,0.177431004940086,0.1425098288170581,0.9892919093116616,0.1413622207551711,0.7818314824680298,0.6234898018587336,-2.4492935982947064e-16,1.0,0.0
2022-12-02,Kacang Hijau,13000.0,15000.0,Kacang Hijau,Q3-2022,2022.0,1067.6872999999998,14.206790550000001,1516.840984,2,12,2022,5.9180936616165525e-05,0.177431004940086,0.1425098288170581,0.9892919093116616,0.1413622207551711,0.9749279121818236,-0.22252093395631434,-2.4492935982947064e-16,1.0,0.0
2022-12-03,Kacang Hijau,13000.177193078789,15084.407822824984,Kacang Hijau,Q3-2022,2022.0,1067.6872999999998,14.206790550000001,1516.840984,3,12,2022,0.00014777223278450435,0.20233518542665863,0.1425098288170581,0.9892919093116616,0.1413622207551711,0.43388373911755823,-0.900968867902419,-2.4492935982947064e-16,1.0,0.0
2022-12-04,Kacang Hijau,13000.174943346843,15089.05367047365,Kacang Hijau,Q3-2022,2022.0,1067.6872999999998,14.206790550000001,1516.840984,4,12,2022,0.0001466474333824408,0.20370592364123574,0.1425098288170581,0.9892919093116616,0.1413622207551711,-0.433883739117558,-0.9009688679024191,-2.4492935982947064e-16,1.0,0.0
2022-12-05,Kacang Hijau,13000.0,15000.0,Kacang Hijau,Q3-2022,2022.0,1067.6872999999998,14.206790550000001,1516.840984,5,12,2022,5.9180936616165525e-05,0.177431004940086,0.1425098288170581,0.9892919093116616,0.1413622207551711,-0.9749279121818236,-0.2225209339563146,-2.4492935982947064e-16,1.0,0.0
2022-12-06,Kacang Hijau,13000.0,15000.0,Kacang Hijau,Q3-2022,2022.0,1067.6872999999998,14.206790550000001,1516.840984,6,12,2022,5.9180936616165525e-05,0.177431004940086,0.1425098288170581,0.9892919093116616,0.1413622207551711,-0.7818314824680299,0.6234898018587334,-2.4492935982947064e-16,1.0,0.0
2022-12-07,Kacang Hijau,13000.0,15000.0,Kacang Hijau,Q3-2022,2022.0,1067.6872999999998,14.206790550000001,1516.840984,7,12,2022,5.9180936616165525e-05,0.177431004940086,0.1425098288170581,0.9892919093116616,0.1413622207551711,-2.4492935982947064e-16,1.0,-2.4492935982947064e-16,1.0,0.0
2022-12-08,Kacang Hijau,13000.0,15000.0,Kacang Hijau,Q3-2022,2022.0,1067.6872999999998,14.206790550000001,1516.840984,8,12,2022,5.9180936616165525e-05,0.177431004940086,0.1425098288170581,0.9892919093116616,0.1413622207551711,0.7818314824680296,0.6234898018587337,-2.4492935982947064e-16,1.0,0.0
2022-12-09,Kacang Hijau,13000.0,15000.0,Kacang Hijau,Q3-2022,2022.0,1067.6872999999998,14.206790550000001,1516.840984,9,12,2022,5.9180936616165525e-05,0.177431004940086,0.1425098288170581,0.9892919093116616,0.1413622207551711,0.9749279121818237,-0.2225209339563141,-2.4492935982947064e-16,1.0,0.0
2022-12-10,Kacang Hijau,13000.150389873088,15118.791760556971,Kacang Hijau,Q3-2022,2022.0,1067.6872999999998,14.206790550000001,1516.840984,10,12,2022,0.0001343714230532811,0.21248002464247406,0.1425098288170581,0.9892919093116616,0.1413622207551711,0.43388373911755845,-0.9009688679024189,-2.4492935982947064e-16,1.0,0.0
2022-12-11,Kacang Hijau,13000.143646182121,15122.441574468188,Kacang Hijau,Q3-2022,2022.0,1067.6872999999998,14.206790550000001,1516.840984,11,12,2022,0.00013099977711927835,0.21355688720503263,0.1425098288170581,0.9892919093116616,0.1413622207551711,-0.4338837391175562,-0.90096886790242,-2.4492935982947064e-16,1.0,0.0
2022-12-12,Kacang Hijau,13000.0,15000.0,Kacang Hijau,Q3-2022,2022.0,1067.6872999999998,14.206790550000001,1516.840984,12,12,2022,5.9180936616165525e-05,0.177431004940086,0.1425098288170581,0.9892919093116616,0.1413622207551711,-0.9749279121818235,-0.2225209339563148,-2.4492935982947064e-16,1.0,0.0
2022-12-13,Kacang Hijau,13000.0,15000.0,Kacang Hijau,Q3-2022,2022.0,1067.6872999999998,14.206790550000001,1516.840984,13,12,2022,5.9180936616165525e-05,0.177431004940086,0.1425098288170581,0.9892919093116616,0.1413622207551711,-0.781831482468029,0.6234898018587346,-2.4492935982947064e-16,1.0,0.0
2022-12-14,Kacang Hijau,13000.0,15000.0,Kacang Hijau,Q3-2022,2022.0,1067.6872999999998,14.206790550000001,1516.840984,14,12,2022,5.9180936616165525e-05,0.177431004940086,0.1425098288170581,0.9892919093116616,0.1413622207551711,-4.898587196589413e-16,1.0,-2.4492935982947064e-16,1.0,0.0
2022-12-15,Kacang Hijau,13000.0,15000.0,Kacang Hijau,Q3-2022,2022.0,1067.6872999999998,14.206790550000001,1516.840984,15,12,2022,5.9180936616165525e-05,0.177431004940086,0.1425098288170581,0.9892919093116616,0.1413622207551711,0.7818314824680284,0.6234898018587354,-2.4492935982947064e-16,1.0,0.0
2022-12-16,Kacang Hijau,13000.0,15000.0,Kacang Hijau,Q3-2022,2022.0,1067.6872999999998,14.206790550000001,1516.840984,16,12,2022,5.9180936616165525e-05,0.177431004940086,0.1425098288170581,0.9892919093116616,0.1413622207551711,0.9749279121818237,-0.22252093395631387,-2.4492935982947064e-16,1.0,0.0
2022-12-17,Kacang Hijau,12999.881631121587,15000.544967973008,Kacang Hijau,Q3-2022,2022.0,1067.6872999999998,14.206790550000001,1516.840984,17,12,2022,0.0,0.17759179549604376,0.1425098288170581,0.9892919093116616,0.1413622207551711,0.43388373911755707,-0.9009688679024196,-2.4492935982947064e-16,1.0,0.0
2022-12-18,Kacang Hijau,12999.909274972839,14398.632497193941,Kacang Hijau,Q3-2022,2022.0,1067.6872999999998,14.206790550000001,1516.840984,18,12,2022,1.3821107631706298e-05,0.0,0.1425098288170581,0.9892919093116616,0.1413622207551711,-0.43388373911755757,-0.9009688679024194,-2.4492935982947064e-16,1.0,0.0
2022-12-19,Kacang Hijau,13000.0,15000.0,Kacang Hijau,Q3-2022,2022.0,1067.6872999999998,14.206790550000001,1516.840984,19,12,2022,5.9180936616165525e-05,0.177431004940086,0.1425098288170581,0.9892919093116616,0.1413622207551711,-0.9749279121818235,-0.22252093395631506,-2.4492935982947064e-16,1.0,0.0
2022-12-20,Kacang Hijau,13000.0,15000.0,Kacang Hijau,Q3-2022,2022.0,1067.6872999999998,14.206790550000001,1516.840984,20,12,2022,5.9180936616165525e-05,0.177431004940086,0.1425098288170581,0.9892919093116616,0.1413622207551711,-0.7818314824680302,0.6234898018587329,-2.4492935982947064e-16,1.0,0.0
2022-12-21,Kacang Hijau,13000.0,15000.0,Kacang Hijau,Q3-2022,2022.0,1067.6872999999998,14.206790550000001,1516.840984,21,12,2022,5.9180936616165525e-05,0.177431004940086,0.1425098288170581,0.9892919093116616,0.1413622207551711,-7.347880794884119e-16,1.0,-2.4492935982947064e-16,1.0,0.0
2022-12-22,Kacang Hijau,13000.0,15000.0,Kacang Hijau,Q3-2022,2022.0,1067.6872999999998,14.206790550000001,1516.840984,22,12,2022,5.9180936616165525e-05,0.177431004940086,0.1425098288170581,0.9892919093116616,0.1413622207551711,0.7818314824680271,0.6234898018587369,-2.4492935982947064e-16,1.0,0.0
2022-12-23,Kacang Hijau,13000.0,15000.0,Kacang Hijau,Q3-2022,2022.0,1067.6872999999998,14.206790550000001,1516.840984,23,12,2022,5.9180936616165525e-05,0.177431004940086,0.1425098288170581,0.9892919093116616,0.1413622207551711,0.9749279121818238,-0.22252093395631362,-2.4492935982947064e-16,1.0,0.0
2022-12-24,Kacang Hijau,13000.01121188259,15866.335258789213,Kacang Hijau,Q3-2022,2022.0,1067.6872999999998,14.206790550000001,1516.840984,24,12,2022,6.478654614561208e-05,0.4330396549997353,0.1425098288170581,0.9892919093116616,0.1413622207551711,0.4338837391175589,-0.9009688679024188,-2.4492935982947064e-16,1.0,0.0
2022-12-25,Kacang Hijau,13000.02004546309,15894.914001936624,Kacang Hijau,Q3-2022,2022.0,1067.6872999999998,14.206790550000001,1516.840984,25,12,2022,6.920307500646317e-05,0.4414716954623632,0.1425098288170581,0.9892919093116616,0.1413622207551711,-0.43388373911755734,-0.9009688679024195,-2.4492935982947064e-16,1.0,0.0
2022-12-26,Kacang Hijau,13000.0,15000.0,Kacang Hijau,Q3-2022,2022.0,1067.6872999999998,14.206790550000001,1516.840984,26,12,2022,5.9180936616165525e-05,0.177431004940086,0.1425098288170581,0.9892919093116616,0.1413622207551711,-0.9749279121818242,-0.22252093395631184,-2.4492935982947064e-16,1.0,0.0
2022-12-27,Kacang Hijau,13000.0,15000.0,Kacang Hijau,Q3-2022,2022.0,1067.6872999999998,14.206790550000001,1516.840984,27,12,2022,5.9180936616165525e-05,0.177431004940086,0.1425098288170581,0.9892919093116616,0.1413622207551711,-0.7818314824680304,0.6234898018587328,-2.4492935982947064e-16,1.0,0.0
2022-12-28,Kacang Hijau,13000.0,15000.0,Kacang Hijau,Q3-2022,2022.0,1067.6872999999998,14.206790550000001,1516.840984,28,12,2022,5.9180936616165525e-05,0.177431004940086,0.1425098288170581,0.9892919093116616,0.1413622207551711,-9.797174393178826e-16,1.0,-2.4492935982947064e-16,1.0,0.0
2022-12-29,Kacang Hijau,13000.0,15000.0,Kacang Hijau,Q3-2022,2022.0,1067.6872999999998,14.206790550000001,1516.840984,29,12,2022,5.9180936616165525e-05,0.177431004940086,0.1425098288170581,0.9892919093116616,0.1413622207551711,0.7818314824680291,0.6234898018587344,-2.4492935982947064e-16,1.0,0.0
2022-12-30,Kacang Hijau,13000.0,15000.0,Kacang Hijau,Q3-2022,2022.0,1067.6872999999998,14.206790550000001,1516.840984,30,12,2022,5.9180936616165525e-05,0.177431004940086,0.1425098288170581,0.9892919093116616,0.1413622207551711,0.9749279121818246,-0.22252093395630992,-2.4492935982947064e-16,1.0,0.0
2022-12-31,Kacang Hijau,13000.050777333001,15604.009222998198,Kacang Hijau,Q3-2022,2022.0,1067.6872999999998,14.206790550000001,1516.840984,31,12,2022,8.45681005916532e-05,0.3556414385428024,0.1425098288170581,0.9892919093116616,0.1413622207551711,0.4338837391175591,-0.9009688679024187,-2.4492935982947064e-16,1.0,0.0
2023-01-01,Kacang Hijau,13000.05356172382,15632.72622304292,Kacang Hijau,Q1-2023,2023.0,0.0,0.0,0.0,1,1,2023,8.596021360940398e-05,0.3641142711335634,0.0,0.0,0.0,0.7818314824680298,0.6234898018587336,0.49999999999999994,0.8660254037844387,1.0
2023-01-02,Kacang Hijau,13000.0,15000.0,Kacang Hijau,Q1-2023,2023.0,0.0,0.0,0.0,2,1,2023,5.9180936616165525e-05,0.177431004940086,0.0,0.0,0.0,0.9749279121818236,-0.22252093395631434,0.49999999999999994,0.8660254037844387,1.0
2023-01-03,Kacang Hijau,13000.0,15000.0,Kacang Hijau,Q1-2023,2023.0,0.0,0.0,0.0,3,1,2023,5.9180936616165525e-05,0.177431004940086,0.0,0.0,0.0,0.43388373911755823,-0.900968867902419,0.49999999999999994,0.8660254037844387,1.0
2023-01-04,Kacang Hijau,13000.0,15000.0,Kacang Hijau,Q1-2023,2023.0,0.0,0.0,0.0,4,1,2023,5.9180936616165525e-05,0.177431004940086,0.0,0.0,0.0,-0.433883739117558,-0.9009688679024191,0.49999999999999994,0.8660254037844387,1.0
2023-01-05,Kacang Hijau,13000.0,15000.0,Kacang Hijau,Q1-2023,2023.0,0.0,0.0,0.0,5,1,2023,5.9180936616165525e-05,0.177431004940086,0.0,0.0,0.0,-0.9749279121818236,-0.2225209339563146,0.49999999999999994,0.8660254037844387,1.0
2023-01-06,Kacang Hijau,13000.0,15000.0,Kacang Hijau,Q1-2023,2023.0,0.0,0.0,0.0,6,1,2023,5.9180936616165525e-05,0.177431004940086,0.0,0.0,0.0,-0.7818314824680299,0.6234898018587334,0.49999999999999994,0.8660254037844387,1.0
2023-01-07,Kacang Hijau,13000.05696873945,15803.947620885374,Kacang Hijau,Q1-2023,2023.0,0.0,0.0,0.0,7,1,2023,8.766362060974586e-05,0.4146324393828875,0.0,0.0,0.0,-2.4492935982947064e-16,1.0,0.49999999999999994,0.8660254037844387,1.0
2023-01-08,Kacang Hijau,13000.054780670063,15832.004560167761,Kacang Hijau,Q1-2023,2023.0,0.0,0.0,0.0,8,1,2023,8.65696506622271e-05,0.4229105237642159,0.0,0.0,0.0,0.7818314824680296,0.6234898018587337,0.49999999999999994,0.8660254037844387,1.0
2023-01-09,Kacang Hijau,13000.0,15000.0,Kacang Hijau,Q1-2023,2023.0,0.0,0.0,0.0,9,1,2023,5.9180936616165525e-05,0.177431004940086,0.0,0.0,0.0,0.9749279121818237,-0.2225209339563141,0.49999999999999994,0.8660254037844387,1.0
2023-01-10,Kacang Hijau,13000.0,15000.0,Kacang Hijau,Q1-2023,2023.0,0.0,0.0,0.0,10,1,2023,5.9180936616165525e-05,0.177431004940086,0.0,0.0,0.0,0.43388373911755845,-0.9009688679024189,0.49999999999999994,0.8660254037844387,1.0
2023-01-11,Kacang Hijau,13000.0,15000.0,Kacang Hijau,Q1-2023,2023.0,0.0,0.0,0.0,11,1,2023,5.9180936616165525e-05,0.177431004940086,0.0,0.0,0.0,-0.4338837391175562,-0.90096886790242,0.49999999999999994,0.8660254037844387,1.0
2023-01-12,Kacang Hijau,13000.0,15000.0,Kacang Hijau,Q1-2023,2023.0,0.0,0.0,0.0,12,1,2023,5.9180936616165525e-05,0.177431004940086,0.0,0.0,0.0,-0.9749279121818235,-0.2225209339563148,0.49999999999999994,0.8660254037844387,1.0
2023-01-13,Kacang Hijau,13000.0,15000.0,Kacang Hijau,Q1-2023,2023.0,0.0,0.0,0.0,13,1,2023,5.9180936616165525e-05,0.177431004940086,0.0,0.0,0.0,-0.781831482468029,0.6234898018587346,0.49999999999999994,0.8660254037844387,1.0
2023-01-14,Kacang Hijau,12999.950393386182,15883.221696184295,Kacang Hijau,Q1-2023,2023.0,0.0,0.0,0.0,14,1,2023,3.437909759007596e-05,0.4380219288054974,0.0,0.0,0.0,-4.898587196589413e-16,1.0,0.49999999999999994,0.8660254037844387,1.0
2023-01-15,Kacang Hijau,12999.957827313896,15908.406529928017,Kacang Hijau,Q1-2023,2023.0,0.0,0.0,0.0,15,1,2023,3.809584147340672e-05,0.4454526102765559,0.0,0.0,0.0,0.7818314824680284,0.6234898018587354,0.49999999999999994,0.8660254037844387,1.0
2023-01-16,Kacang Hijau,13000.0,15000.0,Kacang Hijau,Q1-2023,2023.0,0.0,0.0,0.0,16,1,2023,5.9180936616165525e-05,0.177431004940086,0.0,0.0,0.0,0.9749279121818237,-0.22252093395631387,0.49999999999999994,0.8660254037844387,1.0
2023-01-17,Kacang Hijau,13000.0,15000.0,Kacang Hijau,Q1-2023,2023.0,0.0,0.0,0.0,17,1,2023,5.9180936616165525e-05,0.177431004940086,0.0,0.0,0.0,0.43388373911755707,-0.9009688679024196,0.49999999999999994,0.8660254037844387,1.0
2023-01-18,Kacang Hijau,13000.0,15000.0,Kacang Hijau,Q1-2023,2023.0,0.0,0.0,0.0,18,1,2023,5.9180936616165525e-05,0.177431004940086,0.0,0.0,0.0,-0.43388373911755757,-0.9009688679024194,0.49999999999999994,0.8660254037844387,1.0
2023-01-19,Kacang Hijau,13000.0,15000.0,Kacang Hijau,Q1-2023,2023.0,0.0,0.0,0.0,19,1,2023,5.9180936616165525e-05,0.177431004940086,0.0,0.0,0.0,-0.9749279121818235,-0.22252093395631506,0.49999999999999994,0.8660254037844387,1.0
2023-01-20,Kacang Hijau,13000.0,15000.0,Kacang Hijau,Q1-2023,2023.0,0.0,0.0,0.0,20,1,2023,5.9180936616165525e-05,0.177431004940086,0.0,0.0,0.0,-0.7818314824680302,0.6234898018587329,0.49999999999999994,0.8660254037844387,1.0
2023-01-21,Kacang Hijau,12999.985703501416,15665.791631155003,Kacang Hijau,Q1-2023,2023.0,0.0,0.0,0.0,21,1,2023,5.203311036439118e-05,0.3738700836154578,0.0,0.0,0.0,-7.347880794884119e-16,1.0,0.49999999999999994,0.8660254037844387,1.0
2023-01-22,Kacang Hijau,12999.988165103554,16332.181721797315,Kacang Hijau,Q1-2023,2023.0,0.0,0.0,0.0,22,1,2023,5.326383859305395e-05,0.5704857352977735,0.0,0.0,0.0,0.7818314824680271,0.6234898018587369,0.49999999999999994,0.8660254037844387,1.0
2023-01-23,Kacang Hijau,13000.0,17000.0,Kacang Hijau,Q1-2023,2023.0,0.0,0.0,0.0,23,1,2023,5.9180936616165525e-05,0.7675227678377139,0.0,0.0,0.0,0.9749279121818238,-0.22252093395631362,0.49999999999999994,0.8660254037844387,1.0
2023-01-24,Kacang Hijau,13000.0,17000.0,Kacang Hijau,Q1-2023,2023.0,0.0,0.0,0.0,24,1,2023,5.9180936616165525e-05,0.7675227678377139,0.0,0.0,0.0,0.4338837391175589,-0.9009688679024188,0.49999999999999994,0.8660254037844387,1.0
2023-01-25,Kacang Hijau,13000.0,17000.0,Kacang Hijau,Q1-2023,2023.0,0.0,0.0,0.0,25,1,2023,5.9180936616165525e-05,0.7675227678377139,0.0,0.0,0.0,-0.43388373911755734,-0.9009688679024195,0.49999999999999994,0.8660254037844387,1.0
2023-01-26,Kacang Hijau,13000.0,17000.0,Kacang Hijau,Q1-2023,2023.0,0.0,0.0,0.0,26,1,2023,5.9180936616165525e-05,0.7675227678377139,0.0,0.0,0.0,-0.9749279121818242,-0.22252093395631184,0.49999999999999994,0.8660254037844387,1.0
2023-01-27,Kacang Hijau,13000.0,17000.0,Kacang Hijau,Q1-2023,2023.0,0.0,0.0,0.0,27,1,2023,5.9180936616165525e-05,0.7675227678377139,0.0,0.0,0.0,-0.7818314824680304,0.6234898018587328,0.49999999999999994,0.8660254037844387,1.0
2023-01-28,Kacang Hijau,13000.000087996465,17003.995583244418,Kacang Hijau,Q1-2023,2023.0,0.0,0.0,0.0,28,1,2023,5.9224932244639206e-05,0.7687016482179656,0.0,0.0,0.0,-9.797174393178826e-16,1.0,0.49999999999999994,0.8660254037844387,1.0
2023-01-29,Kacang Hijau,13000.002207615205,17006.483271253022,Kacang Hijau,Q1-2023,2023.0,0.0,0.0,0.0,29,1,2023,6.028467889418465e-05,0.7694356303192338,0.0,0.0,0.0,0.7818314824680291,0.6234898018587344,0.49999999999999994,0.8660254037844387,1.0
2023-01-30,Kacang Hijau,13000.0,17000.0,Kacang Hijau,Q1-2023,2023.0,0.0,0.0,0.0,30,1,2023,5.9180936616165525e-05,0.7675227678377139,0.0,0.0,0.0,0.9749279121818246,-0.22252093395630992,0.49999999999999994,0.8660254037844387,1.0
2023-01-31,Kacang Hijau,13000.0,17000.0,Kacang Hijau,Q1-2023,2023.0,0.0,0.0,0.0,31,1,2023,5.9180936616165525e-05,0.7675227678377139,0.0,0.0,0.0,0.4338837391175591,-0.9009688679024187,0.49999999999999994,0.8660254037844387,1.0
2023-02-01,Kacang Hijau,13000.0,17000.0,Kacang Hijau,Q1-2023,2023.0,0.0,0.0,0.0,1,2,2023,5.9180936616165525e-05,0.7675227678377139,0.0,0.0,0.0,0.7818314824680298,0.6234898018587336,0.8660254037844386,0.5000000000000001,1.0
2023-02-02,Kacang Hijau,13000.0,17000.0,Kacang Hijau,Q1-2023,2023.0,0.0,0.0,0.0,2,2,2023,5.9180936616165525e-05,0.7675227678377139,0.0,0.0,0.0,0.9749279121818236,-0.22252093395631434,0.8660254037844386,0.5000000000000001,1.0
2023-02-03,Kacang Hijau,13000.0,17000.0,Kacang Hijau,Q1-2023,2023.0,0.0,0.0,0.0,3,2,2023,5.9180936616165525e-05,0.7675227678377139,0.0,0.0,0.0,0.43388373911755823,-0.900968867902419,0.8660254037844386,0.5000000000000001,1.0
2023-02-04,Kacang Hijau,13000.013298227763,17033.912377254295,Kacang Hijau,Q1-2023,2023.0,0.0,0.0,0.0,4,2,2023,6.5829656996641e-05,0.777528475076732,0.0,0.0,0.0,-0.433883739117558,-0.9009688679024191,0.8660254037844386,0.5000000000000001,1.0
2023-02-05,Kacang Hijau,13000.014014430446,16588.11184483774,Kacang Hijau,Q1-2023,2023.0,0.0,0.0,0.0,5,2,2023,6.618773714528459e-05,0.6459968640395388,0.0,0.0,0.0,-0.9749279121818236,-0.2225209339563146,0.8660254037844386,0.5000000000000001,1.0
2023-02-06,Kacang Hijau,13000.0,17000.0,Kacang Hijau,Q1-2023,2023.0,0.0,0.0,0.0,6,2,2023,5.9180936616165525e-05,0.7675227678377139,0.0,0.0,0.0,-0.7818314824680299,0.6234898018587334,0.8660254037844386,0.5000000000000001,1.0
2023-02-07,Kacang Hijau,13000.0,17000.0,Kacang Hijau,Q1-2023,2023.0,0.0,0.0,0.0,7,2,2023,5.9180936616165525e-05,0.7675227678377139,0.0,0.0,0.0,-2.4492935982947064e-16,1.0,0.8660254037844386,0.5000000000000001,1.0
2023-02-08,Kacang Hijau,13000.0,17000.0,Kacang Hijau,Q1-2023,2023.0,0.0,0.0,0.0,8,2,2023,5.9180936616165525e-05,0.7675227678377139,0.0,0.0,0.0,0.7818314824680296,0.6234898018587337,0.8660254037844386,0.5000000000000001,1.0
2023-02-09,Kacang Hijau,13000.0,17000.0,Kacang Hijau,Q1-2023,2023.0,0.0,0.0,0.0,9,2,2023,5.9180936616165525e-05,0.7675227678377139,0.0,0.0,0.0,0.9749279121818237,-0.2225209339563141,0.8660254037844386,0.5000000000000001,1.0
2023-02-10,Kacang Hijau,13000.0,17000.0,Kacang Hijau,Q1-2023,2023.0,0.0,0.0,0.0,10,2,2023,5.9180936616165525e-05,0.7675227678377139,0.0,0.0,0.0,0.43388373911755845,-0.9009688679024189,0.8660254037844386,0.5000000000000001,1.0
2023-02-11,Kacang Hijau,13000.00712480144,16589.859334877132,Kacang Hijau,Q1-2023,2023.0,0.0,0.0,0.0,11,2,2023,6.27431265094458e-05,0.6465124537785343,0.0,0.0,0.0,-0.4338837391175562,-0.90096886790242,0.8660254037844386,0.5000000000000001,1.0
2023-02-12,Kacang Hijau,13000.005229841016,16602.845386395893,Kacang Hijau,Q1-2023,2023.0,0.0,0.0,0.0,12,2,2023,6.179570237030418e-05,0.6503439347954272,0.0,0.0,0.0,-0.9749279121818235,-0.2225209339563148,0.8660254037844386,0.5000000000000001,1.0
2023-02-13,Kacang Hijau,13000.0,17000.0,Kacang Hijau,Q1-2023,2023.0,0.0,0.0,0.0,13,2,2023,5.9180936616165525e-05,0.7675227678377139,0.0,0.0,0.0,-0.781831482468029,0.6234898018587346,0.8660254037844386,0.5000000000000001,1.0
2023-02-14,Kacang Hijau,13000.0,17000.0,Kacang Hijau,Q1-2023,2023.0,0.0,0.0,0.0,14,2,2023,5.9180936616165525e-05,0.7675227678377139,0.0,0.0,0.0,-4.898587196589413e-16,1.0,0.8660254037844386,0.5000000000000001,1.0
2023-02-15,Kacang Hijau,13000.0,17000.0,Kacang Hijau,Q1-2023,2023.0,0.0,0.0,0.0,15,2,2023,5.9180936616165525e-05,0.7675227678377139,0.0,0.0,0.0,0.7818314824680284,0.6234898018587354,0.8660254037844386,0.5000000000000001,1.0
2023-02-16,Kacang Hijau,13000.0,17000.0,Kacang Hijau,Q1-2023,2023.0,0.0,0.0,0.0,16,2,2023,5.9180936616165525e-05,0.7675227678377139,0.0,0.0,0.0,0.9749279121818237,-0.22252093395631387,0.8660254037844386,0.5000000000000001,1.0
2023-02-17,Kacang Hijau,13000.0,17000.0,Kacang Hijau,Q1-2023,2023.0,0.0,0.0,0.0,17,2,2023,5.9180936616165525e-05,0.7675227678377139,0.0,0.0,0.0,0.43388373911755707,-0.9009688679024196,0.8660254037844386,0.5000000000000001,1.0
2023-02-18,Kacang Hijau,12999.995522844712,16000.255495629312,Kacang Hijau,Q1-2023,2023.0,0.0,0.0,0.0,18,2,2023,5.6942491453604305e-05,0.4725522693220565,0.0,0.0,0.0,-0.43388373911755757,-0.9009688679024194,0.8660254037844386,0.5000000000000001,1.0
2023-02-19,Kacang Hijau,12999.994352864363,16003.60437126053,Kacang Hijau,Q1-2023,2023.0,0.0,0.0,0.0,19,2,2023,5.63575358993873e-05,0.47354034128453204,0.0,0.0,0.0,-0.9749279121818235,-0.22252093395631506,0.8660254037844386,0.5000000000000001,1.0
2023-02-20,Kacang Hijau,13000.0,17000.0,Kacang Hijau,Q1-2023,2023.0,0.0,0.0,0.0,20,2,2023,5.9180936616165525e-05,0.7675227678377139,0.0,0.0,0.0,-0.7818314824680302,0.6234898018587329,0.8660254037844386,0.5000000000000001,1.0
2023-02-21,Kacang Hijau,13000.0,17000.0,Kacang Hijau,Q1-2023,2023.0,0.0,0.0,0.0,21,2,2023,5.9180936616165525e-05,0.7675227678377139,0.0,0.0,0.0,-7.347880794884119e-16,1.0,0.8660254037844386,0.5000000000000001,1.0
2023-02-22,Kacang Hijau,13000.0,17000.0,Kacang Hijau,Q1-2023,2023.0,0.0,0.0,0.0,22,2,2023,5.9180936616165525e-05,0.7675227678377139,0.0,0.0,0.0,0.7818314824680271,0.6234898018587369,0.8660254037844386,0.5000000000000001,1.0
2023-02-23,Kacang Hijau,13000.0,17000.0,Kacang Hijau,Q1-2023,2023.0,0.0,0.0,0.0,23,2,2023,5.9180936616165525e-05,0.7675227678377139,0.0,0.0,0.0,0.9749279121818238,-0.22252093395631362,0.8660254037844386,0.5000000000000001,1.0
2023-02-24,Kacang Hijau,13000.0,17000.0,Kacang Hijau,Q1-2023,2023.0,0.0,0.0,0.0,24,2,2023,5.9180936616165525e-05,0.7675227678377139,0.0,0.0,0.0,0.4338837391175589,-0.9009688679024188,0.8660254037844386,0.5000000000000001,1.0
2023-02-25,Kacang Hijau,12999.992541987804,17478.02772425544,Kacang Hijau,Q1-2023,2023.0,0.0,0.0,0.0,25,2,2023,5.5452151204171685e-05,0.908562879097631,0.0,0.0,0.0,-0.43388373911755734,-0.9009688679024195,0.8660254037844386,0.5000000000000001,1.0
2023-02-26,Kacang Hijau,12999.99319881155,17462.062815316665,Kacang Hijau,Q1-2023,2023.0,0.0,0.0,0.0,26,2,2023,5.578054364097085e-05,0.9038524984675398,0.0,0.0,0.0,-0.9749279121818242,-0.22252093395631184,0.8660254037844386,0.5000000000000001,1.0
2023-02-27,Kacang Hijau,13000.0,17000.0,Kacang Hijau,Q1-2023,2023.0,0.0,0.0,0.0,27,2,2023,5.9180936616165525e-05,0.7675227678377139,0.0,0.0,0.0,-0.7818314824680304,0.6234898018587328,0.8660254037844386,0.5000000000000001,1.0
2023-02-28,Kacang Hijau,13000.0,17000.0,Kacang Hijau,Q1-2023,2023.0,0.0,0.0,0.0,28,2,2023,5.9180936616165525e-05,0.7675227678377139,0.0,0.0,0.0,-9.797174393178826e-16,1.0,0.8660254037844386,0.5000000000000001,1.0
2023-03-01,Kacang Hijau,13000.0,17000.0,Kacang Hijau,Q1-2023,2023.0,0.0,0.0,0.0,1,3,2023,5.9180936616165525e-05,0.7675227678377139,0.0,0.0,0.0,0.7818314824680298,0.6234898018587336,1.0,6.123233995736766e-17,1.0
2023-03-02,Kacang Hijau,13000.0,17000.0,Kacang Hijau,Q1-2023,2023.0,0.0,0.0,0.0,2,3,2023,5.9180936616165525e-05,0.7675227678377139,0.0,0.0,0.0,0.9749279121818236,-0.22252093395631434,1.0,6.123233995736766e-17,1.0
2023-03-03,Kacang Hijau,13000.0,17000.0,Kacang Hijau,Q1-2023,2023.0,0.0,0.0,0.0,3,3,2023,5.9180936616165525e-05,0.7675227678377139,0.0,0.0,0.0,0.43388373911755823,-0.900968867902419,1.0,6.123233995736766e-17,1.0
2023-03-04,Kacang Hijau,13000.000590228312,17030.822939047797,Kacang Hijau,Q1-2023,2023.0,0.0,0.0,0.0,4,3,2023,5.94760333072486e-05,0.7766169490579147,0.0,0.0,0.0,-0.433883739117558,-0.9009688679024191,1.0,6.123233995736766e-17,1.0
2023-03-05,Kacang Hijau,13000.00184928335,17000.0,Kacang Hijau,Q1-2023,2023.0,0.0,0.0,0.0,5,3,2023,6.010552356983112e-05,0.7675227678377139,0.0,0.0,0.0,-0.9749279121818236,-0.2225209339563146,1.0,6.123233995736766e-17,1.0
2023-03-06,Kacang Hijau,13000.0,17000.0,Kacang Hijau,Q1-2023,2023.0,0.0,0.0,0.0,6,3,2023,5.9180936616165525e-05,0.7675227678377139,0.0,0.0,0.0,-0.7818314824680299,0.6234898018587334,1.0,6.123233995736766e-17,1.0
2023-03-07,Kacang Hijau,13000.0,17000.0,Kacang Hijau,Q1-2023,2023.0,0.0,0.0,0.0,7,3,2023,5.9180936616165525e-05,0.7675227678377139,0.0,0.0,0.0,-2.4492935982947064e-16,1.0,1.0,6.123233995736766e-17,1.0
2023-03-08,Kacang Hijau,13000.0,17000.0,Kacang Hijau,Q1-2023,2023.0,0.0,0.0,0.0,8,3,2023,5.9180936616165525e-05,0.7675227678377139,0.0,0.0,0.0,0.7818314824680296,0.6234898018587337,1.0,6.123233995736766e-17,1.0
2023-03-09,Kacang Hijau,13000.0,17000.0,Kacang Hijau,Q1-2023,2023.0,0.0,0.0,0.0,9,3,2023,5.9180936616165525e-05,0.7675227678377139,0.0,0.0,0.0,0.9749279121818237,-0.2225209339563141,1.0,6.123233995736766e-17,1.0
2023-03-10,Kacang Hijau,13000.0,17000.0,Kacang Hijau,Q1-2023,2023.0,0.0,0.0,0.0,10,3,2023,5.9180936616165525e-05,0.7675227678377139,0.0,0.0,0.0,0.43388373911755845,-0.9009688679024189,1.0,6.123233995736766e-17,1.0
2023-03-11,Kacang Hijau,13000.004036006421,16994.103675394388,Kacang Hijau,Q1-2023,2023.0,0.0,0.0,0.0,11,3,2023,6.119882039978819e-05,0.7657830815471431,0.0,0.0,0.0,-0.4338837391175562,-0.90096886790242,1.0,6.123233995736766e-17,1.0
2023-03-12,Kacang Hijau,13000.003472277556,16996.17156580466,Kacang Hijau,Q1-2023,2023.0,0.0,0.0,0.0,12,3,2023,6.0916972647540035e-05,0.7663932040959809,0.0,0.0,0.0,-0.9749279121818235,-0.2225209339563148,1.0,6.123233995736766e-17,1.0
2023-03-13,Kacang Hijau,13000.0,17000.0,Kacang Hijau,Q1-2023,2023.0,0.0,0.0,0.0,13,3,2023,5.9180936616165525e-05,0.7675227678377139,0.0,0.0,0.0,-0.781831482468029,0.6234898018587346,1.0,6.123233995736766e-17,1.0
2023-03-14,Kacang Hijau,13000.0,17000.0,Kacang Hijau,Q1-2023,2023.0,0.0,0.0,0.0,14,3,2023,5.9180936616165525e-05,0.7675227678377139,0.0,0.0,0.0,-4.898587196589413e-16,1.0,1.0,6.123233995736766e-17,1.0
2023-03-15,Kacang Hijau,13000.0,17000.0,Kacang Hijau,Q1-2023,2023.0,0.0,0.0,0.0,15,3,2023,5.9180936616165525e-05,0.7675227678377139,0.0,0.0,0.0,0.7818314824680284,0.6234898018587354,1.0,6.123233995736766e-17,1.0
2023-03-16,Kacang Hijau,13000.0,17000.0,Kacang Hijau,Q1-2023,2023.0,0.0,0.0,0.0,16,3,2023,5.9180936616165525e-05,0.7675227678377139,0.0,0.0,0.0,0.9749279121818237,-0.22252093395631387,1.0,6.123233995736766e-17,1.0
2023-03-17,Kacang Hijau,13000.0,17000.0,Kacang Hijau,Q1-2023,2023.0,0.0,0.0,0.0,17,3,2023,5.9180936616165525e-05,0.7675227678377139,0.0,0.0,0.0,0.43388373911755707,-0.9009688679024196,1.0,6.123233995736766e-17,1.0
2023-03-18,Kacang Hijau,12999.999857811292,16506.486829447767,Kacang Hijau,Q1-2023,2023.0,0.0,0.0,0.0,18,3,2023,5.910984646906314e-05,0.6219137394255316,0.0,0.0,0.0,-0.43388373911755757,-0.9009688679024194,1.0,6.123233995736766e-17,1.0
2023-03-19,Kacang Hijau,12999.999347779745,16491.190857326143,Kacang Hijau,Q1-2023,2023.0,0.0,0.0,0.0,19,3,2023,5.885484578804778e-05,0.6174007258482908,0.0,0.0,0.0,-0.9749279121818235,-0.22252093395631506,1.0,6.123233995736766e-17,1.0
2023-03-20,Kacang Hijau,13000.0,17000.0,Kacang Hijau,Q1-2023,2023.0,0.0,0.0,0.0,20,3,2023,5.9180936616165525e-05,0.7675227678377139,0.0,0.0,0.0,-0.7818314824680302,0.6234898018587329,1.0,6.123233995736766e-17,1.0
2023-03-21,Kacang Hijau,13000.0,17000.0,Kacang Hijau,Q1-2023,2023.0,0.0,0.0,0.0,21,3,2023,5.9180936616165525e-05,0.7675227678377139,0.0,0.0,0.0,-7.347880794884119e-16,1.0,1.0,6.123233995736766e-17,1.0
2023-03-22,Kacang Hijau,12999.99819090607,16801.933129431345,Kacang Hijau,Q1-2023,2023.0,0.0,0.0,0.0,22,3,2023,5.827644318312508e-05,0.7090839534249769,0.0,0.0,0.0,0.7818314824680271,0.6234898018587369,1.0,6.123233995736766e-17,1.0
2023-03-23,Kacang Hijau,12999.9979591814,17096.895135743147,Kacang Hijau,Q1-2023,2023.0,0.0,0.0,0.0,23,3,2023,5.816058770502508e-05,0.7961112785711535,0.0,0.0,0.0,0.9749279121818238,-0.22252093395631362,1.0,6.123233995736766e-17,1.0
2023-03-24,Kacang Hijau,13000.0,17000.0,Kacang Hijau,Q1-2023,2023.0,0.0,0.0,0.0,24,3,2023,5.9180936616165525e-05,0.7675227678377139,0.0,0.0,0.0,0.4338837391175589,-0.9009688679024188,1.0,6.123233995736766e-17,1.0
2023-03-25,Kacang Hijau,12999.997758883259,17366.749049784765,Kacang Hijau,Q1-2023,2023.0,0.0,0.0,0.0,25,3,2023,5.806044456146964e-05,0.8757305645019748,0.0,0.0,0.0,-0.43388373911755734,-0.9009688679024195,1.0,6.123233995736766e-17,1.0
2023-03-26,Kacang Hijau,12999.997792281934,17354.897866235387,Kacang Hijau,Q1-2023,2023.0,0.0,0.0,0.0,26,3,2023,5.807714291083954e-05,0.8722339216054369,0.0,0.0,0.0,-0.9749279121818242,-0.22252093395631184,1.0,6.123233995736766e-17,1.0
2023-03-27,Kacang Hijau,13000.0,17000.0,Kacang Hijau,Q1-2023,2023.0,0.0,0.0,0.0,27,3,2023,5.9180936616165525e-05,0.7675227678377139,0.0,0.0,0.0,-0.7818314824680304,0.6234898018587328,1.0,6.123233995736766e-17,1.0
2023-03-28,Kacang Hijau,13000.0,17000.0,Kacang Hijau,Q1-2023,2023.0,0.0,0.0,0.0,28,3,2023,5.9180936616165525e-05,0.7675227678377139,0.0,0.0,0.0,-9.797174393178826e-16,1.0,1.0,6.123233995736766e-17,1.0
2023-03-29,Kacang Hijau,13000.0,17000.0,Kacang Hijau,Q1-2023,2023.0,0.0,0.0,0.0,29,3,2023,5.9180936616165525e-05,0.7675227678377139,0.0,0.0,0.0,0.7818314824680291,0.6234898018587344,1.0,6.123233995736766e-17,1.0
2023-03-30,Kacang Hijau,13000.0,17000.0,Kacang Hijau,Q1-2023,2023.0,0.0,0.0,0.0,30,3,2023,5.9180936616165525e-05,0.7675227678377139,0.0,0.0,0.0,0.9749279121818246,-0.22252093395630992,1.0,6.123233995736766e-17,1.0
2023-03-31,Kacang Hijau,13000.0,17000.0,Kacang Hijau,Q1-2023,2023.0,0.0,0.0,0.0,31,3,2023,5.9180936616165525e-05,0.7675227678377139,0.0,0.0,0.0,0.4338837391175591,-0.9009688679024187,1.0,6.123233995736766e-17,1.0
2023-04-01,Kacang Hijau,12999.999466846422,17021.546832180557,Kacang Hijau,Q1-2023,2023.0,0.0,0.0,0.0,1,4,2023,5.8914375603791314e-05,0.7738800719308561,0.0,0.0,0.0,0.7818314824680298,0.6234898018587336,0.8660254037844387,-0.4999999999999998,1.0
2023-04-02,Kacang Hijau,12999.999867804863,17022.758863475636,Kacang Hijau,Q1-2023,2023.0,0.0,0.0,0.0,2,4,2023,5.911484295939573e-05,0.774237676772656,0.0,0.0,0.0,0.9749279121818236,-0.22252093395631434,0.8660254037844387,-0.4999999999999998,1.0
2023-04-03,Kacang Hijau,13000.0,17000.0,Kacang Hijau,Q1-2023,2023.0,0.0,0.0,0.0,3,4,2023,5.9180936616165525e-05,0.7675227678377139,0.0,0.0,0.0,0.43388373911755823,-0.900968867902419,0.8660254037844387,-0.4999999999999998,1.0
2023-04-04,Kacang Hijau,13000.0,17000.0,Kacang Hijau,Q1-2023,2023.0,0.0,0.0,0.0,4,4,2023,5.9180936616165525e-05,0.7675227678377139,0.0,0.0,0.0,-0.433883739117558,-0.9009688679024191,0.8660254037844387,-0.4999999999999998,1.0
2023-04-05,Kacang Hijau,13000.0,17000.0,Kacang Hijau,Q1-2023,2023.0,0.0,0.0,0.0,5,4,2023,5.9180936616165525e-05,0.7675227678377139,0.0,0.0,0.0,-0.9749279121818236,-0.2225209339563146,0.8660254037844387,-0.4999999999999998,1.0
2023-04-06,Kacang Hijau,13000.0,17000.0,Kacang Hijau,Q1-2023,2023.0,0.0,0.0,0.0,6,4,2023,5.9180936616165525e-05,0.7675227678377139,0.0,0.0,0.0,-0.7818314824680299,0.6234898018587334,0.8660254037844387,-0.4999999999999998,1.0
2023-04-07,Kacang Hijau,13000.00127266101,17019.130095238466,Kacang Hijau,Q1-2023,2023.0,0.0,0.0,0.0,7,4,2023,5.9817229462133525e-05,0.7731670236495471,0.0,0.0,0.0,-2.4492935982947064e-16,1.0,0.8660254037844387,-0.4999999999999998,1.0
2023-04-08,Kacang Hijau,13000.001320167754,17016.946578494142,Kacang Hijau,Q1-2023,2023.0,0.0,0.0,0.0,8,4,2023,5.9840981428749274e-05,0.7725227860270598,0.0,0.0,0.0,0.7818314824680296,0.6234898018587337,0.8660254037844387,-0.4999999999999998,1.0
2023-04-09,Kacang Hijau,13000.001276412138,17011.938975202305,Kacang Hijau,Q1-2023,2023.0,0.0,0.0,0.0,9,4,2023,5.981910491570375e-05,0.771045313299874,0.0,0.0,0.0,0.9749279121818237,-0.2225209339563141,0.8660254037844387,-0.4999999999999998,1.0
2023-04-10,Kacang Hijau,13000.0,17000.0,Kacang Hijau,Q1-2023,2023.0,0.0,0.0,0.0,10,4,2023,5.9180936616165525e-05,0.7675227678377139,0.0,0.0,0.0,0.43388373911755845,-0.9009688679024189,0.8660254037844387,-0.4999999999999998,1.0
2023-04-11,Kacang Hijau,13000.0,17000.0,Kacang Hijau,Q1-2023,2023.0,0.0,0.0,0.0,11,4,2023,5.9180936616165525e-05,0.7675227678377139,0.0,0.0,0.0,-0.4338837391175562,-0.90096886790242,0.8660254037844387,-0.4999999999999998,1.0
2023-04-12,Kacang Hijau,13000.0,17000.0,Kacang Hijau,Q1-2023,2023.0,0.0,0.0,0.0,12,4,2023,5.9180936616165525e-05,0.7675227678377139,0.0,0.0,0.0,-0.9749279121818235,-0.2225209339563148,0.8660254037844387,-0.4999999999999998,1.0
2023-04-13,Kacang Hijau,13000.0,17000.0,Kacang Hijau,Q1-2023,2023.0,0.0,0.0,0.0,13,4,2023,5.9180936616165525e-05,0.7675227678377139,0.0,0.0,0.0,-0.781831482468029,0.6234898018587346,0.8660254037844387,-0.4999999999999998,1.0
2023-04-14,Kacang Hijau,13000.0,17000.0,Kacang Hijau,Q1-2023,2023.0,0.0,0.0,0.0,14,4,2023,5.9180936616165525e-05,0.7675227678377139,0.0,0.0,0.0,-4.898587196589413e-16,1.0,0.8660254037844387,-0.4999999999999998,1.0
2023-04-15,Kacang Hijau,13000.000316472086,17006.509384910674,Kacang Hijau,Q1-2023,2023.0,0.0,0.0,0.0,15,4,2023,5.933916329414757e-05,0.7694433350463736,0.0,0.0,0.0,0.7818314824680284,0.6234898018587354,0.8660254037844387,-0.4999999999999998,1.0
2023-04-16,Kacang Hijau,13000.000169445133,17009.60858769007,Kacang Hijau,Q1-2023,2023.0,0.0,0.0,0.0,16,4,2023,5.926565416825014e-05,0.7703577420622088,0.0,0.0,0.0,0.9749279121818237,-0.22252093395631387,0.8660254037844387,-0.4999999999999998,1.0
2023-04-17,Kacang Hijau,13000.0,17000.0,Kacang Hijau,Q1-2023,2023.0,0.0,0.0,0.0,17,4,2023,5.9180936616165525e-05,0.7675227678377139,0.0,0.0,0.0,0.43388373911755707,-0.9009688679024196,0.8660254037844387,-0.4999999999999998,1.0
2023-04-18,Kacang Hijau,13000.0,17000.0,Kacang Hijau,Q1-2023,2023.0,0.0,0.0,0.0,18,4,2023,5.9180936616165525e-05,0.7675227678377139,0.0,0.0,0.0,-0.43388373911755757,-0.9009688679024194,0.8660254037844387,-0.4999999999999998,1.0
2023-04-19,Kacang Hijau,13000.0,17000.0,Kacang Hijau,Q1-2023,2023.0,0.0,0.0,0.0,19,4,2023,5.9180936616165525e-05,0.7675227678377139,0.0,0.0,0.0,-0.9749279121818235,-0.22252093395631506,0.8660254037844387,-0.4999999999999998,1.0
2023-04-20,Kacang Hijau,13000.0,17000.0,Kacang Hijau,Q1-2023,2023.0,0.0,0.0,0.0,20,4,2023,5.9180936616165525e-05,0.7675227678377139,0.0,0.0,0.0,-0.7818314824680302,0.6234898018587329,0.8660254037844387,-0.4999999999999998,1.0
2023-04-21,Kacang Hijau,13000.0,17000.0,Kacang Hijau,Q1-2023,2023.0,0.0,0.0,0.0,21,4,2023,5.9180936616165525e-05,0.7675227678377139,0.0,0.0,0.0,-7.347880794884119e-16,1.0,0.8660254037844387,-0.4999999999999998,1.0
2023-04-22,Kacang Hijau,12999.99960714797,17007.095682920895,Kacang Hijau,Q1-2023,2023.0,0.0,0.0,0.0,22,4,2023,5.898452222652395e-05,0.7696163198595904,0.0,0.0,0.0,0.7818314824680271,0.6234898018587369,0.8660254037844387,-0.4999999999999998,1.0
2023-04-23,Kacang Hijau,12999.999575478516,17001.867334803683,Kacang Hijau,Q1-2023,2023.0,0.0,0.0,0.0,23,4,2023,5.896868843624503e-05,0.768073717280827,0.0,0.0,0.0,0.9749279121818238,-0.22252093395631362,0.8660254037844387,-0.4999999999999998,1.0
2023-04-24,Kacang Hijau,13000.0,17000.0,Kacang Hijau,Q1-2023,2023.0,0.0,0.0,0.0,24,4,2023,5.9180936616165525e-05,0.7675227678377139,0.0,0.0,0.0,0.4338837391175589,-0.9009688679024188,0.8660254037844387,-0.4999999999999998,1.0
2023-04-25,Kacang Hijau,13000.0,17000.0,Kacang Hijau,Q1-2023,2023.0,0.0,0.0,0.0,25,4,2023,5.9180936616165525e-05,0.7675227678377139,0.0,0.0,0.0,-0.43388373911755734,-0.9009688679024195,0.8660254037844387,-0.4999999999999998,1.0
2023-04-26,Kacang Hijau,13000.0,17000.0,Kacang Hijau,Q1-2023,2023.0,0.0,0.0,0.0,26,4,2023,5.9180936616165525e-05,0.7675227678377139,0.0,0.0,0.0,-0.9749279121818242,-0.22252093395631184,0.8660254037844387,-0.4999999999999998,1.0
2023-04-27,Kacang Hijau,13000.0,17000.0,Kacang Hijau,Q1-2023,2023.0,0.0,0.0,0.0,27,4,2023,5.9180936616165525e-05,0.7675227678377139,0.0,0.0,0.0,-0.7818314824680304,0.6234898018587328,0.8660254037844387,-0.4999999999999998,1.0
2023-04-28,Kacang Hijau,13000.0,17000.0,Kacang Hijau,Q1-2023,2023.0,0.0,0.0,0.0,28,4,2023,5.9180936616165525e-05,0.7675227678377139,0.0,0.0,0.0,-9.797174393178826e-16,1.0,0.8660254037844387,-0.4999999999999998,1.0
2023-04-29,Kacang Hijau,12999.999714217152,17002.094430203222,Kacang Hijau,Q1-2023,2023.0,0.0,0.0,0.0,29,4,2023,5.90380536484858e-05,0.7681407208431565,0.0,0.0,0.0,0.7818314824680291,0.6234898018587344,0.8660254037844387,-0.4999999999999998,1.0
2023-04-30,Kacang Hijau,12999.999774818472,17002.410562107085,Kacang Hijau,Q1-2023,2023.0,0.0,0.0,0.0,30,4,2023,5.906835251590081e-05,0.7682339942593863,0.0,0.0,0.0,0.9749279121818246,-0.22252093395630992,0.8660254037844387,-0.4999999999999998,1.0
2023-05-01,Kacang Hijau,12999.999840041275,17002.66944330405,Kacang Hijau,Q2-2023,2023.0,5939.87,14.36056478,8529.988793999999,1,5,2023,5.91009619865801e-05,0.7683103760903354,0.7928256305901353,1.0,0.7949535723624432,0.7818314824680298,0.6234898018587336,0.49999999999999994,-0.8660254037844387,1.0
2023-05-02,Kacang Hijau,13000.0,17000.0,Kacang Hijau,Q2-2023,2023.0,5939.87,14.36056478,8529.988793999999,2,5,2023,5.9180936616165525e-05,0.7675227678377139,0.7928256305901353,1.0,0.7949535723624432,0.9749279121818236,-0.22252093395631434,0.49999999999999994,-0.8660254037844387,1.0
2023-05-03,Kacang Hijau,13000.0,17000.0,Kacang Hijau,Q2-2023,2023.0,5939.87,14.36056478,8529.988793999999,3,5,2023,5.9180936616165525e-05,0.7675227678377139,0.7928256305901353,1.0,0.7949535723624432,0.43388373911755823,-0.900968867902419,0.49999999999999994,-0.8660254037844387,1.0
2023-05-04,Kacang Hijau,13000.0,17000.0,Kacang Hijau,Q2-2023,2023.0,5939.87,14.36056478,8529.988793999999,4,5,2023,5.9180936616165525e-05,0.7675227678377139,0.7928256305901353,1.0,0.7949535723624432,-0.433883739117558,-0.9009688679024191,0.49999999999999994,-0.8660254037844387,1.0
2023-05-05,Kacang Hijau,13000.0,17000.0,Kacang Hijau,Q2-2023,2023.0,5939.87,14.36056478,8529.988793999999,5,5,2023,5.9180936616165525e-05,0.7675227678377139,0.7928256305901353,1.0,0.7949535723624432,-0.9749279121818236,-0.2225209339563146,0.49999999999999994,-0.8660254037844387,1.0
2023-05-06,Kacang Hijau,13000.000109379329,16996.36639399771,Kacang Hijau,Q2-2023,2023.0,5939.87,14.36056478,8529.988793999999,6,5,2023,5.92356230439961e-05,0.7664506873519299,0.7928256305901353,1.0,0.7949535723624432,-0.7818314824680299,0.6234898018587334,0.49999999999999994,-0.8660254037844387,1.0
2023-05-07,Kacang Hijau,13000.000127771418,17002.95635397208,Kacang Hijau,Q2-2023,2023.0,5939.87,14.36056478,8529.988793999999,7,5,2023,5.924481854435726e-05,0.7683950279012812,0.7928256305901353,1.0,0.7949535723624432,-2.4492935982947064e-16,1.0,0.49999999999999994,-0.8660254037844387,1.0
2023-05-08,Kacang Hijau,13000.0,17000.0,Kacang Hijau,Q2-2023,2023.0,5939.87,14.36056478,8529.988793999999,8,5,2023,5.9180936616165525e-05,0.7675227678377139,0.7928256305901353,1.0,0.7949535723624432,0.7818314824680296,0.6234898018587337,0.49999999999999994,-0.8660254037844387,1.0
2023-05-09,Kacang Hijau,13000.0,17000.0,Kacang Hijau,Q2-2023,2023.0,5939.87,14.36056478,8529.988793999999,9,5,2023,5.9180936616165525e-05,0.7675227678377139,0.7928256305901353,1.0,0.7949535723624432,0.9749279121818237,-0.2225209339563141,0.49999999999999994,-0.8660254037844387,1.0
2023-05-10,Kacang Hijau,13000.0,17000.0,Kacang Hijau,Q2-2023,2023.0,5939.87,14.36056478,8529.988793999999,10,5,2023,5.9180936616165525e-05,0.7675227678377139,0.7928256305901353,1.0,0.7949535723624432,0.43388373911755845,-0.9009688679024189,0.49999999999999994,-0.8660254037844387,1.0
2023-05-11,Kacang Hijau,13000.0,17000.0,Kacang Hijau,Q2-2023,2023.0,5939.87,14.36056478,8529.988793999999,11,5,2023,5.9180936616165525e-05,0.7675227678377139,0.7928256305901353,1.0,0.7949535723624432,-0.4338837391175562,-0.90096886790242,0.49999999999999994,-0.8660254037844387,1.0
2023-05-12,Kacang Hijau,13000.0,17000.0,Kacang Hijau,Q2-2023,2023.0,5939.87,14.36056478,8529.988793999999,12,5,2023,5.9180936616165525e-05,0.7675227678377139,0.7928256305901353,1.0,0.7949535723624432,-0.9749279121818235,-0.2225209339563148,0.49999999999999994,-0.8660254037844387,1.0
2023-05-13,Kacang Hijau,13000.000089314848,16996.048935465697,Kacang Hijau,Q2-2023,2023.0,5939.87,14.36056478,8529.988793999999,13,5,2023,5.92255913973716e-05,0.7663570225195295,0.7928256305901353,1.0,0.7949535723624432,-0.781831482468029,0.6234898018587346,0.49999999999999994,-0.8660254037844387,1.0
2023-05-14,Kacang Hijau,13000.000076184953,16998.423161776514,Kacang Hijau,Q2-2023,2023.0,5939.87,14.36056478,8529.988793999999,14,5,2023,5.9219026838697175e-05,0.7670575282141634,0.7928256305901353,1.0,0.7949535723624432,-4.898587196589413e-16,1.0,0.49999999999999994,-0.8660254037844387,1.0
2023-05-15,Kacang Hijau,13000.0,17000.0,Kacang Hijau,Q2-2023,2023.0,5939.87,14.36056478,8529.988793999999,15,5,2023,5.9180936616165525e-05,0.7675227678377139,0.7928256305901353,1.0,0.7949535723624432,0.7818314824680284,0.6234898018587354,0.49999999999999994,-0.8660254037844387,1.0
2023-05-16,Kacang Hijau,13000.0,17000.0,Kacang Hijau,Q2-2023,2023.0,5939.87,14.36056478,8529.988793999999,16,5,2023,5.9180936616165525e-05,0.7675227678377139,0.7928256305901353,1.0,0.7949535723624432,0.9749279121818237,-0.22252093395631387,0.49999999999999994,-0.8660254037844387,1.0
2023-05-17,Kacang Hijau,13000.0,17000.0,Kacang Hijau,Q2-2023,2023.0,5939.87,14.36056478,8529.988793999999,17,5,2023,5.9180936616165525e-05,0.7675227678377139,0.7928256305901353,1.0,0.7949535723624432,0.43388373911755707,-0.9009688679024196,0.49999999999999994,-0.8660254037844387,1.0
2023-05-18,Kacang Hijau,13000.0,17000.0,Kacang Hijau,Q2-2023,2023.0,5939.87,14.36056478,8529.988793999999,18,5,2023,5.9180936616165525e-05,0.7675227678377139,0.7928256305901353,1.0,0.7949535723624432,-0.43388373911755757,-0.9009688679024194,0.49999999999999994,-0.8660254037844387,1.0
2023-05-19,Kacang Hijau,13000.000021277485,16999.89402552231,Kacang Hijau,Q2-2023,2023.0,5939.87,14.36056478,8529.988793999999,19,5,2023,5.919157472877856e-05,0.7674915005045326,0.7928256305901353,1.0,0.7949535723624432,-0.9749279121818235,-0.22252093395631506,0.49999999999999994,-0.8660254037844387,1.0
2023-05-20,Kacang Hijau,13000.000013418758,16999.881622352426,Kacang Hijau,Q2-2023,2023.0,5939.87,14.36056478,8529.988793999999,20,5,2023,5.9187645597980065e-05,0.7674878410003414,0.7928256305901353,1.0,0.7949535723624432,-0.7818314824680302,0.6234898018587329,0.49999999999999994,-0.8660254037844387,1.0
2023-05-21,Kacang Hijau,13000.00000676183,16999.888096917213,Kacang Hijau,Q2-2023,2023.0,5939.87,14.36056478,8529.988793999999,21,5,2023,5.918431733054064e-05,0.7674897512940166,0.7928256305901353,1.0,0.7949535723624432,-7.347880794884119e-16,1.0,0.49999999999999994,-0.8660254037844387,1.0
2023-05-22,Kacang Hijau,13000.0,17000.0,Kacang Hijau,Q2-2023,2023.0,5939.87,14.36056478,8529.988793999999,22,5,2023,5.9180936616165525e-05,0.7675227678377139,0.7928256305901353,1.0,0.7949535723624432,0.7818314824680271,0.6234898018587369,0.49999999999999994,-0.8660254037844387,1.0
2023-05-23,Kacang Hijau,13000.0,17000.0,Kacang Hijau,Q2-2023,2023.0,5939.87,14.36056478,8529.988793999999,23,5,2023,5.9180936616165525e-05,0.7675227678377139,0.7928256305901353,1.0,0.7949535723624432,0.9749279121818238,-0.22252093395631362,0.49999999999999994,-0.8660254037844387,1.0
2023-05-24,Kacang Hijau,13000.0,17000.0,Kacang Hijau,Q2-2023,2023.0,5939.87,14.36056478,8529.988793999999,24,5,2023,5.9180936616165525e-05,0.7675227678377139,0.7928256305901353,1.0,0.7949535723624432,0.4338837391175589,-0.9009688679024188,0.49999999999999994,-0.8660254037844387,1.0
2023-05-25,Kacang Hijau,13000.0,17000.0,Kacang Hijau,Q2-2023,2023.0,5939.87,14.36056478,8529.988793999999,25,5,2023,5.9180936616165525e-05,0.7675227678377139,0.7928256305901353,1.0,0.7949535723624432,-0.43388373911755734,-0.9009688679024195,0.49999999999999994,-0.8660254037844387,1.0
2023-05-26,Kacang Hijau,13000.0,17000.0,Kacang Hijau,Q2-2023,2023.0,5939.87,14.36056478,8529.988793999999,26,5,2023,5.9180936616165525e-05,0.7675227678377139,0.7928256305901353,1.0,0.7949535723624432,-0.9749279121818242,-0.22252093395631184,0.49999999999999994,-0.8660254037844387,1.0
2023-05-27,Kacang Hijau,12999.999988968711,17000.593874541657,Kacang Hijau,Q2-2023,2023.0,5939.87,14.36056478,8529.988793999999,27,5,2023,5.917542129818543e-05,0.7676979880753274,0.7928256305901353,1.0,0.7949535723624432,-0.7818314824680304,0.6234898018587328,0.49999999999999994,-0.8660254037844387,1.0
2023-05-28,Kacang Hijau,12999.999988649433,16999.468989615038,Kacang Hijau,Q2-2023,2023.0,5939.87,14.36056478,8529.988793999999,28,5,2023,5.917526166854259e-05,0.7673660954106243,0.7928256305901353,1.0,0.7949535723624432,-9.797174393178826e-16,1.0,0.49999999999999994,-0.8660254037844387,1.0
2023-05-29,Kacang Hijau,13000.0,17000.0,Kacang Hijau,Q2-2023,2023.0,5939.87,14.36056478,8529.988793999999,29,5,2023,5.9180936616165525e-05,0.7675227678377139,0.7928256305901353,1.0,0.7949535723624432,0.7818314824680291,0.6234898018587344,0.49999999999999994,-0.8660254037844387,1.0
2023-05-30,Kacang Hijau,13000.0,17000.0,Kacang Hijau,Q2-2023,2023.0,5939.87,14.36056478,8529.988793999999,30,5,2023,5.9180936616165525e-05,0.7675227678377139,0.7928256305901353,1.0,0.7949535723624432,0.9749279121818246,-0.22252093395630992,0.49999999999999994,-0.8660254037844387,1.0
2023-05-31,Kacang Hijau,13000.0,17000.0,Kacang Hijau,Q2-2023,2023.0,5939.87,14.36056478,8529.988793999999,31,5,2023,5.9180936616165525e-05,0.7675227678377139,0.7928256305901353,1.0,0.7949535723624432,0.4338837391175591,-0.9009688679024187,0.49999999999999994,-0.8660254037844387,1.0
2023-06-01,Kacang Hijau,12999.999980971039,16999.973382110133,Kacang Hijau,Q2-2023,2023.0,5939.87,14.36056478,8529.988793999999,1,6,2023,5.917142269851183e-05,0.7675149143389355,0.7928256305901353,1.0,0.7949535723624432,0.7818314824680298,0.6234898018587336,1.2246467991473532e-16,-1.0,1.0
2023-06-02,Kacang Hijau,13000.0,17000.0,Kacang Hijau,Q2-2023,2023.0,5939.87,14.36056478,8529.988793999999,2,6,2023,5.9180936616165525e-05,0.7675227678377139,0.7928256305901353,1.0,0.7949535723624432,0.9749279121818236,-0.22252093395631434,1.2246467991473532e-16,-1.0,1.0
2023-06-03,Kacang Hijau,12999.99998262083,17000.18008452213,Kacang Hijau,Q2-2023,2023.0,5939.87,14.36056478,8529.988793999999,3,6,2023,5.9172247545369316e-05,0.7675759010342809,0.7928256305901353,1.0,0.7949535723624432,0.43388373911755823,-0.900968867902419,1.2246467991473532e-16,-1.0,1.0
2023-06-04,Kacang Hijau,12999.999983470825,17000.26242196858,Kacang Hijau,Q2-2023,2023.0,5939.87,14.36056478,8529.988793999999,4,6,2023,5.917267251742686e-05,0.7676001943587449,0.7928256305901353,1.0,0.7949535723624432,-0.433883739117558,-0.9009688679024191,1.2246467991473532e-16,-1.0,1.0
2023-06-05,Kacang Hijau,13000.0,17000.0,Kacang Hijau,Q2-2023,2023.0,5939.87,14.36056478,8529.988793999999,5,6,2023,5.9180936616165525e-05,0.7675227678377139,0.7928256305901353,1.0,0.7949535723624432,-0.9749279121818236,-0.2225209339563146,1.2246467991473532e-16,-1.0,1.0
2023-06-06,Kacang Hijau,13000.0,17000.0,Kacang Hijau,Q2-2023,2023.0,5939.87,14.36056478,8529.988793999999,6,6,2023,5.9180936616165525e-05,0.7675227678377139,0.7928256305901353,1.0,0.7949535723624432,-0.7818314824680299,0.6234898018587334,1.2246467991473532e-16,-1.0,1.0
2023-06-07,Kacang Hijau,13000.0,17000.0,Kacang Hijau,Q2-2023,2023.0,5939.87,14.36056478,8529.988793999999,7,6,2023,5.9180936616165525e-05,0.7675227678377139,0.7928256305901353,1.0,0.7949535723624432,-2.4492935982947064e-16,1.0,1.2246467991473532e-16,-1.0,1.0
2023-06-08,Kacang Hijau,13000.0,17000.0,Kacang Hijau,Q2-2023,2023.0,5939.87,14.36056478,8529.988793999999,8,6,2023,5.9180936616165525e-05,0.7675227678377139,0.7928256305901353,1.0,0.7949535723624432,0.7818314824680296,0.6234898018587337,1.2246467991473532e-16,-1.0,1.0
2023-06-09,Kacang Hijau,13000.0,17000.0,Kacang Hijau,Q2-2023,2023.0,5939.87,14.36056478,8529.988793999999,9,6,2023,5.9180936616165525e-05,0.7675227678377139,0.7928256305901353,1.0,0.7949535723624432,0.9749279121818237,-0.2225209339563141,1.2246467991473532e-16,-1.0,1.0
2023-06-10,Kacang Hijau,12999.999995117016,17000.014898323003,Kacang Hijau,Q2-2023,2023.0,5939.87,14.36056478,8529.988793999999,10,6,2023,5.9178495268596976e-05,0.7675271635265561,0.7928256305901353,1.0,0.7949535723624432,0.43388373911755845,-0.9009688679024189,1.2246467991473532e-16,-1.0,1.0
2023-06-11,Kacang Hijau,12999.999994862246,16999.037576503506,Kacang Hijau,Q2-2023,2023.0,5939.87,14.36056478,8529.988793999999,11,6,2023,5.917836789137709e-05,0.7672388087488642,0.7928256305901353,1.0,0.7949535723624432,-0.4338837391175562,-0.90096886790242,1.2246467991473532e-16,-1.0,1.0
2023-06-12,Kacang Hijau,13000.0,17000.0,Kacang Hijau,Q2-2023,2023.0,5939.87,14.36056478,8529.988793999999,12,6,2023,5.9180936616165525e-05,0.7675227678377139,0.7928256305901353,1.0,0.7949535723624432,-0.9749279121818235,-0.2225209339563148,1.2246467991473532e-16,-1.0,1.0
2023-06-13,Kacang Hijau,13000.0,17000.0,Kacang Hijau,Q2-2023,2023.0,5939.87,14.36056478,8529.988793999999,13,6,2023,5.9180936616165525e-05,0.7675227678377139,0.7928256305901353,1.0,0.7949535723624432,-0.781831482468029,0.6234898018587346,1.2246467991473532e-16,-1.0,1.0
2023-06-14,Kacang Hijau,13000.0,17000.0,Kacang Hijau,Q2-2023,2023.0,5939.87,14.36056478,8529.988793999999,14,6,2023,5.9180936616165525e-05,0.7675227678377139,0.7928256305901353,1.0,0.7949535723624432,-4.898587196589413e-16,1.0,1.2246467991473532e-16,-1.0,1.0
2023-06-15,Kacang Hijau,13000.0,17000.0,Kacang Hijau,Q2-2023,2023.0,5939.87,14.36056478,8529.988793999999,15,6,2023,5.9180936616165525e-05,0.7675227678377139,0.7928256305901353,1.0,0.7949535723624432,0.7818314824680284,0.6234898018587354,1.2246467991473532e-16,-1.0,1.0
2023-06-16,Kacang Hijau,13000.0,17000.0,Kacang Hijau,Q2-2023,2023.0,5939.87,14.36056478,8529.988793999999,16,6,2023,5.9180936616165525e-05,0.7675227678377139,0.7928256305901353,1.0,0.7949535723624432,0.9749279121818237,-0.22252093395631387,1.2246467991473532e-16,-1.0,1.0
2023-06-17,Kacang Hijau,12999.999997237019,17000.389480937396,Kacang Hijau,Q2-2023,2023.0,5939.87,14.36056478,8529.988793999999,17,6,2023,5.917955520740037e-05,0.767637682584196,0.7928256305901353,1.0,0.7949535723624432,0.43388373911755707,-0.9009688679024196,1.2246467991473532e-16,-1.0,1.0
2023-06-18,Kacang Hijau,12999.999997632129,17000.02580570206,Kacang Hijau,Q2-2023,2023.0,5939.87,14.36056478,8529.988793999999,18,6,2023,5.917975275071541e-05,0.7675303817038239,0.7928256305901353,1.0,0.7949535723624432,-0.43388373911755757,-0.9009688679024194,1.2246467991473532e-16,-1.0,1.0
2023-06-19,Kacang Hijau,13000.0,17000.0,Kacang Hijau,Q2-2023,2023.0,5939.87,14.36056478,8529.988793999999,19,6,2023,5.9180936616165525e-05,0.7675227678377139,0.7928256305901353,1.0,0.7949535723624432,-0.9749279121818235,-0.22252093395631506,1.2246467991473532e-16,-1.0,1.0
2023-06-20,Kacang Hijau,13000.0,17000.0,Kacang Hijau,Q2-2023,2023.0,5939.87,14.36056478,8529.988793999999,20,6,2023,5.9180936616165525e-05,0.7675227678377139,0.7928256305901353,1.0,0.7949535723624432,-0.7818314824680302,0.6234898018587329,1.2246467991473532e-16,-1.0,1.0
2023-06-21,Kacang Hijau,13000.0,17000.0,Kacang Hijau,Q2-2023,2023.0,5939.87,14.36056478,8529.988793999999,21,6,2023,5.9180936616165525e-05,0.7675227678377139,0.7928256305901353,1.0,0.7949535723624432,-7.347880794884119e-16,1.0,1.2246467991473532e-16,-1.0,1.0
2023-06-22,Kacang Hijau,13000.0,17000.0,Kacang Hijau,Q2-2023,2023.0,5939.87,14.36056478,8529.988793999999,22,6,2023,5.9180936616165525e-05,0.7675227678377139,0.7928256305901353,1.0,0.7949535723624432,0.7818314824680271,0.6234898018587369,1.2246467991473532e-16,-1.0,1.0
2023-06-23,Kacang Hijau,13000.0,17000.0,Kacang Hijau,Q2-2023,2023.0,5939.87,14.36056478,8529.988793999999,23,6,2023,5.9180936616165525e-05,0.7675227678377139,0.7928256305901353,1.0,0.7949535723624432,0.9749279121818238,-0.22252093395631362,1.2246467991473532e-16,-1.0,1.0
2023-06-24,Kacang Hijau,13000.000000988053,17000.113589236087,Kacang Hijau,Q2-2023,2023.0,5939.87,14.36056478,8529.988793999999,24,6,2023,5.9181430613897135e-05,0.7675562818739987,0.7928256305901353,1.0,0.7949535723624432,0.4338837391175589,-0.9009688679024188,1.2246467991473532e-16,-1.0,1.0
2023-06-25,Kacang Hijau,13000.000001119306,17000.12730131284,Kacang Hijau,Q2-2023,2023.0,5939.87,14.36056478,8529.988793999999,25,6,2023,5.9181496236071496e-05,0.7675603275657705,0.7928256305901353,1.0,0.7949535723624432,-0.43388373911755734,-0.9009688679024195,1.2246467991473532e-16,-1.0,1.0
2023-06-26,Kacang Hijau,13000.0,17000.0,Kacang Hijau,Q2-2023,2023.0,5939.87,14.36056478,8529.988793999999,26,6,2023,5.9180936616165525e-05,0.7675227678377139,0.7928256305901353,1.0,0.7949535723624432,-0.9749279121818242,-0.22252093395631184,1.2246467991473532e-16,-1.0,1.0
2023-06-27,Kacang Hijau,13000.0,17000.0,Kacang Hijau,Q2-2023,2023.0,5939.87,14.36056478,8529.988793999999,27,6,2023,5.9180936616165525e-05,0.7675227678377139,0.7928256305901353,1.0,0.7949535723624432,-0.7818314824680304,0.6234898018587328,1.2246467991473532e-16,-1.0,1.0
2023-06-28,Kacang Hijau,13000.0,17000.0,Kacang Hijau,Q2-2023,2023.0,5939.87,14.36056478,8529.988793999999,28,6,2023,5.9180936616165525e-05,0.7675227678377139,0.7928256305901353,1.0,0.7949535723624432,-9.797174393178826e-16,1.0,1.2246467991473532e-16,-1.0,1.0
2023-06-29,Kacang Hijau,13000.000001099988,16999.820867300456,Kacang Hijau,Q2-2023,2023.0,5939.87,14.36056478,8529.988793999999,29,6,2023,5.918148657801936e-05,0.7674699154724802,0.7928256305901353,1.0,0.7949535723624432,0.7818314824680291,0.6234898018587344,1.2246467991473532e-16,-1.0,1.0
2023-06-30,Kacang Hijau,13000.0,17000.0,Kacang Hijau,Q2-2023,2023.0,5939.87,14.36056478,8529.988793999999,30,6,2023,5.9180936616165525e-05,0.7675227678377139,0.7928256305901353,1.0,0.7949535723624432,0.9749279121818246,-0.22252093395630992,1.2246467991473532e-16,-1.0,1.0
2023-07-01,Kacang Hijau,13000.000000648406,16999.88913636397,Kacang Hijau,Q2-2023,2023.0,5939.87,14.36056478,8529.988793999999,1,7,2023,5.918126080040054e-05,0.7674900579785007,0.7928256305901353,1.0,0.7949535723624432,0.7818314824680298,0.6234898018587336,-0.4999999999999997,-0.8660254037844388,1.0
2023-07-02,Kacang Hijau,12999.999999716074,16999.921380525528,Kacang Hijau,Q2-2023,2023.0,5939.87,14.36056478,8529.988793999999,2,7,2023,5.918079466127324e-05,0.767499571485569,0.7928256305901353,1.0,0.7949535723624432,0.9749279121818236,-0.22252093395631434,-0.4999999999999997,-0.8660254037844388,1.0
2023-07-03,Kacang Hijau,13000.0,17000.0,Kacang Hijau,Q2-2023,2023.0,5939.87,14.36056478,8529.988793999999,3,7,2023,5.9180936616165525e-05,0.7675227678377139,0.7928256305901353,1.0,0.7949535723624432,0.43388373911755823,-0.900968867902419,-0.4999999999999997,-0.8660254037844388,1.0
2023-07-04,Kacang Hijau,13000.0,17000.0,Kacang Hijau,Q2-2023,2023.0,5939.87,14.36056478,8529.988793999999,4,7,2023,5.9180936616165525e-05,0.7675227678377139,0.7928256305901353,1.0,0.7949535723624432,-0.433883739117558,-0.9009688679024191,-0.4999999999999997,-0.8660254037844388,1.0
2023-07-05,Kacang Hijau,13000.0,17000.0,Kacang Hijau,Q2-2023,2023.0,5939.87,14.36056478,8529.988793999999,5,7,2023,5.9180936616165525e-05,0.7675227678377139,0.7928256305901353,1.0,0.7949535723624432,-0.9749279121818236,-0.2225209339563146,-0.4999999999999997,-0.8660254037844388,1.0
2023-07-06,Kacang Hijau,13000.0,17000.0,Kacang Hijau,Q2-2023,2023.0,5939.87,14.36056478,8529.988793999999,6,7,2023,5.9180936616165525e-05,0.7675227678377139,0.7928256305901353,1.0,0.7949535723624432,-0.7818314824680299,0.6234898018587334,-0.4999999999999997,-0.8660254037844388,1.0
2023-07-07,Kacang Hijau,13000.0,17000.0,Kacang Hijau,Q2-2023,2023.0,5939.87,14.36056478,8529.988793999999,7,7,2023,5.9180936616165525e-05,0.7675227678377139,0.7928256305901353,1.0,0.7949535723624432,-2.4492935982947064e-16,1.0,-0.4999999999999997,-0.8660254037844388,1.0
2023-07-08,Kacang Hijau,12999.999997307848,17000.023401355073,Kacang Hijau,Q2-2023,2023.0,5939.87,14.36056478,8529.988793999999,8,7,2023,5.917959061996214e-05,0.7675296723111487,0.7928256305901353,1.0,0.7949535723624432,0.7818314824680296,0.6234898018587337,-0.4999999999999997,-0.8660254037844388,1.0
2023-07-09,Kacang Hijau,12999.999996849148,17000.025771338314,Kacang Hijau,Q2-2023,2023.0,5939.87,14.36056478,8529.988793999999,9,7,2023,5.917936128341239e-05,0.7675303715649431,0.7928256305901353,1.0,0.7949535723624432,0.9749279121818237,-0.2225209339563141,-0.4999999999999997,-0.8660254037844388,1.0
2023-07-10,Kacang Hijau,13000.0,17000.0,Kacang Hijau,Q2-2023,2023.0,5939.87,14.36056478,8529.988793999999,10,7,2023,5.9180936616165525e-05,0.7675227678377139,0.7928256305901353,1.0,0.7949535723624432,0.43388373911755845,-0.9009688679024189,-0.4999999999999997,-0.8660254037844388,1.0
2023-07-11,Kacang Hijau,13000.0,17000.0,Kacang Hijau,Q2-2023,2023.0,5939.87,14.36056478,8529.988793999999,11,7,2023,5.9180936616165525e-05,0.7675227678377139,0.7928256305901353,1.0,0.7949535723624432,-0.4338837391175562,-0.90096886790242,-0.4999999999999997,-0.8660254037844388,1.0
2023-07-12,Kacang Hijau,13000.0,17000.0,Kacang Hijau,Q2-2023,2023.0,5939.87,14.36056478,8529.988793999999,12,7,2023,5.9180936616165525e-05,0.7675227678377139,0.7928256305901353,1.0,0.7949535723624432,-0.9749279121818235,-0.2225209339563148,-0.4999999999999997,-0.8660254037844388,1.0
2023-07-13,Kacang Hijau,13000.0,17000.0,Kacang Hijau,Q2-2023,2023.0,5939.87,14.36056478,8529.988793999999,13,7,2023,5.9180936616165525e-05,0.7675227678377139,0.7928256305901353,1.0,0.7949535723624432,-0.781831482468029,0.6234898018587346,-0.4999999999999997,-0.8660254037844388,1.0
2023-07-14,Kacang Hijau,13000.0,17000.0,Kacang Hijau,Q2-2023,2023.0,5939.87,14.36056478,8529.988793999999,14,7,2023,5.9180936616165525e-05,0.7675227678377139,0.7928256305901353,1.0,0.7949535723624432,-4.898587196589413e-16,1.0,-0.4999999999999997,-0.8660254037844388,1.0
2023-07-15,Kacang Hijau,12999.999994539832,17000.014149409428,Kacang Hijau,Q2-2023,2023.0,5939.87,14.36056478,8529.988793999999,15,7,2023,5.9178206694099345e-05,0.7675269425626903,0.7928256305901353,1.0,0.7949535723624432,0.7818314824680284,0.6234898018587354,-0.4999999999999997,-0.8660254037844388,1.0
2023-07-16,Kacang Hijau,12999.999994496937,17000.014134000943,Kacang Hijau,Q2-2023,2023.0,5939.87,14.36056478,8529.988793999999,16,7,2023,5.9178185247255044e-05,0.7675269380164806,0.7928256305901353,1.0,0.7949535723624432,0.9749279121818237,-0.22252093395631387,-0.4999999999999997,-0.8660254037844388,1.0
2023-07-17,Kacang Hijau,13000.0,17000.0,Kacang Hijau,Q2-2023,2023.0,5939.87,14.36056478,8529.988793999999,17,7,2023,5.9180936616165525e-05,0.7675227678377139,0.7928256305901353,1.0,0.7949535723624432,0.43388373911755707,-0.9009688679024196,-0.4999999999999997,-0.8660254037844388,1.0
2023-07-18,Kacang Hijau,13000.0,17000.0,Kacang Hijau,Q2-2023,2023.0,5939.87,14.36056478,8529.988793999999,18,7,2023,5.9180936616165525e-05,0.7675227678377139,0.7928256305901353,1.0,0.7949535723624432,-0.43388373911755757,-0.9009688679024194,-0.4999999999999997,-0.8660254037844388,1.0
2023-07-19,Kacang Hijau,13000.0,17000.0,Kacang Hijau,Q2-2023,2023.0,5939.87,14.36056478,8529.988793999999,19,7,2023,5.9180936616165525e-05,0.7675227678377139,0.7928256305901353,1.0,0.7949535723624432,-0.9749279121818235,-0.22252093395631506,-0.4999999999999997,-0.8660254037844388,1.0
2023-07-20,Kacang Hijau,13000.0,17000.0,Kacang Hijau,Q2-2023,2023.0,5939.87,14.36056478,8529.988793999999,20,7,2023,5.9180936616165525e-05,0.7675227678377139,0.7928256305901353,1.0,0.7949535723624432,-0.7818314824680302,0.6234898018587329,-0.4999999999999997,-0.8660254037844388,1.0
2023-07-21,Kacang Hijau,13000.0,17000.0,Kacang Hijau,Q2-2023,2023.0,5939.87,14.36056478,8529.988793999999,21,7,2023,5.9180936616165525e-05,0.7675227678377139,0.7928256305901353,1.0,0.7949535723624432,-7.347880794884119e-16,1.0,-0.4999999999999997,-0.8660254037844388,1.0
2023-07-22,Kacang Hijau,12999.999996625864,16999.999150835407,Kacang Hijau,Q2-2023,2023.0,5939.87,14.36056478,8529.988793999999,22,7,2023,5.917924964826682e-05,0.7675225172951983,0.7928256305901353,1.0,0.7949535723624432,0.7818314824680271,0.6234898018587369,-0.4999999999999997,-0.8660254037844388,1.0
2023-07-23,Kacang Hijau,12999.999997220384,16999.998430220072,Kacang Hijau,Q2-2023,2023.0,5939.87,14.36056478,8529.988793999999,23,7,2023,5.917954689049765e-05,0.7675223046806119,0.7928256305901353,1.0,0.7949535723624432,0.9749279121818238,-0.22252093395631362,-0.4999999999999997,-0.8660254037844388,1.0
2023-07-24,Kacang Hijau,13000.0,17000.0,Kacang Hijau,Q2-2023,2023.0,5939.87,14.36056478,8529.988793999999,24,7,2023,5.9180936616165525e-05,0.7675227678377139,0.7928256305901353,1.0,0.7949535723624432,0.4338837391175589,-0.9009688679024188,-0.4999999999999997,-0.8660254037844388,1.0
2023-07-25,Kacang Hijau,13000.0,17000.0,Kacang Hijau,Q2-2023,2023.0,5939.87,14.36056478,8529.988793999999,25,7,2023,5.9180936616165525e-05,0.7675227678377139,0.7928256305901353,1.0,0.7949535723624432,-0.43388373911755734,-0.9009688679024195,-0.4999999999999997,-0.8660254037844388,1.0
2023-07-26,Kacang Hijau,13000.0,17000.0,Kacang Hijau,Q2-2023,2023.0,5939.87,14.36056478,8529.988793999999,26,7,2023,5.9180936616165525e-05,0.7675227678377139,0.7928256305901353,1.0,0.7949535723624432,-0.9749279121818242,-0.22252093395631184,-0.4999999999999997,-0.8660254037844388,1.0
2023-07-27,Kacang Hijau,13000.0,17000.0,Kacang Hijau,Q2-2023,2023.0,5939.87,14.36056478,8529.988793999999,27,7,2023,5.9180936616165525e-05,0.7675227678377139,0.7928256305901353,1.0,0.7949535723624432,-0.7818314824680304,0.6234898018587328,-0.4999999999999997,-0.8660254037844388,1.0
2023-07-28,Kacang Hijau,13000.0,17000.0,Kacang Hijau,Q2-2023,2023.0,5939.87,14.36056478,8529.988793999999,28,7,2023,5.9180936616165525e-05,0.7675227678377139,0.7928256305901353,1.0,0.7949535723624432,-9.797174393178826e-16,1.0,-0.4999999999999997,-0.8660254037844388,1.0
2023-07-29,Kacang Hijau,13000.000000353986,16999.998576305716,Kacang Hijau,Q2-2023,2023.0,5939.87,14.36056478,8529.988793999999,29,7,2023,5.9181113599038326e-05,0.7675223477825792,0.7928256305901353,1.0,0.7949535723624432,0.7818314824680291,0.6234898018587344,-0.4999999999999997,-0.8660254037844388,1.0
2023-07-30,Kacang Hijau,13000.0,17000.0,Kacang Hijau,Q2-2023,2023.0,5939.87,14.36056478,8529.988793999999,30,7,2023,5.9180936616165525e-05,0.7675227678377139,0.7928256305901353,1.0,0.7949535723624432,0.9749279121818246,-0.22252093395630992,-0.4999999999999997,-0.8660254037844388,1.0
2023-07-31,Kacang Hijau,13000.0,17000.0,Kacang Hijau,Q2-2023,2023.0,5939.87,14.36056478,8529.988793999999,31,7,2023,5.9180936616165525e-05,0.7675227678377139,0.7928256305901353,1.0,0.7949535723624432,0.4338837391175591,-0.9009688679024187,-0.4999999999999997,-0.8660254037844388,1.0
2023-08-01,Kacang Hijau,13000.0,17000.0,Kacang Hijau,Q2-2023,2023.0,5939.87,14.36056478,8529.988793999999,1,8,2023,5.9180936616165525e-05,0.7675227678377139,0.7928256305901353,1.0,0.7949535723624432,0.7818314824680298,0.6234898018587336,-0.8660254037844384,-0.5000000000000004,1.0
2023-08-02,Kacang Hijau,13000.0,17000.0,Kacang Hijau,Q2-2023,2023.0,5939.87,14.36056478,8529.988793999999,2,8,2023,5.9180936616165525e-05,0.7675227678377139,0.7928256305901353,1.0,0.7949535723624432,0.9749279121818236,-0.22252093395631434,-0.8660254037844384,-0.5000000000000004,1.0
2023-08-03,Kacang Hijau,13000.0,17000.0,Kacang Hijau,Q2-2023,2023.0,5939.87,14.36056478,8529.988793999999,3,8,2023,5.9180936616165525e-05,0.7675227678377139,0.7928256305901353,1.0,0.7949535723624432,0.43388373911755823,-0.900968867902419,-0.8660254037844384,-0.5000000000000004,1.0
2023-08-04,Kacang Hijau,13000.0,17000.0,Kacang Hijau,Q2-2023,2023.0,5939.87,14.36056478,8529.988793999999,4,8,2023,5.9180936616165525e-05,0.7675227678377139,0.7928256305901353,1.0,0.7949535723624432,-0.433883739117558,-0.9009688679024191,-0.8660254037844384,-0.5000000000000004,1.0
2023-08-05,Kacang Hijau,13000.000000467837,16999.996994414087,Kacang Hijau,Q2-2023,2023.0,5939.87,14.36056478,8529.988793999999,5,8,2023,5.918117052061689e-05,0.7675218810519686,0.7928256305901353,1.0,0.7949535723624432,-0.9749279121818236,-0.2225209339563146,-0.8660254037844384,-0.5000000000000004,1.0
2023-08-06,Kacang Hijau,13000.000000317008,16999.99628283382,Kacang Hijau,Q2-2023,2023.0,5939.87,14.36056478,8529.988793999999,6,8,2023,5.918109511071634e-05,0.7675216711031423,0.7928256305901353,1.0,0.7949535723624432,-0.7818314824680299,0.6234898018587334,-0.8660254037844384,-0.5000000000000004,1.0
2023-08-07,Kacang Hijau,13000.000000185633,16999.99540456779,Kacang Hijau,Q2-2023,2023.0,5939.87,14.36056478,8529.988793999999,7,8,2023,5.918102942725767e-05,0.767521411974367,0.7928256305901353,1.0,0.7949535723624432,-2.4492935982947064e-16,1.0,-0.8660254037844384,-0.5000000000000004,1.0
2023-08-08,Kacang Hijau,13000.0,17000.0,Kacang Hijau,Q2-2023,2023.0,5939.87,14.36056478,8529.988793999999,8,8,2023,5.9180936616165525e-05,0.7675227678377139,0.7928256305901353,1.0,0.7949535723624432,0.7818314824680296,0.6234898018587337,-0.8660254037844384,-0.5000000000000004,1.0
2023-08-09,Kacang Hijau,13000.0,17000.0,Kacang Hijau,Q2-2023,2023.0,5939.87,14.36056478,8529.988793999999,9,8,2023,5.9180936616165525e-05,0.7675227678377139,0.7928256305901353,1.0,0.7949535723624432,0.9749279121818237,-0.2225209339563141,-0.8660254037844384,-0.5000000000000004,1.0
2023-08-10,Kacang Hijau,13000.0,17000.0,Kacang Hijau,Q2-2023,2023.0,5939.87,14.36056478,8529.988793999999,10,8,2023,5.9180936616165525e-05,0.7675227678377139,0.7928256305901353,1.0,0.7949535723624432,0.43388373911755845,-0.9009688679024189,-0.8660254037844384,-0.5000000000000004,1.0
2023-08-11,Kacang Hijau,13000.0,17000.0,Kacang Hijau,Q2-2023,2023.0,5939.87,14.36056478,8529.988793999999,11,8,2023,5.9180936616165525e-05,0.7675227678377139,0.7928256305901353,1.0,0.7949535723624432,-0.4338837391175562,-0.90096886790242,-0.8660254037844384,-0.5000000000000004,1.0
2023-08-12,Kacang Hijau,12999.999999500958,16999.991845776174,Kacang Hijau,Q2-2023,2023.0,5939.87,14.36056478,8529.988793999999,12,8,2023,5.918068710997204e-05,0.7675203619675575,0.7928256305901353,1.0,0.7949535723624432,-0.9749279121818235,-0.2225209339563148,-0.8660254037844384,-0.5000000000000004,1.0
2023-08-13,Kacang Hijau,12999.999999413754,16999.991852226514,Kacang Hijau,Q2-2023,2023.0,5939.87,14.36056478,8529.988793999999,13,8,2023,5.9180643511069775e-05,0.7675203638707044,0.7928256305901353,1.0,0.7949535723624432,-0.781831482468029,0.6234898018587346,-0.8660254037844384,-0.5000000000000004,1.0
2023-08-14,Kacang Hijau,13000.0,17000.0,Kacang Hijau,Q2-2023,2023.0,5939.87,14.36056478,8529.988793999999,14,8,2023,5.9180936616165525e-05,0.7675227678377139,0.7928256305901353,1.0,0.7949535723624432,-4.898587196589413e-16,1.0,-0.8660254037844384,-0.5000000000000004,1.0
2023-08-15,Kacang Hijau,13000.0,17000.0,Kacang Hijau,Q2-2023,2023.0,5939.87,14.36056478,8529.988793999999,15,8,2023,5.9180936616165525e-05,0.7675227678377139,0.7928256305901353,1.0,0.7949535723624432,0.7818314824680284,0.6234898018587354,-0.8660254037844384,-0.5000000000000004,1.0
2023-08-16,Kacang Hijau,13000.0,17000.0,Kacang Hijau,Q2-2023,2023.0,5939.87,14.36056478,8529.988793999999,16,8,2023,5.9180936616165525e-05,0.7675227678377139,0.7928256305901353,1.0,0.7949535723624432,0.9749279121818237,-0.22252093395631387,-0.8660254037844384,-0.5000000000000004,1.0
2023-08-17,Kacang Hijau,13000.0,17000.0,Kacang Hijau,Q2-2023,2023.0,5939.87,14.36056478,8529.988793999999,17,8,2023,5.9180936616165525e-05,0.7675227678377139,0.7928256305901353,1.0,0.7949535723624432,0.43388373911755707,-0.9009688679024196,-0.8660254037844384,-0.5000000000000004,1.0
2023-08-18,Kacang Hijau,13000.0,17000.0,Kacang Hijau,Q2-2023,2023.0,5939.87,14.36056478,8529.988793999999,18,8,2023,5.9180936616165525e-05,0.7675227678377139,0.7928256305901353,1.0,0.7949535723624432,-0.43388373911755757,-0.9009688679024194,-0.8660254037844384,-0.5000000000000004,1.0
2023-08-19,Kacang Hijau,12999.999999585849,16999.995333549647,Kacang Hijau,Q2-2023,2023.0,5939.87,14.36056478,8529.988793999999,19,8,2023,5.9180729552466005e-05,0.7675213910207566,0.7928256305901353,1.0,0.7949535723624432,-0.9749279121818235,-0.22252093395631506,-0.8660254037844384,-0.5000000000000004,1.0
2023-08-20,Kacang Hijau,12999.999999715525,16999.996234727165,Kacang Hijau,Q2-2023,2023.0,5939.87,14.36056478,8529.988793999999,20,8,2023,5.918079438682611e-05,0.7675216569094712,0.7928256305901353,1.0,0.7949535723624432,-0.7818314824680302,0.6234898018587329,-0.8660254037844384,-0.5000000000000004,1.0
2023-08-21,Kacang Hijau,13000.0,17000.0,Kacang Hijau,Q2-2023,2023.0,5939.87,14.36056478,8529.988793999999,21,8,2023,5.9180936616165525e-05,0.7675227678377139,0.7928256305901353,1.0,0.7949535723624432,-7.347880794884119e-16,1.0,-0.8660254037844384,-0.5000000000000004,1.0
2023-08-22,Kacang Hijau,13000.0,17000.0,Kacang Hijau,Q2-2023,2023.0,5939.87,14.36056478,8529.988793999999,22,8,2023,5.9180936616165525e-05,0.7675227678377139,0.7928256305901353,1.0,0.7949535723624432,0.7818314824680271,0.6234898018587369,-0.8660254037844384,-0.5000000000000004,1.0
2023-08-23,Kacang Hijau,13000.0,17000.0,Kacang Hijau,Q2-2023,2023.0,5939.87,14.36056478,8529.988793999999,23,8,2023,5.9180936616165525e-05,0.7675227678377139,0.7928256305901353,1.0,0.7949535723624432,0.9749279121818238,-0.22252093395631362,-0.8660254037844384,-0.5000000000000004,1.0
2023-08-24,Kacang Hijau,13000.0,17000.0,Kacang Hijau,Q2-2023,2023.0,5939.87,14.36056478,8529.988793999999,24,8,2023,5.9180936616165525e-05,0.7675227678377139,0.7928256305901353,1.0,0.7949535723624432,0.4338837391175589,-0.9009688679024188,-0.8660254037844384,-0.5000000000000004,1.0
2023-08-25,Kacang Hijau,13000.0,17000.0,Kacang Hijau,Q2-2023,2023.0,5939.87,14.36056478,8529.988793999999,25,8,2023,5.9180936616165525e-05,0.7675227678377139,0.7928256305901353,1.0,0.7949535723624432,-0.43388373911755734,-0.9009688679024195,-0.8660254037844384,-0.5000000000000004,1.0
2023-08-26,Kacang Hijau,13000.000000542817,17000.00034183047,Kacang Hijau,Q2-2023,2023.0,5939.87,14.36056478,8529.988793999999,26,8,2023,5.918120800885163e-05,0.7675228686933862,0.7928256305901353,1.0,0.7949535723624432,-0.9749279121818242,-0.22252093395631184,-0.8660254037844384,-0.5000000000000004,1.0
2023-08-27,Kacang Hijau,13000.000000176138,17000.000638414116,Kacang Hijau,Q2-2023,2023.0,5939.87,14.36056478,8529.988793999999,27,8,2023,5.9181024679944016e-05,0.7675229561991692,0.7928256305901353,1.0,0.7949535723624432,-0.7818314824680304,0.6234898018587328,-0.8660254037844384,-0.5000000000000004,1.0
2023-08-28,Kacang Hijau,13000.0,17000.0,Kacang Hijau,Q2-2023,2023.0,5939.87,14.36056478,8529.988793999999,28,8,2023,5.9180936616165525e-05,0.7675227678377139,0.7928256305901353,1.0,0.7949535723624432,-9.797174393178826e-16,1.0,-0.8660254037844384,-0.5000000000000004,1.0
2023-08-29,Kacang Hijau,13000.0,17000.0,Kacang Hijau,Q2-2023,2023.0,5939.87,14.36056478,8529.988793999999,29,8,2023,5.9180936616165525e-05,0.7675227678377139,0.7928256305901353,1.0,0.7949535723624432,0.7818314824680291,0.6234898018587344,-0.8660254037844384,-0.5000000000000004,1.0
2023-08-30,Kacang Hijau,13000.0,17000.0,Kacang Hijau,Q2-2023,2023.0,5939.87,14.36056478,8529.988793999999,30,8,2023,5.9180936616165525e-05,0.7675227678377139,0.7928256305901353,1.0,0.7949535723624432,0.9749279121818246,-0.22252093395630992,-0.8660254037844384,-0.5000000000000004,1.0
2023-08-31,Kacang Hijau,13000.0,17000.0,Kacang Hijau,Q2-2023,2023.0,5939.87,14.36056478,8529.988793999999,31,8,2023,5.9180936616165525e-05,0.7675227678377139,0.7928256305901353,1.0,0.7949535723624432,0.4338837391175591,-0.9009688679024187,-0.8660254037844384,-0.5000000000000004,1.0
2023-09-01,Kacang Hijau,13000.0,17000.0,Kacang Hijau,Q3-2023,2023.0,1172.3886,14.39569514,1687.734887,1,9,2023,5.9180936616165525e-05,0.7675227678377139,0.15648486096357092,1.0024463076862358,0.15728870342304635,0.7818314824680298,0.6234898018587336,-1.0,-1.8369701987210297e-16,1.0
2023-09-02,Kacang Hijau,13000.000000029999,17000.000934192118,Kacang Hijau,Q3-2023,2023.0,1172.3886,14.39569514,1687.734887,2,9,2023,5.91809516148345e-05,0.7675230434672509,0.15648486096357092,1.0024463076862358,0.15728870342304635,0.9749279121818236,-0.22252093395631434,-1.0,-1.8369701987210297e-16,1.0
2023-09-03,Kacang Hijau,12999.999999870193,17000.00083918884,Kacang Hijau,Q3-2023,2023.0,1172.3886,14.39569514,1687.734887,3,9,2023,5.91808717169684e-05,0.7675230154369252,0.15648486096357092,1.0024463076862358,0.15728870342304635,0.43388373911755823,-0.900968867902419,-1.0,-1.8369701987210297e-16,1.0
2023-09-04,Kacang Hijau,13000.0,17000.0,Kacang Hijau,Q3-2023,2023.0,1172.3886,14.39569514,1687.734887,4,9,2023,5.9180936616165525e-05,0.7675227678377139,0.15648486096357092,1.0024463076862358,0.15728870342304635,-0.433883739117558,-0.9009688679024191,-1.0,-1.8369701987210297e-16,1.0
2023-09-05,Kacang Hijau,13000.0,17000.0,Kacang Hijau,Q3-2023,2023.0,1172.3886,14.39569514,1687.734887,5,9,2023,5.9180936616165525e-05,0.7675227678377139,0.15648486096357092,1.0024463076862358,0.15728870342304635,-0.9749279121818236,-0.2225209339563146,-1.0,-1.8369701987210297e-16,1.0
2023-09-06,Kacang Hijau,13000.0,17000.0,Kacang Hijau,Q3-2023,2023.0,1172.3886,14.39569514,1687.734887,6,9,2023,5.9180936616165525e-05,0.7675227678377139,0.15648486096357092,1.0024463076862358,0.15728870342304635,-0.7818314824680299,0.6234898018587334,-1.0,-1.8369701987210297e-16,1.0
2023-09-07,Kacang Hijau,13000.0,17000.0,Kacang Hijau,Q3-2023,2023.0,1172.3886,14.39569514,1687.734887,7,9,2023,5.9180936616165525e-05,0.7675227678377139,0.15648486096357092,1.0024463076862358,0.15728870342304635,-2.4492935982947064e-16,1.0,-1.0,-1.8369701987210297e-16,1.0
2023-09-08,Kacang Hijau,13000.0,17000.0,Kacang Hijau,Q3-2023,2023.0,1172.3886,14.39569514,1687.734887,8,9,2023,5.9180936616165525e-05,0.7675227678377139,0.15648486096357092,1.0024463076862358,0.15728870342304635,0.7818314824680296,0.6234898018587337,-1.0,-1.8369701987210297e-16,1.0
2023-09-09,Kacang Hijau,12999.999999880925,16999.99984238293,Kacang Hijau,Q3-2023,2023.0,1172.3886,14.39569514,1687.734887,9,9,2023,5.918087708245423e-05,0.7675227213334468,0.15648486096357092,1.0024463076862358,0.15728870342304635,0.9749279121818237,-0.2225209339563141,-1.0,-1.8369701987210297e-16,1.0
2023-09-10,Kacang Hijau,12999.999999901422,16999.999701057517,Kacang Hijau,Q3-2023,2023.0,1172.3886,14.39569514,1687.734887,10,9,2023,5.918088733025684e-05,0.7675226796359658,0.15648486096357092,1.0024463076862358,0.15728870342304635,0.43388373911755845,-0.9009688679024189,-1.0,-1.8369701987210297e-16,1.0
2023-09-11,Kacang Hijau,13000.0,17000.0,Kacang Hijau,Q3-2023,2023.0,1172.3886,14.39569514,1687.734887,11,9,2023,5.9180936616165525e-05,0.7675227678377139,0.15648486096357092,1.0024463076862358,0.15728870342304635,-0.4338837391175562,-0.90096886790242,-1.0,-1.8369701987210297e-16,1.0
2023-09-12,Kacang Hijau,13000.0,17000.0,Kacang Hijau,Q3-2023,2023.0,1172.3886,14.39569514,1687.734887,12,9,2023,5.9180936616165525e-05,0.7675227678377139,0.15648486096357092,1.0024463076862358,0.15728870342304635,-0.9749279121818235,-0.2225209339563148,-1.0,-1.8369701987210297e-16,1.0
2023-09-13,Kacang Hijau,13000.0,17000.0,Kacang Hijau,Q3-2023,2023.0,1172.3886,14.39569514,1687.734887,13,9,2023,5.9180936616165525e-05,0.7675227678377139,0.15648486096357092,1.0024463076862358,0.15728870342304635,-0.781831482468029,0.6234898018587346,-1.0,-1.8369701987210297e-16,1.0
2023-09-14,Kacang Hijau,13000.0,17000.0,Kacang Hijau,Q3-2023,2023.0,1172.3886,14.39569514,1687.734887,14,9,2023,5.9180936616165525e-05,0.7675227678377139,0.15648486096357092,1.0024463076862358,0.15728870342304635,-4.898587196589413e-16,1.0,-1.0,-1.8369701987210297e-16,1.0
2023-09-15,Kacang Hijau,13000.0,17000.0,Kacang Hijau,Q3-2023,2023.0,1172.3886,14.39569514,1687.734887,15,9,2023,5.9180936616165525e-05,0.7675227678377139,0.15648486096357092,1.0024463076862358,0.15728870342304635,0.7818314824680284,0.6234898018587354,-1.0,-1.8369701987210297e-16,1.0
2023-09-16,Kacang Hijau,12999.999999958913,16999.999477943147,Kacang Hijau,Q3-2023,2023.0,1172.3886,14.39569514,1687.734887,16,9,2023,5.9180916073486856e-05,0.7675226138069897,0.15648486096357092,1.0024463076862358,0.15728870342304635,0.9749279121818237,-0.22252093395631387,-1.0,-1.8369701987210297e-16,1.0
2023-09-17,Kacang Hijau,12999.99999996795,16999.999504571693,Kacang Hijau,Q3-2023,2023.0,1172.3886,14.39569514,1687.734887,17,9,2023,5.9180920591650477e-05,0.7675226216636322,0.15648486096357092,1.0024463076862358,0.15728870342304635,0.43388373911755707,-0.9009688679024196,-1.0,-1.8369701987210297e-16,1.0
2023-09-18,Kacang Hijau,13000.0,17000.0,Kacang Hijau,Q3-2023,2023.0,1172.3886,14.39569514,1687.734887,18,9,2023,5.9180936616165525e-05,0.7675227678377139,0.15648486096357092,1.0024463076862358,0.15728870342304635,-0.43388373911755757,-0.9009688679024194,-1.0,-1.8369701987210297e-16,1.0
2023-09-19,Kacang Hijau,13000.0,17000.0,Kacang Hijau,Q3-2023,2023.0,1172.3886,14.39569514,1687.734887,19,9,2023,5.9180936616165525e-05,0.7675227678377139,0.15648486096357092,1.0024463076862358,0.15728870342304635,-0.9749279121818235,-0.22252093395631506,-1.0,-1.8369701987210297e-16,1.0
2023-09-20,Kacang Hijau,13000.0,17000.0,Kacang Hijau,Q3-2023,2023.0,1172.3886,14.39569514,1687.734887,20,9,2023,5.9180936616165525e-05,0.7675227678377139,0.15648486096357092,1.0024463076862358,0.15728870342304635,-0.7818314824680302,0.6234898018587329,-1.0,-1.8369701987210297e-16,1.0
2023-09-21,Kacang Hijau,13000.0,17000.0,Kacang Hijau,Q3-2023,2023.0,1172.3886,14.39569514,1687.734887,21,9,2023,5.9180936616165525e-05,0.7675227678377139,0.15648486096357092,1.0024463076862358,0.15728870342304635,-7.347880794884119e-16,1.0,-1.0,-1.8369701987210297e-16,1.0
2023-09-22,Kacang Hijau,13000.0,17000.0,Kacang Hijau,Q3-2023,2023.0,1172.3886,14.39569514,1687.734887,22,9,2023,5.9180936616165525e-05,0.7675227678377139,0.15648486096357092,1.0024463076862358,0.15728870342304635,0.7818314824680271,0.6234898018587369,-1.0,-1.8369701987210297e-16,1.0
2023-09-23,Kacang Hijau,13000.000000006825,16999.999614023705,Kacang Hijau,Q3-2023,2023.0,1172.3886,14.39569514,1687.734887,23,9,2023,5.918094002854701e-05,0.7675226539569984,0.15648486096357092,1.0024463076862358,0.15728870342304635,0.9749279121818238,-0.22252093395631362,-1.0,-1.8369701987210297e-16,1.0
2023-09-24,Kacang Hijau,13000.000000011107,16999.9995753549,Kacang Hijau,Q3-2023,2023.0,1172.3886,14.39569514,1687.734887,24,9,2023,5.9180942169057005e-05,0.7675226425479265,0.15648486096357092,1.0024463076862358,0.15728870342304635,0.4338837391175589,-0.9009688679024188,-1.0,-1.8369701987210297e-16,1.0
2023-09-25,Kacang Hijau,13000.0,17000.0,Kacang Hijau,Q3-2023,2023.0,1172.3886,14.39569514,1687.734887,25,9,2023,5.9180936616165525e-05,0.7675227678377139,0.15648486096357092,1.0024463076862358,0.15728870342304635,-0.43388373911755734,-0.9009688679024195,-1.0,-1.8369701987210297e-16,1.0
2023-09-26,Kacang Hijau,13000.0,17000.0,Kacang Hijau,Q3-2023,2023.0,1172.3886,14.39569514,1687.734887,26,9,2023,5.9180936616165525e-05,0.7675227678377139,0.15648486096357092,1.0024463076862358,0.15728870342304635,-0.9749279121818242,-0.22252093395631184,-1.0,-1.8369701987210297e-16,1.0
2023-09-27,Kacang Hijau,13000.0,17000.0,Kacang Hijau,Q3-2023,2023.0,1172.3886,14.39569514,1687.734887,27,9,2023,5.9180936616165525e-05,0.7675227678377139,0.15648486096357092,1.0024463076862358,0.15728870342304635,-0.7818314824680304,0.6234898018587328,-1.0,-1.8369701987210297e-16,1.0
2023-09-28,Kacang Hijau,13000.0,17000.0,Kacang Hijau,Q3-2023,2023.0,1172.3886,14.39569514,1687.734887,28,9,2023,5.9180936616165525e-05,0.7675227678377139,0.15648486096357092,1.0024463076862358,0.15728870342304635,-9.797174393178826e-16,1.0,-1.0,-1.8369701987210297e-16,1.0
2023-09-29,Kacang Hijau,13000.0,17000.0,Kacang Hijau,Q3-2023,2023.0,1172.3886,14.39569514,1687.734887,29,9,2023,5.9180936616165525e-05,0.7675227678377139,0.15648486096357092,1.0024463076862358,0.15728870342304635,0.7818314824680291,0.6234898018587344,-1.0,-1.8369701987210297e-16,1.0
2023-09-30,Kacang Hijau,13000.000000031036,16999.999187184723,Kacang Hijau,Q3-2023,2023.0,1172.3886,14.39569514,1687.734887,30,9,2023,5.918095213264252e-05,0.7675225280199145,0.15648486096357092,1.0024463076862358,0.15728870342304635,0.9749279121818246,-0.22252093395630992,-1.0,-1.8369701987210297e-16,1.0
2023-10-01,Kacang Hijau,13000.000000028178,16999.9991363692,Kacang Hijau,Q3-2023,2023.0,1172.3886,14.39569514,1687.734887,1,10,2023,5.918095070445162e-05,0.7675225130270027,0.15648486096357092,1.0024463076862358,0.15728870342304635,0.7818314824680298,0.6234898018587336,-0.8660254037844386,0.5000000000000001,1.0
2023-10-02,Kacang Hijau,13000.0,17000.0,Kacang Hijau,Q3-2023,2023.0,1172.3886,14.39569514,1687.734887,2,10,2023,5.9180936616165525e-05,0.7675227678377139,0.15648486096357092,1.0024463076862358,0.15728870342304635,0.9749279121818236,-0.22252093395631434,-0.8660254037844386,0.5000000000000001,1.0
2023-10-03,Kacang Hijau,13000.0,17000.0,Kacang Hijau,Q3-2023,2023.0,1172.3886,14.39569514,1687.734887,3,10,2023,5.9180936616165525e-05,0.7675227678377139,0.15648486096357092,1.0024463076862358,0.15728870342304635,0.43388373911755823,-0.900968867902419,-0.8660254037844386,0.5000000000000001,1.0
2023-10-04,Kacang Hijau,13000.0,17000.0,Kacang Hijau,Q3-2023,2023.0,1172.3886,14.39569514,1687.734887,4,10,2023,5.9180936616165525e-05,0.7675227678377139,0.15648486096357092,1.0024463076862358,0.15728870342304635,-0.433883739117558,-0.9009688679024191,-0.8660254037844386,0.5000000000000001,1.0
2023-10-05,Kacang Hijau,13000.0,17000.0,Kacang Hijau,Q3-2023,2023.0,1172.3886,14.39569514,1687.734887,5,10,2023,5.9180936616165525e-05,0.7675227678377139,0.15648486096357092,1.0024463076862358,0.15728870342304635,-0.9749279121818236,-0.2225209339563146,-0.8660254037844386,0.5000000000000001,1.0
2023-10-06,Kacang Hijau,13000.0,17000.0,Kacang Hijau,Q3-2023,2023.0,1172.3886,14.39569514,1687.734887,6,10,2023,5.9180936616165525e-05,0.7675227678377139,0.15648486096357092,1.0024463076862358,0.15728870342304635,-0.7818314824680299,0.6234898018587334,-0.8660254037844386,0.5000000000000001,1.0
2023-10-07,Kacang Hijau,13000.000000012913,17000.001096464228,Kacang Hijau,Q3-2023,2023.0,1172.3886,14.39569514,1687.734887,7,10,2023,5.918094307233446e-05,0.7675230913449687,0.15648486096357092,1.0024463076862358,0.15728870342304635,-2.4492935982947064e-16,1.0,-0.8660254037844386,0.5000000000000001,1.0
2023-10-08,Kacang Hijau,13000.000000004604,17000.00092699462,Kacang Hijau,Q3-2023,2023.0,1172.3886,14.39569514,1687.734887,8,10,2023,5.918093891832399e-05,0.7675230413436589,0.15648486096357092,1.0024463076862358,0.15728870342304635,0.7818314824680296,0.6234898018587337,-0.8660254037844386,0.5000000000000001,1.0
2023-10-09,Kacang Hijau,13000.0,17000.0,Kacang Hijau,Q3-2023,2023.0,1172.3886,14.39569514,1687.734887,9,10,2023,5.9180936616165525e-05,0.7675227678377139,0.15648486096357092,1.0024463076862358,0.15728870342304635,0.9749279121818237,-0.2225209339563141,-0.8660254037844386,0.5000000000000001,1.0
2023-10-10,Kacang Hijau,13000.0,17000.0,Kacang Hijau,Q3-2023,2023.0,1172.3886,14.39569514,1687.734887,10,10,2023,5.9180936616165525e-05,0.7675227678377139,0.15648486096357092,1.0024463076862358,0.15728870342304635,0.43388373911755845,-0.9009688679024189,-0.8660254037844386,0.5000000000000001,1.0
2023-10-11,Kacang Hijau,13000.0,17000.0,Kacang Hijau,Q3-2023,2023.0,1172.3886,14.39569514,1687.734887,11,10,2023,5.9180936616165525e-05,0.7675227678377139,0.15648486096357092,1.0024463076862358,0.15728870342304635,-0.4338837391175562,-0.90096886790242,-0.8660254037844386,0.5000000000000001,1.0
2023-10-12,Kacang Hijau,13000.0,17000.0,Kacang Hijau,Q3-2023,2023.0,1172.3886,14.39569514,1687.734887,12,10,2023,5.9180936616165525e-05,0.7675227678377139,0.15648486096357092,1.0024463076862358,0.15728870342304635,-0.9749279121818235,-0.2225209339563148,-0.8660254037844386,0.5000000000000001,1.0
2023-10-13,Kacang Hijau,13000.0,17000.0,Kacang Hijau,Q3-2023,2023.0,1172.3886,14.39569514,1687.734887,13,10,2023,5.9180936616165525e-05,0.7675227678377139,0.15648486096357092,1.0024463076862358,0.15728870342304635,-0.781831482468029,0.6234898018587346,-0.8660254037844386,0.5000000000000001,1.0
2023-10-14,Kacang Hijau,13000.000000000882,17000.000212298542,Kacang Hijau,Q3-2023,2023.0,1172.3886,14.39569514,1687.734887,14,10,2023,5.91809370575902e-05,0.7675228304755244,0.15648486096357092,1.0024463076862358,0.15728870342304635,-4.898587196589413e-16,1.0,-0.8660254037844386,0.5000000000000001,1.0
2023-10-15,Kacang Hijau,12999.999999999554,17000.000142755543,Kacang Hijau,Q3-2023,2023.0,1172.3886,14.39569514,1687.734887,15,10,2023,5.918093639323274e-05,0.7675228099571489,0.15648486096357092,1.0024463076862358,0.15728870342304635,0.7818314824680284,0.6234898018587354,-0.8660254037844386,0.5000000000000001,1.0
2023-10-16,Kacang Hijau,13000.0,17000.0,Kacang Hijau,Q3-2023,2023.0,1172.3886,14.39569514,1687.734887,16,10,2023,5.9180936616165525e-05,0.7675227678377139,0.15648486096357092,1.0024463076862358,0.15728870342304635,0.9749279121818237,-0.22252093395631387,-0.8660254037844386,0.5000000000000001,1.0
2023-10-17,Kacang Hijau,13000.0,17000.0,Kacang Hijau,Q3-2023,2023.0,1172.3886,14.39569514,1687.734887,17,10,2023,5.9180936616165525e-05,0.7675227678377139,0.15648486096357092,1.0024463076862358,0.15728870342304635,0.43388373911755707,-0.9009688679024196,-0.8660254037844386,0.5000000000000001,1.0
2023-10-18,Kacang Hijau,13000.0,17000.0,Kacang Hijau,Q3-2023,2023.0,1172.3886,14.39569514,1687.734887,18,10,2023,5.9180936616165525e-05,0.7675227678377139,0.15648486096357092,1.0024463076862358,0.15728870342304635,-0.43388373911755757,-0.9009688679024194,-0.8660254037844386,0.5000000000000001,1.0
2023-10-19,Kacang Hijau,13000.0,17000.0,Kacang Hijau,Q3-2023,2023.0,1172.3886,14.39569514,1687.734887,19,10,2023,5.9180936616165525e-05,0.7675227678377139,0.15648486096357092,1.0024463076862358,0.15728870342304635,-0.9749279121818235,-0.22252093395631506,-0.8660254037844386,0.5000000000000001,1.0
2023-10-20,Kacang Hijau,13000.0,17000.0,Kacang Hijau,Q3-2023,2023.0,1172.3886,14.39569514,1687.734887,20,10,2023,5.9180936616165525e-05,0.7675227678377139,0.15648486096357092,1.0024463076862358,0.15728870342304635,-0.7818314824680302,0.6234898018587329,-0.8660254037844386,0.5000000000000001,1.0
2023-10-21,Kacang Hijau,12999.999999993624,16999.99997252911,Kacang Hijau,Q3-2023,2023.0,1172.3886,14.39569514,1687.734887,21,10,2023,5.9180933428493177e-05,0.7675227597325405,0.15648486096357092,1.0024463076862358,0.15728870342304635,-7.347880794884119e-16,1.0,-0.8660254037844386,0.5000000000000001,1.0
2023-10-22,Kacang Hijau,12999.99999999374,16999.99997063077,Kacang Hijau,Q3-2023,2023.0,1172.3886,14.39569514,1687.734887,22,10,2023,5.918093348711295e-05,0.7675227591724445,0.15648486096357092,1.0024463076862358,0.15728870342304635,0.7818314824680271,0.6234898018587369,-0.8660254037844386,0.5000000000000001,1.0
2023-10-23,Kacang Hijau,13000.0,17000.0,Kacang Hijau,Q3-2023,2023.0,1172.3886,14.39569514,1687.734887,23,10,2023,5.9180936616165525e-05,0.7675227678377139,0.15648486096357092,1.0024463076862358,0.15728870342304635,0.9749279121818238,-0.22252093395631362,-0.8660254037844386,0.5000000000000001,1.0
2023-10-24,Kacang Hijau,13000.0,17000.0,Kacang Hijau,Q3-2023,2023.0,1172.3886,14.39569514,1687.734887,24,10,2023,5.9180936616165525e-05,0.7675227678377139,0.15648486096357092,1.0024463076862358,0.15728870342304635,0.4338837391175589,-0.9009688679024188,-0.8660254037844386,0.5000000000000001,1.0
2023-10-25,Kacang Hijau,13000.0,17000.0,Kacang Hijau,Q3-2023,2023.0,1172.3886,14.39569514,1687.734887,25,10,2023,5.9180936616165525e-05,0.7675227678377139,0.15648486096357092,1.0024463076862358,0.15728870342304635,-0.43388373911755734,-0.9009688679024195,-0.8660254037844386,0.5000000000000001,1.0
2023-10-26,Kacang Hijau,13000.0,17000.0,Kacang Hijau,Q3-2023,2023.0,1172.3886,14.39569514,1687.734887,26,10,2023,5.9180936616165525e-05,0.7675227678377139,0.15648486096357092,1.0024463076862358,0.15728870342304635,-0.9749279121818242,-0.22252093395631184,-0.8660254037844386,0.5000000000000001,1.0
2023-10-27,Kacang Hijau,13000.0,17000.0,Kacang Hijau,Q3-2023,2023.0,1172.3886,14.39569514,1687.734887,27,10,2023,5.9180936616165525e-05,0.7675227678377139,0.15648486096357092,1.0024463076862358,0.15728870342304635,-0.7818314824680304,0.6234898018587328,-0.8660254037844386,0.5000000000000001,1.0
2023-10-28,Kacang Hijau,12999.999999999818,17000.000030353913,Kacang Hijau,Q3-2023,2023.0,1172.3886,14.39569514,1687.734887,28,10,2023,5.9180936525571326e-05,0.7675227767935109,0.15648486096357092,1.0024463076862358,0.15728870342304635,-9.797174393178826e-16,1.0,-0.8660254037844386,0.5000000000000001,1.0
2023-10-29,Kacang Hijau,13000.000000002548,17000.00005881629,Kacang Hijau,Q3-2023,2023.0,1172.3886,14.39569514,1687.734887,29,10,2023,5.918093789070156e-05,0.7675227851912183,0.15648486096357092,1.0024463076862358,0.15728870342304635,0.7818314824680291,0.6234898018587344,-0.8660254037844386,0.5000000000000001,1.0
2023-10-30,Kacang Hijau,13000.0,17000.0,Kacang Hijau,Q3-2023,2023.0,1172.3886,14.39569514,1687.734887,30,10,2023,5.9180936616165525e-05,0.7675227678377139,0.15648486096357092,1.0024463076862358,0.15728870342304635,0.9749279121818246,-0.22252093395630992,-0.8660254037844386,0.5000000000000001,1.0
2023-10-31,Kacang Hijau,13000.0,17000.0,Kacang Hijau,Q3-2023,2023.0,1172.3886,14.39569514,1687.734887,31,10,2023,5.9180936616165525e-05,0.7675227678377139,0.15648486096357092,1.0024463076862358,0.15728870342304635,0.4338837391175591,-0.9009688679024187,-0.8660254037844386,0.5000000000000001,1.0
2023-11-01,Kacang Hijau,13000.0,17000.0,Kacang Hijau,Q3-2023,2023.0,1172.3886,14.39569514,1687.734887,1,11,2023,5.9180936616165525e-05,0.7675227678377139,0.15648486096357092,1.0024463076862358,0.15728870342304635,0.7818314824680298,0.6234898018587336,-0.5000000000000004,0.8660254037844384,1.0
2023-11-02,Kacang Hijau,13000.0,17000.0,Kacang Hijau,Q3-2023,2023.0,1172.3886,14.39569514,1687.734887,2,11,2023,5.9180936616165525e-05,0.7675227678377139,0.15648486096357092,1.0024463076862358,0.15728870342304635,0.9749279121818236,-0.22252093395631434,-0.5000000000000004,0.8660254037844384,1.0
2023-11-03,Kacang Hijau,13000.0,17000.0,Kacang Hijau,Q3-2023,2023.0,1172.3886,14.39569514,1687.734887,3,11,2023,5.9180936616165525e-05,0.7675227678377139,0.15648486096357092,1.0024463076862358,0.15728870342304635,0.43388373911755823,-0.900968867902419,-0.5000000000000004,0.8660254037844384,1.0
2023-11-04,Kacang Hijau,13000.000000004677,16999.999224983767,Kacang Hijau,Q3-2023,2023.0,1172.3886,14.39569514,1687.734887,4,11,2023,5.9180938954739304e-05,0.7675225391723668,0.15648486096357092,1.0024463076862358,0.15728870342304635,-0.433883739117558,-0.9009688679024191,-0.5000000000000004,0.8660254037844384,1.0
2023-11-05,Kacang Hijau,13000.000000004791,16999.99933856499,Kacang Hijau,Q3-2023,2023.0,1172.3886,14.39569514,1687.734887,5,11,2023,5.918093901158272e-05,0.7675225726840385,0.15648486096357092,1.0024463076862358,0.15728870342304635,-0.9749279121818236,-0.2225209339563146,-0.5000000000000004,0.8660254037844384,1.0
2023-11-06,Kacang Hijau,13000.0,17000.0,Kacang Hijau,Q3-2023,2023.0,1172.3886,14.39569514,1687.734887,6,11,2023,5.9180936616165525e-05,0.7675227678377139,0.15648486096357092,1.0024463076862358,0.15728870342304635,-0.7818314824680299,0.6234898018587334,-0.5000000000000004,0.8660254037844384,1.0
2023-11-07,Kacang Hijau,13000.0,17000.0,Kacang Hijau,Q3-2023,2023.0,1172.3886,14.39569514,1687.734887,7,11,2023,5.9180936616165525e-05,0.7675227678377139,0.15648486096357092,1.0024463076862358,0.15728870342304635,-2.4492935982947064e-16,1.0,-0.5000000000000004,0.8660254037844384,1.0
2023-11-08,Kacang Hijau,13000.0,17000.0,Kacang Hijau,Q3-2023,2023.0,1172.3886,14.39569514,1687.734887,8,11,2023,5.9180936616165525e-05,0.7675227678377139,0.15648486096357092,1.0024463076862358,0.15728870342304635,0.7818314824680296,0.6234898018587337,-0.5000000000000004,0.8660254037844384,1.0
2023-11-09,Kacang Hijau,13000.0,17000.0,Kacang Hijau,Q3-2023,2023.0,1172.3886,14.39569514,1687.734887,9,11,2023,5.9180936616165525e-05,0.7675227678377139,0.15648486096357092,1.0024463076862358,0.15728870342304635,0.9749279121818237,-0.2225209339563141,-0.5000000000000004,0.8660254037844384,1.0
2023-11-10,Kacang Hijau,13000.0,17000.0,Kacang Hijau,Q3-2023,2023.0,1172.3886,14.39569514,1687.734887,10,11,2023,5.9180936616165525e-05,0.7675227678377139,0.15648486096357092,1.0024463076862358,0.15728870342304635,0.43388373911755845,-0.9009688679024189,-0.5000000000000004,0.8660254037844384,1.0
2023-11-11,Kacang Hijau,13000.000000003245,16999.99993571147,Kacang Hijau,Q3-2023,2023.0,1172.3886,14.39569514,1687.734887,11,11,2023,5.91809382388675e-05,0.7675227488696477,0.15648486096357092,1.0024463076862358,0.15728870342304635,-0.4338837391175562,-0.90096886790242,-0.5000000000000004,0.8660254037844384,1.0
2023-11-12,Kacang Hijau,13000.000000002696,17000.00001354452,Kacang Hijau,Q3-2023,2023.0,1172.3886,14.39569514,1687.734887,12,11,2023,5.918093796353219e-05,0.7675227718339688,0.15648486096357092,1.0024463076862358,0.15728870342304635,-0.9749279121818235,-0.2225209339563148,-0.5000000000000004,0.8660254037844384,1.0
2023-11-13,Kacang Hijau,13000.0,17000.0,Kacang Hijau,Q3-2023,2023.0,1172.3886,14.39569514,1687.734887,13,11,2023,5.9180936616165525e-05,0.7675227678377139,0.15648486096357092,1.0024463076862358,0.15728870342304635,-0.781831482468029,0.6234898018587346,-0.5000000000000004,0.8660254037844384,1.0
2023-11-14,Kacang Hijau,13000.0,17000.0,Kacang Hijau,Q3-2023,2023.0,1172.3886,14.39569514,1687.734887,14,11,2023,5.9180936616165525e-05,0.7675227678377139,0.15648486096357092,1.0024463076862358,0.15728870342304635,-4.898587196589413e-16,1.0,-0.5000000000000004,0.8660254037844384,1.0
2023-11-15,Kacang Hijau,13000.0,17000.0,Kacang Hijau,Q3-2023,2023.0,1172.3886,14.39569514,1687.734887,15,11,2023,5.9180936616165525e-05,0.7675227678377139,0.15648486096357092,1.0024463076862358,0.15728870342304635,0.7818314824680284,0.6234898018587354,-0.5000000000000004,0.8660254037844384,1.0
2023-11-16,Kacang Hijau,13000.0,17000.0,Kacang Hijau,Q3-2023,2023.0,1172.3886,14.39569514,1687.734887,16,11,2023,5.9180936616165525e-05,0.7675227678377139,0.15648486096357092,1.0024463076862358,0.15728870342304635,0.9749279121818237,-0.22252093395631387,-0.5000000000000004,0.8660254037844384,1.0
2023-11-17,Kacang Hijau,13000.0,17000.0,Kacang Hijau,Q3-2023,2023.0,1172.3886,14.39569514,1687.734887,17,11,2023,5.9180936616165525e-05,0.7675227678377139,0.15648486096357092,1.0024463076862358,0.15728870342304635,0.43388373911755707,-0.9009688679024196,-0.5000000000000004,0.8660254037844384,1.0
2023-11-18,Kacang Hijau,12999.999999998667,17000.000409194,Kacang Hijau,Q3-2023,2023.0,1172.3886,14.39569514,1687.734887,18,11,2023,5.918093594914353e-05,0.7675228885687178,0.15648486096357092,1.0024463076862358,0.15728870342304635,-0.43388373911755757,-0.9009688679024194,-0.5000000000000004,0.8660254037844384,1.0
2023-11-19,Kacang Hijau,12999.999999998052,17000.000470280662,Kacang Hijau,Q3-2023,2023.0,1172.3886,14.39569514,1687.734887,19,11,2023,5.91809356418338e-05,0.7675229065920863,0.15648486096357092,1.0024463076862358,0.15728870342304635,-0.9749279121818235,-0.22252093395631506,-0.5000000000000004,0.8660254037844384,1.0
2023-11-20,Kacang Hijau,13000.0,17000.0,Kacang Hijau,Q3-2023,2023.0,1172.3886,14.39569514,1687.734887,20,11,2023,5.9180936616165525e-05,0.7675227678377139,0.15648486096357092,1.0024463076862358,0.15728870342304635,-0.7818314824680302,0.6234898018587329,-0.5000000000000004,0.8660254037844384,1.0
2023-11-21,Kacang Hijau,13000.0,17000.0,Kacang Hijau,Q3-2023,2023.0,1172.3886,14.39569514,1687.734887,21,11,2023,5.9180936616165525e-05,0.7675227678377139,0.15648486096357092,1.0024463076862358,0.15728870342304635,-7.347880794884119e-16,1.0,-0.5000000000000004,0.8660254037844384,1.0
2023-11-22,Kacang Hijau,13000.0,17000.0,Kacang Hijau,Q3-2023,2023.0,1172.3886,14.39569514,1687.734887,22,11,2023,5.9180936616165525e-05,0.7675227678377139,0.15648486096357092,1.0024463076862358,0.15728870342304635,0.7818314824680271,0.6234898018587369,-0.5000000000000004,0.8660254037844384,1.0
2023-11-23,Kacang Hijau,13000.0,17000.0,Kacang Hijau,Q3-2023,2023.0,1172.3886,14.39569514,1687.734887,23,11,2023,5.9180936616165525e-05,0.7675227678377139,0.15648486096357092,1.0024463076862358,0.15728870342304635,0.9749279121818238,-0.22252093395631362,-0.5000000000000004,0.8660254037844384,1.0
2023-11-24,Kacang Hijau,13000.0,17000.0,Kacang Hijau,Q3-2023,2023.0,1172.3886,14.39569514,1687.734887,24,11,2023,5.9180936616165525e-05,0.7675227678377139,0.15648486096357092,1.0024463076862358,0.15728870342304635,0.4338837391175589,-0.9009688679024188,-0.5000000000000004,0.8660254037844384,1.0
2023-11-25,Kacang Hijau,12999.999999996084,17000.000872502304,Kacang Hijau,Q3-2023,2023.0,1172.3886,14.39569514,1687.734887,25,11,2023,5.918093465773211e-05,0.7675230252659251,0.15648486096357092,1.0024463076862358,0.15728870342304635,-0.43388373911755734,-0.9009688679024195,-0.5000000000000004,0.8660254037844384,1.0
2023-11-26,Kacang Hijau,12999.999999994707,17000.00094751023,Kacang Hijau,Q3-2023,2023.0,1172.3886,14.39569514,1687.734887,26,11,2023,5.9180933969393834e-05,0.767523047396705,0.15648486096357092,1.0024463076862358,0.15728870342304635,-0.9749279121818242,-0.22252093395631184,-0.5000000000000004,0.8660254037844384,1.0
2023-11-27,Kacang Hijau,13000.0,17000.0,Kacang Hijau,Q3-2023,2023.0,1172.3886,14.39569514,1687.734887,27,11,2023,5.9180936616165525e-05,0.7675227678377139,0.15648486096357092,1.0024463076862358,0.15728870342304635,-0.7818314824680304,0.6234898018587328,-0.5000000000000004,0.8660254037844384,1.0
2023-11-28,Kacang Hijau,13000.0,17000.0,Kacang Hijau,Q3-2023,2023.0,1172.3886,14.39569514,1687.734887,28,11,2023,5.9180936616165525e-05,0.7675227678377139,0.15648486096357092,1.0024463076862358,0.15728870342304635,-9.797174393178826e-16,1.0,-0.5000000000000004,0.8660254037844384,1.0
2023-11-29,Kacang Hijau,13000.0,17000.0,Kacang Hijau,Q3-2023,2023.0,1172.3886,14.39569514,1687.734887,29,11,2023,5.9180936616165525e-05,0.7675227678377139,0.15648486096357092,1.0024463076862358,0.15728870342304635,0.7818314824680291,0.6234898018587344,-0.5000000000000004,0.8660254037844384,1.0
2023-11-30,Kacang Hijau,13000.0,17000.0,Kacang Hijau,Q3-2023,2023.0,1172.3886,14.39569514,1687.734887,30,11,2023,5.9180936616165525e-05,0.7675227678377139,0.15648486096357092,1.0024463076862358,0.15728870342304635,0.9749279121818246,-0.22252093395630992,-0.5000000000000004,0.8660254037844384,1.0
2023-12-01,Kacang Hijau,13000.0,17000.0,Kacang Hijau,Q3-2023,2023.0,1172.3886,14.39569514,1687.734887,1,12,2023,5.9180936616165525e-05,0.7675227678377139,0.15648486096357092,1.0024463076862358,0.15728870342304635,0.7818314824680298,0.6234898018587336,-2.4492935982947064e-16,1.0,1.0
2023-12-02,Kacang Hijau,12999.999999999573,16999.9970069182,Kacang Hijau,Q3-2023,2023.0,1172.3886,14.39569514,1687.734887,2,12,2023,5.9180936402114526e-05,0.7675218847412566,0.15648486096357092,1.0024463076862358,0.15728870342304635,0.9749279121818236,-0.22252093395631434,-2.4492935982947064e-16,1.0,1.0
2023-12-03,Kacang Hijau,12999.999999999807,16999.99728230931,Kacang Hijau,Q3-2023,2023.0,1172.3886,14.39569514,1687.734887,3,12,2023,5.918093651935408e-05,0.767521965994268,0.15648486096357092,1.0024463076862358,0.15728870342304635,0.43388373911755823,-0.900968867902419,-2.4492935982947064e-16,1.0,1.0
2023-12-04,Kacang Hijau,13000.0,17000.0,Kacang Hijau,Q3-2023,2023.0,1172.3886,14.39569514,1687.734887,4,12,2023,5.9180936616165525e-05,0.7675227678377139,0.15648486096357092,1.0024463076862358,0.15728870342304635,-0.433883739117558,-0.9009688679024191,-2.4492935982947064e-16,1.0,1.0
2023-12-05,Kacang Hijau,13000.0,17000.0,Kacang Hijau,Q3-2023,2023.0,1172.3886,14.39569514,1687.734887,5,12,2023,5.9180936616165525e-05,0.7675227678377139,0.15648486096357092,1.0024463076862358,0.15728870342304635,-0.9749279121818236,-0.2225209339563146,-2.4492935982947064e-16,1.0,1.0
2023-12-06,Kacang Hijau,13000.0,17000.0,Kacang Hijau,Q3-2023,2023.0,1172.3886,14.39569514,1687.734887,6,12,2023,5.9180936616165525e-05,0.7675227678377139,0.15648486096357092,1.0024463076862358,0.15728870342304635,-0.7818314824680299,0.6234898018587334,-2.4492935982947064e-16,1.0,1.0
2023-12-07,Kacang Hijau,13000.0,17000.0,Kacang Hijau,Q3-2023,2023.0,1172.3886,14.39569514,1687.734887,7,12,2023,5.9180936616165525e-05,0.7675227678377139,0.15648486096357092,1.0024463076862358,0.15728870342304635,-2.4492935982947064e-16,1.0,-2.4492935982947064e-16,1.0,1.0
2023-12-08,Kacang Hijau,13000.0,17000.0,Kacang Hijau,Q3-2023,2023.0,1172.3886,14.39569514,1687.734887,8,12,2023,5.9180936616165525e-05,0.7675227678377139,0.15648486096357092,1.0024463076862358,0.15728870342304635,0.7818314824680296,0.6234898018587337,-2.4492935982947064e-16,1.0,1.0
2023-12-09,Kacang Hijau,13000.0000000048,16999.998912167484,Kacang Hijau,Q3-2023,2023.0,1172.3886,14.39569514,1687.734887,9,12,2023,5.9180939016023615e-05,0.7675224468772104,0.15648486096357092,1.0024463076862358,0.15728870342304635,0.9749279121818237,-0.2225209339563141,-2.4492935982947064e-16,1.0,1.0
2023-12-10,Kacang Hijau,13000.000000004862,16999.999119376193,Kacang Hijau,Q3-2023,2023.0,1172.3886,14.39569514,1687.734887,10,12,2023,5.918093904710986e-05,0.7675225080132861,0.15648486096357092,1.0024463076862358,0.15728870342304635,0.43388373911755845,-0.9009688679024189,-2.4492935982947064e-16,1.0,1.0
2023-12-11,Kacang Hijau,13000.0,17000.0,Kacang Hijau,Q3-2023,2023.0,1172.3886,14.39569514,1687.734887,11,12,2023,5.9180936616165525e-05,0.7675227678377139,0.15648486096357092,1.0024463076862358,0.15728870342304635,-0.4338837391175562,-0.90096886790242,-2.4492935982947064e-16,1.0,1.0
2023-12-12,Kacang Hijau,13000.0,17000.0,Kacang Hijau,Q3-2023,2023.0,1172.3886,14.39569514,1687.734887,12,12,2023,5.9180936616165525e-05,0.7675227678377139,0.15648486096357092,1.0024463076862358,0.15728870342304635,-0.9749279121818235,-0.2225209339563148,-2.4492935982947064e-16,1.0,1.0
2023-12-13,Kacang Hijau,13000.0,17000.0,Kacang Hijau,Q3-2023,2023.0,1172.3886,14.39569514,1687.734887,13,12,2023,5.9180936616165525e-05,0.7675227678377139,0.15648486096357092,1.0024463076862358,0.15728870342304635,-0.781831482468029,0.6234898018587346,-2.4492935982947064e-16,1.0,1.0
2023-12-14,Kacang Hijau,13000.0,17000.0,Kacang Hijau,Q3-2023,2023.0,1172.3886,14.39569514,1687.734887,14,12,2023,5.9180936616165525e-05,0.7675227678377139,0.15648486096357092,1.0024463076862358,0.15728870342304635,-4.898587196589413e-16,1.0,-2.4492935982947064e-16,1.0,1.0
2023-12-15,Kacang Hijau,13000.0,17000.0,Kacang Hijau,Q3-2023,2023.0,1172.3886,14.39569514,1687.734887,15,12,2023,5.9180936616165525e-05,0.7675227678377139,0.15648486096357092,1.0024463076862358,0.15728870342304635,0.7818314824680284,0.6234898018587354,-2.4492935982947064e-16,1.0,1.0
2023-12-16,Kacang Hijau,13000.000000004218,16999.999891317293,Kacang Hijau,Q3-2023,2023.0,1172.3886,14.39569514,1687.734887,16,12,2023,5.918093872470109e-05,0.7675227357713288,0.15648486096357092,1.0024463076862358,0.15728870342304635,0.9749279121818237,-0.22252093395631387,-2.4492935982947064e-16,1.0,1.0
2023-12-17,Kacang Hijau,13000.000000003893,16999.999958910477,Kacang Hijau,Q3-2023,2023.0,1172.3886,14.39569514,1687.734887,17,12,2023,5.918093856216444e-05,0.7675227557144195,0.15648486096357092,1.0024463076862358,0.15728870342304635,0.43388373911755707,-0.9009688679024196,-2.4492935982947064e-16,1.0,1.0
2023-12-18,Kacang Hijau,13000.0,17000.0,Kacang Hijau,Q3-2023,2023.0,1172.3886,14.39569514,1687.734887,18,12,2023,5.9180936616165525e-05,0.7675227678377139,0.15648486096357092,1.0024463076862358,0.15728870342304635,-0.43388373911755757,-0.9009688679024194,-2.4492935982947064e-16,1.0,1.0
2023-12-19,Kacang Hijau,13000.0,17000.0,Kacang Hijau,Q3-2023,2023.0,1172.3886,14.39569514,1687.734887,19,12,2023,5.9180936616165525e-05,0.7675227678377139,0.15648486096357092,1.0024463076862358,0.15728870342304635,-0.9749279121818235,-0.22252093395631506,-2.4492935982947064e-16,1.0,1.0
2023-12-20,Kacang Hijau,13000.0,17000.0,Kacang Hijau,Q3-2023,2023.0,1172.3886,14.39569514,1687.734887,20,12,2023,5.9180936616165525e-05,0.7675227678377139,0.15648486096357092,1.0024463076862358,0.15728870342304635,-0.7818314824680302,0.6234898018587329,-2.4492935982947064e-16,1.0,1.0
2023-12-21,Kacang Hijau,13000.0,17000.0,Kacang Hijau,Q3-2023,2023.0,1172.3886,14.39569514,1687.734887,21,12,2023,5.9180936616165525e-05,0.7675227678377139,0.15648486096357092,1.0024463076862358,0.15728870342304635,-7.347880794884119e-16,1.0,-2.4492935982947064e-16,1.0,1.0
2023-12-22,Kacang Hijau,13000.0,17000.0,Kacang Hijau,Q3-2023,2023.0,1172.3886,14.39569514,1687.734887,22,12,2023,5.9180936616165525e-05,0.7675227678377139,0.15648486096357092,1.0024463076862358,0.15728870342304635,0.7818314824680271,0.6234898018587369,-2.4492935982947064e-16,1.0,1.0
2023-12-23,Kacang Hijau,13000.00000000005,17000.00028655683,Kacang Hijau,Q3-2023,2023.0,1172.3886,14.39569514,1687.734887,23,12,2023,5.918093664103452e-05,0.7675228523851265,0.15648486096357092,1.0024463076862358,0.15728870342304635,0.9749279121818238,-0.22252093395631362,-2.4492935982947064e-16,1.0,1.0
2023-12-24,Kacang Hijau,12999.999999998767,17000.00035163343,Kacang Hijau,Q3-2023,2023.0,1172.3886,14.39569514,1687.734887,24,12,2023,5.91809359997697e-05,0.767522871585709,0.15648486096357092,1.0024463076862358,0.15728870342304635,0.4338837391175589,-0.9009688679024188,-2.4492935982947064e-16,1.0,1.0
2023-12-25,Kacang Hijau,13000.000000002354,17000.000420187665,Kacang Hijau,Q3-2023,2023.0,1172.3886,14.39569514,1687.734887,25,12,2023,5.918093779300193e-05,0.7675228918123542,0.15648486096357092,1.0024463076862358,0.15728870342304635,-0.43388373911755734,-0.9009688679024195,-2.4492935982947064e-16,1.0,1.0
2023-12-26,Kacang Hijau,13000.0,17000.0,Kacang Hijau,Q3-2023,2023.0,1172.3886,14.39569514,1687.734887,26,12,2023,5.9180936616165525e-05,0.7675227678377139,0.15648486096357092,1.0024463076862358,0.15728870342304635,-0.9749279121818242,-0.22252093395631184,-2.4492935982947064e-16,1.0,1.0
2023-12-27,Kacang Hijau,13000.0,17000.0,Kacang Hijau,Q3-2023,2023.0,1172.3886,14.39569514,1687.734887,27,12,2023,5.9180936616165525e-05,0.7675227678377139,0.15648486096357092,1.0024463076862358,0.15728870342304635,-0.7818314824680304,0.6234898018587328,-2.4492935982947064e-16,1.0,1.0
2023-12-28,Kacang Hijau,13000.0,17000.0,Kacang Hijau,Q3-2023,2023.0,1172.3886,14.39569514,1687.734887,28,12,2023,5.9180936616165525e-05,0.7675227678377139,0.15648486096357092,1.0024463076862358,0.15728870342304635,-9.797174393178826e-16,1.0,-2.4492935982947064e-16,1.0,1.0
2023-12-29,Kacang Hijau,13000.0,17000.0,Kacang Hijau,Q3-2023,2023.0,1172.3886,14.39569514,1687.734887,29,12,2023,5.9180936616165525e-05,0.7675227678377139,0.15648486096357092,1.0024463076862358,0.15728870342304635,0.7818314824680291,0.6234898018587344,-2.4492935982947064e-16,1.0,1.0
2023-12-30,Kacang Hijau,13000.0,17000.0,Kacang Hijau,Q3-2023,2023.0,1172.3886,14.39569514,1687.734887,30,12,2023,5.9180936616165525e-05,0.7675227678377139,0.15648486096357092,1.0024463076862358,0.15728870342304635,0.9749279121818246,-0.22252093395630992,-2.4492935982947064e-16,1.0,1.0
2023-12-31,Kacang Hijau,12999.999999993102,17000.000856916806,Kacang Hijau,Q3-2023,2023.0,1172.3886,14.39569514,1687.734887,31,12,2023,5.918093316736872e-05,0.7675230206674879,0.15648486096357092,1.0024463076862358,0.15728870342304635,0.4338837391175591,-0.9009688679024187,-2.4492935982947064e-16,1.0,1.0
