Tanggal,harga_petani_pred,harga_pengecer_pred,luas_lahan_pred,produktivitas_pred,produksi_pred,hari,bulan,tahun,Komoditi
2024-01-01,9654.477,9632.382,32146.854,55.341957,174017.44,Monday,January,2024,Beras Medium
2024-01-01,3943.2832,4356.7603,13853.442,69.50356,163219.5,Monday,January,2024,Jagung
2024-01-01,16547.787,18622.5,-842.14417,-0.65347344,-795.9649,Monday,January,2024,Kacang Hijau
2024-01-01,10073.139,11164.092,28211.816,55.268192,154993.5,Monday,January,2024,Beras Premium
2024-01-02,9678.561,9301.785,32846.434,55.44219,178129.77,Tuesday,January,2024,Beras Medium
2024-01-02,3984.0186,4340.2163,22928.006,69.83726,220739.89,Tuesday,January,2024,Jagung
2024-01-02,10068.592,11154.531,28356.291,55.253952,155678.19,Tuesday,January,2024,Beras Premium
2024-01-02,15615.842,17949.584,-872.8356,-0.8638819,-1093.0553,Tuesday,January,2024,Kacang Hijau
2024-01-03,3977.1821,4308.192,35320.043,70.24826,305990.53,Wednesday,January,2024,Jagung
2024-01-03,9666.277,9003.758,33406.016,55.465935,181458.77,Wednesday,January,2024,Beras Medium
2024-01-03,14394.879,17329.49,-775.08813,-1.0290893,-1230.3837,Wednesday,January,2024,Kacang Hijau
2024-01-03,10057.289,11134.898,28428.264,55.239906,156181.58,Wednesday,January,2024,Beras Premium
2024-01-04,13338.458,16656.41,-1107.5801,-0.702285,-1121.5349,Thursday,January,2024,Kacang Hijau
2024-01-04,3929.395,4280.3403,45749.656,70.48944,371805.3,Thursday,January,2024,Jagung
2024-01-04,9652.332,8864.466,33324.445,55.46772,181873.78,Thursday,January,2024,Beras Medium
2024-01-04,10042.98,11107.097,28523.549,55.231907,156599.78,Thursday,January,2024,Beras Premium
2024-01-05,3869.669,4268.393,52700.31,70.567795,416294.7,Friday,January,2024,Jagung
2024-01-05,13017.677,16117.932,-610.9711,-0.46949783,-783.31805,Friday,January,2024,Kacang Hijau
2024-01-05,10031.195,11094.952,28475.488,55.22691,156342.58,Friday,January,2024,Beras Premium
2024-01-05,9624.556,8830.864,32777.375,55.45409,179970.94,Friday,January,2024,Beras Medium
2024-01-06,3843.9077,4264.263,56995.66,70.594185,437525.0,Saturday,January,2024,Jagung
2024-01-06,10029.248,11117.628,28249.15,55.223263,155261.7,Saturday,January,2024,Beras Premium
2024-01-06,9583.47,8883.528,31814.111,55.4251,175648.39,Saturday,January,2024,Beras Medium
2024-01-06,12910.54,15866.246,-38.55782,-0.4500534,-354.7064,Saturday,January,2024,Kacang Hijau
2024-01-07,12869.61,15766.336,277.14563,-0.3789978,12.494523,Sunday,January,2024,Kacang Hijau
2024-01-07,10036.896,11169.792,28053.842,55.22648,154360.38,Sunday,January,2024,Beras Premium
2024-01-07,9551.444,8975.129,30957.033,55.399002,171501.66,Sunday,January,2024,Beras Medium
2024-01-07,3832.4575,4265.54,59907.78,70.58001,449541.0,Sunday,January,2024,Jagung
2024-01-08,12852.436,15755.935,423.96146,-0.30728757,173.7159,Monday,January,2024,Kacang Hijau
2024-01-08,10051.418,11224.889,28129.705,55.22886,155001.2,Monday,January,2024,Beras Premium
2024-01-08,9539.63,9098.987,30394.479,55.38138,168787.98,Monday,January,2024,Beras Medium
2024-01-08,3836.5095,4270.4033,62243.027,70.620224,458195.28,Monday,January,2024,Jagung
2024-01-09,12850.527,15789.006,453.8,-0.20152433,222.24368,Tuesday,January,2024,Kacang Hijau
2024-01-09,10064.166,11263.765,28300.035,55.22656,155979.12,Tuesday,January,2024,Beras Premium
2024-01-09,3841.275,4272.5054,64682.918,70.67421,469517.53,Tuesday,January,2024,Jagung
2024-01-09,9537.708,9193.1455,30105.83,55.37558,167245.45,Tuesday,January,2024,Beras Medium
2024-01-10,10067.659,11282.758,28411.363,55.227146,156793.81,Wednesday,January,2024,Beras Premium
2024-01-10,3846.447,4274.273,67541.02,70.75708,485607.12,Wednesday,January,2024,Jagung
2024-01-10,12836.105,16128.935,409.12167,-0.10703435,44.79683,Wednesday,January,2024,Kacang Hijau
2024-01-10,9527.548,9220.587,29900.428,55.373474,165937.66,Wednesday,January,2024,Beras Medium
2024-01-11,3845.0608,4269.2944,70458.234,70.85718,503954.56,Thursday,January,2024,Jagung
2024-01-11,10064.914,11286.047,28428.793,55.22815,157118.08,Thursday,January,2024,Beras Premium
2024-01-11,9506.176,9220.591,29635.55,55.36899,164425.84,Thursday,January,2024,Beras Medium
2024-01-11,12806.769,16423.307,505.28815,-0.05081909,-60.432632,Thursday,January,2024,Kacang Hijau
2024-01-12,3841.163,4260.133,72376.78,70.926674,516261.8,Friday,January,2024,Jagung
2024-01-12,9485.41,9326.876,29170.654,55.360367,162164.8,Friday,January,2024,Beras Medium
2024-01-12,12807.164,16426.836,524.2275,-0.08223579,-102.986855,Friday,January,2024,Kacang Hijau
2024-01-12,10062.886,11289.351,28387.105,55.228943,157061.86,Friday,January,2024,Beras Premium
2024-01-13,9479.017,9671.333,28605.629,55.349895,159202.27,Saturday,January,2024,Beras Medium
2024-01-13,12824.134,16437.715,462.8138,-0.107216775,-183.42134,Saturday,January,2024,Kacang Hijau
2024-01-13,10066.901,11304.844,28347.8,55.23011,156934.84,Saturday,January,2024,Beras Premium
2024-01-13,3841.4966,4254.455,73084.94,70.95102,520264.8,Saturday,January,2024,Jagung
2024-01-14,9500.69,10172.781,28505.418,55.336826,157879.34,Sunday,January,2024,Beras Medium
2024-01-14,10078.962,11338.208,28425.654,55.231377,157509.11,Sunday,January,2024,Beras Premium
2024-01-14,12866.333,16534.303,310.71658,-0.09194223,-242.81363,Sunday,January,2024,Kacang Hijau
2024-01-14,3844.5986,4250.589,73252.91,70.954346,520510.9,Sunday,January,2024,Jagung
2024-01-15,3844.756,4242.2344,73472.68,70.96329,521329.66,Monday,January,2024,Jagung
2024-01-15,10093.941,11377.208,28577.928,55.233265,158489.36,Monday,January,2024,Beras Premium
2024-01-15,12915.722,16691.535,98.01644,-0.109840065,-360.8919,Monday,January,2024,Kacang Hijau
2024-01-15,9516.587,10558.291,29012.775,55.30867,159652.27,Monday,January,2024,Beras Medium
2024-01-16,3841.2427,4231.5405,74042.51,70.99683,525132.8,Tuesday,January,2024,Jagung
2024-01-16,12931.29,17009.662,-25.222826,-0.1426048,-337.2764,Tuesday,January,2024,Kacang Hijau
2024-01-16,10102.296,11399.375,28652.555,55.232716,158972.81,Tuesday,January,2024,Beras Premium
2024-01-16,9516.361,10677.414,29406.154,55.292534,161705.03,Tuesday,January,2024,Beras Medium
2024-01-17,3835.2388,4221.769,75136.51,71.061554,533358.75,Wednesday,January,2024,Jagung
2024-01-17,10100.63,11397.889,28637.986,55.230717,158945.7,Wednesday,January,2024,Beras Premium
2024-01-17,9503.914,10614.241,29346.287,55.29609,160933.2,Wednesday,January,2024,Beras Medium
2024-01-17,12915.496,17450.938,-58.367702,-0.4276008,-392.12943,Wednesday,January,2024,Kacang Hijau
2024-01-18,3824.1206,4208.281,76475.6,71.13404,543857.94,Thursday,January,2024,Jagung
2024-01-18,12906.96,17699.467,-77.96028,-0.59084487,-440.33417,Thursday,January,2024,Kacang Hijau
2024-01-18,10092.975,11381.393,28547.96,55.229053,158512.19,Thursday,January,2024,Beras Premium
2024-01-18,9482.954,10500.746,29110.898,55.306675,159044.88,Thursday,January,2024,Beras Medium
2024-01-19,12899.263,17908.252,-99.38799,-0.76610065,-543.5756,Friday,January,2024,Kacang Hijau
2024-01-19,10086.995,11368.242,28433.912,55.228024,157920.3,Friday,January,2024,Beras Premium
2024-01-19,9473.032,10520.414,29144.68,55.300926,159452.16,Friday,January,2024,Beras Medium
2024-01-19,3812.4631,4193.4214,77065.61,71.169235,548874.25,Friday,January,2024,Jagung
2024-01-20,10087.729,11370.206,28354.168,55.227993,157459.89,Saturday,January,2024,Beras Premium
2024-01-20,12894.519,18056.465,-126.14003,-0.8935059,-657.7616,Saturday,January,2024,Kacang Hijau
2024-01-20,3805.634,4182.7603,76751.77,71.15943,546819.6,Saturday,January,2024,Jagung
2024-01-20,9478.952,10742.51,29744.19,55.26971,163613.12,Saturday,January,2024,Beras Medium
2024-01-21,10097.099,11392.095,28420.37,55.22849,157848.3,Sunday,January,2024,Beras Premium
2024-01-21,9531.281,10982.688,30484.223,55.29976,170324.28,Sunday,January,2024,Beras Medium
2024-01-21,3803.6255,4175.7983,76148.125,71.134735,542322.7,Sunday,January,2024,Jagung
2024-01-21,12891.466,18196.49,-148.78082,-0.9921649,-723.7505,Sunday,January,2024,Kacang Hijau
2024-01-22,12887.216,18377.494,-187.18137,-1.1287818,-818.51733,Monday,January,2024,Kacang Hijau
2024-01-22,9558.6045,11102.195,31105.594,55.311275,173835.3,Monday,January,2024,Beras Medium
2024-01-22,10109.408,11420.737,28568.318,55.230038,158672.1,Monday,January,2024,Beras Premium
2024-01-22,3802.5862,4168.8516,75839.64,71.12768,540100.9,Monday,January,2024,Jagung
2024-01-23,3799.587,4161.576,75946.85,71.14896,541298.3,Tuesday,January,2024,Jagung
2024-01-23,12880.667,18594.52,-236.06378,-1.2926486,-928.207,Tuesday,January,2024,Kacang Hijau
2024-01-23,9537.651,11043.737,31326.598,55.303032,172804.27,Tuesday,January,2024,Beras Medium
2024-01-23,10115.0,11433.178,28625.312,55.229187,158970.95,Tuesday,January,2024,Beras Premium
2024-01-24,10110.433,11422.98,28583.047,55.226837,158748.31,Wednesday,January,2024,Beras Premium
2024-01-24,3794.5151,4155.628,76612.29,71.20071,546966.25,Wednesday,January,2024,Jagung
2024-01-24,12872.623,18864.354,-301.4841,-1.484979,-1048.1678,Wednesday,January,2024,Kacang Hijau
2024-01-24,9480.713,10862.557,31021.65,55.260086,168447.97,Wednesday,January,2024,Beras Medium
2024-01-25,10100.43,11399.525,28475.83,55.225067,158183.6,Thursday,January,2024,Beras Premium
2024-01-25,12868.509,18880.438,-302.53952,-1.4997575,-1067.9669,Thursday,January,2024,Kacang Hijau
2024-01-25,9451.285,10649.419,30393.18,55.278465,164611.19,Thursday,January,2024,Beras Medium
2024-01-25,3783.8022,4144.9287,77582.65,71.25713,555013.44,Thursday,January,2024,Jagung
2024-01-26,10092.724,11381.278,28355.703,55.224194,157534.81,Friday,January,2024,Beras Premium
2024-01-26,3772.2258,4132.0366,77866.445,71.27487,557748.56,Friday,January,2024,Jagung
2024-01-26,12869.573,18783.92,-270.01773,-1.4301645,-1010.2615,Friday,January,2024,Kacang Hijau
2024-01-26,9442.302,10597.669,30090.557,55.2799,163286.31,Friday,January,2024,Beras Medium
2024-01-27,3765.8892,4123.5986,77335.16,71.25041,553978.56,Saturday,January,2024,Jagung
2024-01-27,9460.322,10784.125,30490.908,55.254166,166365.28,Saturday,January,2024,Beras Medium
2024-01-27,12873.321,18696.865,-241.73866,-1.3411454,-906.6671,Saturday,January,2024,Kacang Hijau
2024-01-27,10092.164,11379.536,28278.34,55.224476,157072.6,Saturday,January,2024,Beras Premium
2024-01-28,10100.583,11398.632,28353.738,55.225452,157491.56,Sunday,January,2024,Beras Premium
2024-01-28,9525.921,11003.638,31047.004,55.296864,171790.0,Sunday,January,2024,Beras Medium
2024-01-28,12876.826,18696.398,-261.893,-1.269844,-837.5843,Sunday,January,2024,Kacang Hijau
2024-01-28,3765.7725,4120.3643,76572.84,71.21507,548264.1,Sunday,January,2024,Jagung
2024-01-29,9555.939,11104.708,31483.238,55.332413,174145.47,Monday,January,2024,Beras Medium
2024-01-29,12882.179,18705.027,-295.62656,-1.1885132,-762.06665,Monday,January,2024,Kacang Hijau
2024-01-29,10112.028,11425.085,28513.77,55.22733,158360.11,Monday,January,2024,Beras Premium
2024-01-29,3767.7544,4118.1167,76130.96,71.19995,545005.1,Monday,January,2024,Jagung
2024-01-30,9536.308,11037.764,31653.758,55.31786,173129.66,Tuesday,January,2024,Beras Medium
2024-01-30,12887.417,18694.24,-315.76395,-1.1259704,-703.4085,Tuesday,January,2024,Kacang Hijau
2024-01-30,10116.922,11435.767,28575.81,55.22694,158682.72,Tuesday,January,2024,Beras Premium
2024-01-30,3767.6062,4115.1055,76144.42,71.21469,545424.5,Tuesday,January,2024,Jagung
2024-01-31,9483.166,10852.362,31303.395,55.271946,169028.52,Wednesday,January,2024,Beras Medium
2024-01-31,10111.733,11424.207,28537.002,55.224926,158480.12,Wednesday,January,2024,Beras Premium
2024-01-31,12899.41,18583.81,-316.07742,-0.99202627,-583.7335,Wednesday,January,2024,Kacang Hijau
2024-01-31,3764.9648,4112.8013,76739.98,71.26023,550478.94,Wednesday,January,2024,Jagung
2024-02-01,3757.6152,4106.763,77624.26,71.311554,557901.2,Thursday,February,2024,Jagung
2024-02-01,10101.276,11399.815,28434.332,55.223442,157939.16,Thursday,February,2024,Beras Premium
2024-02-01,9452.868,10615.261,30554.484,55.289818,165311.69,Thursday,February,2024,Beras Medium
2024-02-01,12921.519,18274.639,-267.0588,-0.7173216,-359.23615,Thursday,February,2024,Kacang Hijau
2024-02-02,12932.626,18044.451,-212.23392,-0.5358637,-224.20459,Friday,February,2024,Kacang Hijau
2024-02-02,10093.443,11383.961,28362.434,55.223392,157545.42,Friday,February,2024,Beras Premium
2024-02-02,9442.117,10517.197,30061.62,55.294846,162865.45,Friday,February,2024,Beras Medium
2024-02-02,3751.0059,4100.751,77501.86,71.30334,557006.6,Friday,February,2024,Jagung
2024-02-03,12936.477,17930.316,-179.91093,-0.45460078,-160.73161,Saturday,February,2024,Kacang Hijau
2024-02-03,10095.638,11395.131,28414.35,55.225452,157734.0,Saturday,February,2024,Beras Premium
2024-02-03,3749.7925,4099.574,76796.28,71.25552,550836.6,Saturday,February,2024,Jagung
2024-02-03,9452.937,10662.154,30308.572,55.266132,164904.75,Saturday,February,2024,Beras Medium
2024-02-04,10108.525,11433.514,28630.535,55.230583,158885.48,Sunday,February,2024,Beras Premium
2024-02-04,12937.893,17898.625,-172.08476,-0.42741004,-127.55274,Sunday,February,2024,Kacang Hijau
2024-02-04,3756.0586,4105.26,76036.266,71.203896,544092.5,Sunday,February,2024,Jagung
2024-02-04,9504.601,10896.38,30982.56,55.26833,169544.27,Sunday,February,2024,Beras Medium
2024-02-05,9535.306,10985.706,31470.14,55.29389,171938.02,Monday,February,2024,Beras Medium
2024-02-05,12939.531,17912.31,-183.59952,-0.42095292,-109.95934,Monday,February,2024,Kacang Hijau
2024-02-05,3764.8313,4112.5386,75625.45,71.17377,540206.25,Monday,February,2024,Jagung
2024-02-05,10126.614,11479.995,28963.709,55.242104,160814.98,Monday,February,2024,Beras Premium
2024-02-06,3771.7615,4119.8115,75633.71,71.170074,539705.06,Tuesday,February,2024,Jagung
2024-02-06,10137.957,11503.668,29172.701,55.252357,162134.14,Tuesday,February,2024,Beras Premium
2024-02-06,9506.118,10857.144,31393.559,55.269268,169566.62,Tuesday,February,2024,Beras Medium
2024-02-06,12940.097,17934.977,-192.52234,-0.4285763,-114.38947,Tuesday,February,2024,Kacang Hijau
2024-02-07,9478.189,10517.373,30444.469,55.29205,164165.58,Wednesday,February,2024,Beras Medium
2024-02-07,10135.052,11494.126,29134.682,55.252113,161957.48,Wednesday,February,2024,Beras Premium
2024-02-07,3776.2786,4127.899,75963.6,71.18907,541892.7,Wednesday,February,2024,Jagung
2024-02-07,12940.186,17918.713,-185.05084,-0.42556202,-123.41074,Wednesday,February,2024,Kacang Hijau
2024-02-08,12940.245,17857.62,-162.01239,-0.40090662,-121.69686,Thursday,February,2024,Kacang Hijau
2024-02-08,3777.4744,4134.2466,76475.65,71.212395,545477.0,Thursday,February,2024,Jagung
2024-02-08,10124.537,11470.504,28978.055,55.246315,161011.58,Thursday,February,2024,Beras Premium
2024-02-08,9465.277,10181.569,29381.71,55.330597,158160.03,Thursday,February,2024,Beras Medium
2024-02-09,9455.667,10018.225,29003.72,55.336857,157006.0,Friday,February,2024,Beras Medium
2024-02-09,3779.5767,4140.516,76456.44,71.20366,544772.94,Friday,February,2024,Jagung
2024-02-09,12940.034,17776.11,-132.51768,-0.36670455,-108.31534,Friday,February,2024,Kacang Hijau
2024-02-09,10119.338,11463.318,28927.264,55.244404,160689.89,Friday,February,2024,Beras Premium
2024-02-10,10125.5625,11481.679,29040.371,55.251617,161334.16,Saturday,February,2024,Beras Premium
2024-02-10,3786.2954,4149.6313,75970.56,71.16372,540079.2,Saturday,February,2024,Jagung
2024-02-10,9464.216,10171.073,28892.914,55.31729,156992.36,Saturday,February,2024,Beras Medium
2024-02-10,12939.378,17725.342,-112.5318,-0.3484378,-94.08287,Saturday,February,2024,Kacang Hijau
2024-02-11,3797.845,4161.9883,75476.11,71.11925,535210.7,Sunday,February,2024,Jagung
2024-02-11,9480.274,10451.309,29426.426,55.280945,160662.11,Sunday,February,2024,Beras Medium
2024-02-11,10142.836,11524.154,29346.543,55.266388,163153.19,Sunday,February,2024,Beras Premium
2024-02-11,12939.3125,17725.72,-113.2991,-0.34166858,-75.82416,Sunday,February,2024,Kacang Hijau
2024-02-12,12940.44,17757.91,-130.40613,-0.34576228,-65.37505,Monday,February,2024,Kacang Hijau
2024-02-12,9492.285,10597.215,29954.76,55.2665,163578.73,Monday,February,2024,Beras Medium
2024-02-12,3808.2695,4171.559,75275.766,71.09084,532776.4,Monday,February,2024,Jagung
2024-02-12,10162.83,11570.358,29722.428,55.28151,165397.86,Monday,February,2024,Beras Premium
2024-02-13,9491.614,10494.844,29828.195,55.280434,162024.11,Tuesday,February,2024,Beras Medium
2024-02-13,3815.5393,4179.502,75416.86,71.086044,533241.1,Tuesday,February,2024,Jagung
2024-02-13,10171.889,11585.563,29852.766,55.28762,166194.98,Tuesday,February,2024,Beras Premium
2024-02-13,12941.308,17792.152,-145.17061,-0.35713688,-72.31021,Tuesday,February,2024,Kacang Hijau
2024-02-14,9481.666,10194.966,29166.117,55.315403,157959.3,Wednesday,February,2024,Beras Medium
2024-02-14,10165.248,11563.019,29680.676,55.28348,165224.39,Wednesday,February,2024,Beras Premium
2024-02-14,3819.9836,4187.696,75789.53,71.10242,535803.44,Wednesday,February,2024,Jagung
2024-02-14,12940.606,17793.09,-142.6624,-0.36595088,-91.23711,Wednesday,February,2024,Kacang Hijau
2024-02-15,9456.131,9837.059,28809.455,55.332195,156642.84,Thursday,February,2024,Beras Medium
2024-02-15,10150.575,11526.322,29396.74,55.273365,163521.84,Thursday,February,2024,Beras Premium
2024-02-15,3821.7812,4194.932,76291.664,71.12546,539465.9,Thursday,February,2024,Jagung
2024-02-15,12939.494,17748.713,-124.04611,-0.35416445,-99.51152,Thursday,February,2024,Kacang Hijau
2024-02-16,3824.5017,4202.0635,76305.37,71.11985,539188.4,Friday,February,2024,Jagung
2024-02-16,9441.888,9678.257,28666.75,55.33243,156608.81,Friday,February,2024,Beras Medium
2024-02-16,10141.797,11508.827,29251.096,55.267185,162627.05,Friday,February,2024,Beras Premium
2024-02-16,12938.878,17681.254,-100.39934,-0.3354371,-96.89425,Friday,February,2024,Kacang Hijau
2024-02-17,9454.135,9835.669,28465.412,55.324448,156204.84,Saturday,February,2024,Beras Medium
2024-02-17,10144.979,11519.334,29297.623,55.27028,162858.84,Saturday,February,2024,Beras Premium
2024-02-17,12938.405,17647.207,-87.50516,-0.3272043,-87.85332,Saturday,February,2024,Kacang Hijau
2024-02-17,3832.7278,4213.0195,75901.32,71.085434,535307.7,Saturday,February,2024,Jagung
2024-02-18,10159.301,11555.392,29564.13,55.280373,164392.03,Sunday,February,2024,Beras Premium
2024-02-18,12938.406,17664.352,-94.148735,-0.3259043,-71.553604,Sunday,February,2024,Kacang Hijau
2024-02-18,9480.119,10164.595,28418.049,55.31186,156328.78,Sunday,February,2024,Beras Medium
2024-02-18,3843.8643,4224.581,75508.18,71.0434,531245.1,Sunday,February,2024,Jagung
2024-02-19,9490.6455,10370.698,28860.533,55.29105,158331.95,Monday,February,2024,Beras Medium
2024-02-19,3852.1843,4231.4253,75342.58,71.01439,529103.06,Monday,February,2024,Jagung
2024-02-19,10176.567,11595.482,29912.03,55.291157,166435.52,Monday,February,2024,Beras Premium
2024-02-19,12939.954,17711.836,-116.90351,-0.32848707,-57.64875,Monday,February,2024,Kacang Hijau
2024-02-20,9493.699,10324.003,28972.033,55.29925,158392.05,Tuesday,February,2024,Beras Medium
2024-02-20,3857.1814,4236.495,75490.41,71.007996,529664.06,Tuesday,February,2024,Jagung
2024-02-20,10182.854,11604.791,29987.885,55.294815,166896.75,Tuesday,February,2024,Beras Premium
2024-02-20,12941.132,17759.83,-136.34024,-0.3416309,-64.38261,Tuesday,February,2024,Kacang Hijau
2024-02-21,9483.76,10070.29,28660.639,55.324924,156588.23,Wednesday,February,2024,Beras Medium
2024-02-21,10173.663,11576.47,29773.078,55.28842,165663.36,Wednesday,February,2024,Beras Premium
2024-02-21,3859.5532,4242.0645,75830.72,71.02203,532061.56,Wednesday,February,2024,Jagung
2024-02-21,12940.591,17777.133,-138.98085,-0.3561934,-86.60152,Wednesday,February,2024,Kacang Hijau
2024-02-22,9454.485,9757.675,28587.04,55.329365,156447.75,Thursday,February,2024,Beras Medium
2024-02-22,10156.923,11535.068,29450.166,55.27678,163737.2,Thursday,February,2024,Beras Premium
2024-02-22,3860.749,4248.645,76279.79,71.04607,535533.5,Thursday,February,2024,Jagung
2024-02-22,12939.167,17749.816,-124.40794,-0.3552723,-102.49399,Thursday,February,2024,Kacang Hijau
2024-02-23,3864.1453,4256.7925,76271.98,71.04487,535407.1,Friday,February,2024,Jagung
2024-02-23,9441.915,9633.662,28491.074,55.330578,156464.23,Friday,February,2024,Beras Medium
2024-02-23,10146.554,11514.252,29278.385,55.269283,162692.98,Friday,February,2024,Beras Premium
2024-02-23,12938.408,17698.584,-104.889046,-0.3450895,-104.95505,Friday,February,2024,Kacang Hijau
2024-02-24,12937.882,17678.598,-95.61769,-0.3436238,-99.35451,Saturday,February,2024,Kacang Hijau
2024-02-24,3873.337,4268.8887,75905.56,71.01602,532035.1,Saturday,February,2024,Jagung
2024-02-24,9454.659,9814.433,28310.21,55.323097,156030.27,Saturday,February,2024,Beras Medium
2024-02-24,10148.502,11522.488,29308.633,55.271313,162835.55,Saturday,February,2024,Beras Premium
2024-02-25,10161.793,11556.901,29566.203,55.28042,164316.8,Sunday,February,2024,Beras Premium
2024-02-25,3881.4658,4277.697,75505.3,70.98359,529076.25,Sunday,February,2024,Jagung
2024-02-25,12937.879,17706.69,-105.55565,-0.34687525,-85.38234,Sunday,February,2024,Kacang Hijau
2024-02-25,9482.711,10168.387,28241.754,55.31269,155957.8,Sunday,February,2024,Beras Medium
2024-02-26,10178.197,11595.944,29896.533,55.290993,166264.58,Monday,February,2024,Beras Premium
2024-02-26,9493.189,10398.571,28751.066,55.289234,158199.03,Monday,February,2024,Beras Medium
2024-02-26,3884.0718,4279.1436,75265.63,70.96622,528065.5,Monday,February,2024,Jagung
2024-02-26,12939.331,17762.193,-130.97058,-0.3542797,-74.79077,Monday,February,2024,Kacang Hijau
2024-02-27,10183.842,11604.063,29977.77,55.293785,166760.1,Tuesday,February,2024,Beras Premium
2024-02-27,12940.45,17817.203,-152.77519,-0.371654,-84.27589,Tuesday,February,2024,Kacang Hijau
2024-02-27,9496.106,10374.161,28939.822,55.294556,158533.14,Tuesday,February,2024,Beras Medium
2024-02-27,3885.2454,4279.673,75379.234,70.961815,528791.8,Tuesday,February,2024,Jagung
2024-02-28,12939.86,17839.018,-156.6415,-0.38913104,-108.127785,Wednesday,February,2024,Kacang Hijau
2024-02-28,9487.687,10139.219,28645.717,55.321243,156690.9,Wednesday,February,2024,Beras Medium
2024-02-28,3886.9016,4283.422,75729.22,70.97149,530718.1,Wednesday,February,2024,Jagung
2024-02-28,10174.129,11575.01,29758.977,55.287178,165509.6,Wednesday,February,2024,Beras Premium
2024-02-29,9459.516,9836.013,28558.201,55.32839,156360.27,Thursday,February,2024,Beras Medium
2024-02-29,12938.477,17814.45,-142.62344,-0.3878503,-122.98511,Thursday,February,2024,Kacang Hijau
2024-02-29,3890.2827,4291.1416,76229.5,70.98837,533396.1,Thursday,February,2024,Jagung
2024-02-29,10157.02,11533.149,29433.428,55.275436,163574.28,Thursday,February,2024,Beras Premium
2024-03-01,3894.181,4299.532,76223.9,70.98938,533187.4,Friday,March,2024,Jagung
2024-03-01,12937.822,17763.338,-123.007195,-0.3763713,-123.91968,Friday,March,2024,Kacang Hijau
2024-03-01,9447.824,9724.124,28480.584,55.330044,156394.84,Friday,March,2024,Beras Medium
2024-03-01,10146.4,11512.128,29260.877,55.267902,162532.11,Friday,March,2024,Beras Premium
2024-03-02,12936.963,17743.492,-111.65699,-0.37300673,-112.22774,Saturday,March,2024,Kacang Hijau
2024-03-02,10144.418,11510.667,29209.082,55.265976,162150.9,Saturday,March,2024,Beras Premium
2024-03-02,9451.3955,9779.931,28292.441,55.32208,155907.22,Saturday,March,2024,Beras Medium
2024-03-02,3899.786,4309.148,75583.81,70.954346,529246.44,Saturday,March,2024,Jagung
2024-03-03,10154.084,11536.966,29405.996,55.27226,163231.12,Sunday,March,2024,Beras Premium
2024-03-03,9462.235,9895.329,28189.338,55.313988,155636.81,Sunday,March,2024,Beras Medium
2024-03-03,12936.326,17767.54,-119.57248,-0.37599617,-96.29945,Sunday,March,2024,Kacang Hijau
2024-03-03,3906.7876,4318.3545,74911.88,70.908424,525251.7,Sunday,March,2024,Jagung
2024-03-04,9464.277,9854.667,28243.938,55.31391,155819.47,Monday,March,2024,Beras Medium
2024-03-04,3912.0837,4324.337,74470.22,70.862366,522231.7,Monday,March,2024,Jagung
2024-03-04,10165.273,11563.19,29634.516,55.27799,164476.55,Monday,March,2024,Beras Premium
2024-03-04,12937.008,17816.254,-141.14186,-0.37983567,-82.26749,Monday,March,2024,Kacang Hijau
2024-03-05,12937.811,17859.68,-157.85056,-0.3890649,-85.91078,Tuesday,March,2024,Kacang Hijau
2024-03-05,3917.601,4331.4453,74203.445,70.82138,520046.4,Tuesday,March,2024,Jagung
2024-03-05,10166.035,11557.8545,29624.988,55.27625,164334.61,Tuesday,March,2024,Beras Premium
2024-03-05,9448.794,9598.12,28295.578,55.31502,156036.11,Tuesday,March,2024,Beras Medium
2024-03-06,3924.5242,4343.561,74101.625,70.791565,518858.66,Wednesday,March,2024,Jagung
2024-03-06,10152.145,11516.977,29326.992,55.26531,162509.17,Wednesday,March,2024,Beras Premium
2024-03-06,12937.788,17867.617,-155.57533,-0.3943744,-100.03996,Wednesday,March,2024,Kacang Hijau
2024-03-06,9418.164,9303.652,28190.895,55.317436,155665.38,Wednesday,March,2024,Beras Medium
2024-03-07,9400.083,9122.782,28101.086,55.313194,155994.7,Thursday,March,2024,Beras Medium
2024-03-07,12937.586,17831.367,-136.46315,-0.38332015,-106.02744,Thursday,March,2024,Kacang Hijau
2024-03-07,3932.9521,4360.011,74164.04,70.77266,518514.1,Thursday,March,2024,Jagung
2024-03-07,10132.011,11467.936,28963.46,55.249847,160275.58,Thursday,March,2024,Beras Premium
2024-03-08,9393.0205,9044.041,28025.73,55.307312,156398.16,Friday,March,2024,Beras Medium
2024-03-08,12937.675,17774.252,-113.97609,-0.36135095,-96.842125,Friday,March,2024,Kacang Hijau
2024-03-08,3945.1848,4381.152,73943.47,70.75288,517236.66,Friday,March,2024,Jagung
2024-03-08,10117.759,11439.519,28759.822,55.23788,158946.27,Friday,March,2024,Beras Premium
2024-03-09,12936.772,17750.902,-102.55611,-0.36045724,-90.9485,Saturday,March,2024,Kacang Hijau
2024-03-09,3959.701,4402.7954,73480.74,70.72424,515256.47,Saturday,March,2024,Jagung
2024-03-09,10116.979,11443.917,28793.373,55.237343,159065.81,Saturday,March,2024,Beras Premium
2024-03-09,9392.693,9052.996,27862.97,55.30045,155968.86,Saturday,March,2024,Beras Medium
2024-03-10,9395.756,9098.436,27716.695,55.295654,155273.48,Sunday,March,2024,Beras Medium
2024-03-10,3972.6353,4419.8477,73155.53,70.6875,514254.78,Sunday,March,2024,Jagung
2024-03-10,12935.768,17771.72,-110.1829,-0.3693382,-83.20286,Sunday,March,2024,Kacang Hijau
2024-03-10,10128.59,11476.281,29041.188,55.24715,160536.67,Sunday,March,2024,Beras Premium
2024-03-11,3989.713,4436.3276,72947.375,70.63283,513546.84,Monday,March,2024,Jagung
2024-03-11,12936.616,17815.357,-132.56256,-0.37301475,-73.20832,Monday,March,2024,Kacang Hijau
2024-03-11,9407.273,9140.232,27781.877,55.297523,155502.92,Monday,March,2024,Beras Medium
2024-03-11,10142.463,11510.255,29325.56,55.257183,162214.7,Monday,March,2024,Beras Premium
2024-03-12,9421.1045,9148.577,27984.201,55.303226,156436.1,Tuesday,March,2024,Beras Medium
2024-03-12,4007.4167,4453.515,72886.305,70.57785,513323.75,Tuesday,March,2024,Jagung
2024-03-12,12937.733,17855.092,-150.12776,-0.3813753,-78.65249,Tuesday,March,2024,Kacang Hijau
2024-03-12,10146.742,11514.599,29383.633,55.259583,162573.75,Tuesday,March,2024,Beras Premium
2024-03-13,4024.913,4473.9097,72995.25,70.543945,514077.38,Wednesday,March,2024,Jagung
2024-03-13,12938.002,17860.432,-148.66907,-0.38612086,-93.65643,Wednesday,March,2024,Kacang Hijau
2024-03-13,10136.664,11484.065,29156.83,55.25238,161260.19,Wednesday,March,2024,Beras Premium
2024-03-13,9421.924,9118.356,28066.447,55.304096,157062.73,Wednesday,March,2024,Beras Medium
2024-03-14,4044.1428,4498.973,73243.62,70.53049,515688.56,Thursday,March,2024,Jagung
2024-03-14,10119.841,11444.021,28859.016,55.239803,159473.12,Thursday,March,2024,Beras Premium
2024-03-14,9416.847,9076.82,28088.65,55.301655,157671.81,Thursday,March,2024,Beras Medium
2024-03-14,12938.016,17824.064,-131.0609,-0.3752703,-100.499016,Thursday,March,2024,Kacang Hijau
2024-03-15,4065.8425,4525.752,73334.75,70.51679,516659.38,Friday,March,2024,Jagung
2024-03-15,12938.091,17768.863,-110.19093,-0.35286042,-91.292274,Friday,March,2024,Kacang Hijau
2024-03-15,9415.347,9068.076,28069.895,55.299236,158037.88,Friday,March,2024,Beras Medium
2024-03-15,10107.896,11422.153,28706.402,55.230427,158488.3,Friday,March,2024,Beras Premium
2024-03-16,9419.206,9113.165,27935.625,55.296635,157452.27,Saturday,March,2024,Beras Medium
2024-03-16,4089.2444,4551.925,73298.6,70.48732,517107.44,Saturday,March,2024,Jagung
2024-03-16,10108.919,11431.123,28771.97,55.231987,158830.55,Saturday,March,2024,Beras Premium
2024-03-16,12936.992,17748.852,-100.15697,-0.35517052,-87.85923,Saturday,March,2024,Kacang Hijau
2024-03-17,10122.309,11466.965,29032.338,55.243786,160418.86,Sunday,March,2024,Beras Premium
2024-03-17,9429.612,9196.162,27870.201,55.29771,156932.36,Sunday,March,2024,Beras Medium
2024-03-17,12935.803,17773.037,-109.0502,-0.36772484,-82.7729,Sunday,March,2024,Kacang Hijau
2024-03-17,4112.3633,4575.144,73262.92,70.44481,517799.8,Sunday,March,2024,Jagung
2024-03-18,10137.687,11503.781,29326.055,55.255325,162183.75,Monday,March,2024,Beras Premium
2024-03-18,9448.625,9278.03,28011.645,55.301983,157470.8,Monday,March,2024,Beras Medium
2024-03-18,12936.711,17818.9,-132.82414,-0.3726999,-73.72526,Monday,March,2024,Kacang Hijau
2024-03-18,4130.833,4601.998,73094.664,70.4016,519734.7,Monday,March,2024,Jagung
2024-03-19,9462.738,9290.906,28264.74,55.310925,158454.52,Tuesday,March,2024,Beras Medium
2024-03-19,12937.984,17860.611,-151.75993,-0.3813967,-79.4302,Tuesday,March,2024,Kacang Hijau
2024-03-19,4148.477,4625.4463,73135.555,70.36684,522144.7,Tuesday,March,2024,Jagung
2024-03-19,10143.275,11510.601,29392.432,55.25875,162614.61,Tuesday,March,2024,Beras Premium
2024-03-20,4166.308,4648.9043,73391.65,70.35243,525221.8,Wednesday,March,2024,Jagung
2024-03-20,12938.333,17867.244,-151.11041,-0.38648817,-94.57869,Wednesday,March,2024,Kacang Hijau
2024-03-20,10134.288,11482.132,29172.785,55.252235,161359.16,Wednesday,March,2024,Beras Premium
2024-03-20,9454.57,9219.795,28323.787,55.315365,158597.14,Wednesday,March,2024,Beras Medium
2024-03-21,9442.417,9147.185,28306.66,55.314663,158828.2,Thursday,March,2024,Beras Medium
2024-03-21,10118.272,11443.573,28880.836,55.240036,159612.89,Thursday,March,2024,Beras Premium
2024-03-21,12938.346,17832.275,-134.14507,-0.37619668,-101.728745,Thursday,March,2024,Kacang Hijau
2024-03-21,4183.996,4675.1953,73725.22,70.360344,528891.25,Thursday,March,2024,Jagung
2024-03-22,10106.864,11422.599,28731.291,55.23095,158649.31,Friday,March,2024,Beras Premium
2024-03-22,9437.098,9117.578,28272.389,55.313526,159015.69,Friday,March,2024,Beras Medium
2024-03-22,4200.792,4703.874,73850.086,70.37131,532199.7,Friday,March,2024,Jagung
2024-03-22,12938.357,17778.42,-113.70112,-0.3544374,-92.844666,Friday,March,2024,Kacang Hijau
2024-03-23,9438.988,9152.819,28136.215,55.31149,158361.86,Saturday,March,2024,Beras Medium
2024-03-23,4217.522,4733.002,73793.17,70.368286,535164.4,Saturday,March,2024,Jagung
2024-03-23,12937.1875,17760.105,-104.08245,-0.35836613,-90.31101,Saturday,March,2024,Kacang Hijau
2024-03-23,10108.27,11432.059,28797.096,55.232685,158994.28,Saturday,March,2024,Beras Premium
2024-03-24,9448.211,9236.375,28060.766,55.310802,157799.4,Sunday,March,2024,Beras Medium
2024-03-24,10121.973,11468.166,29055.219,55.244625,160571.84,Sunday,March,2024,Beras Premium
2024-03-24,4232.4062,4757.239,73677.11,70.34999,537672.06,Sunday,March,2024,Jagung
2024-03-24,12935.913,17785.795,-113.41465,-0.3724878,-86.21314,Sunday,March,2024,Kacang Hijau
2024-03-25,9463.638,9309.009,28174.895,55.312862,158198.77,Monday,March,2024,Beras Medium
2024-03-25,10137.578,11505.122,29346.549,55.25622,162323.42,Monday,March,2024,Beras Premium
2024-03-25,12936.853,17832.828,-137.87105,-0.37797365,-77.54827,Monday,March,2024,Kacang Hijau
2024-03-25,4244.0234,4773.666,73578.28,70.32176,539287.0,Monday,March,2024,Jagung
2024-03-26,4254.677,4785.9595,73679.414,70.29802,540928.8,Tuesday,March,2024,Jagung
2024-03-26,9472.833,9305.66,28387.375,55.319824,158947.28,Tuesday,March,2024,Beras Medium
2024-03-26,10143.333,11512.002,29410.629,55.259644,162740.5,Tuesday,March,2024,Beras Premium
2024-03-26,12938.145,17875.125,-157.15929,-0.38683042,-83.4638,Tuesday,March,2024,Kacang Hijau
2024-03-27,4265.17,4797.975,73991.44,70.292915,543166.6,Wednesday,March,2024,Jagung
2024-03-27,9460.474,9219.991,28404.086,55.32216,158900.3,Wednesday,March,2024,Beras Medium
2024-03-27,10134.454,11483.526,29188.793,55.25308,161471.27,Wednesday,March,2024,Beras Premium
2024-03-27,12938.427,17881.705,-156.20879,-0.39234558,-98.781296,Wednesday,March,2024,Kacang Hijau
2024-03-28,9446.003,9141.474,28359.508,55.319622,159029.2,Thursday,March,2024,Beras Medium
2024-03-28,12938.3545,17846.59,-138.84677,-0.38247555,-106.13985,Thursday,March,2024,Kacang Hijau
2024-03-28,4279.957,4812.1685,74403.83,70.32368,545251.1,Thursday,March,2024,Jagung
2024-03-28,10118.502,11444.902,28894.791,55.240818,159711.4,Thursday,March,2024,Beras Premium
2024-03-29,4298.786,4828.967,74646.93,70.37198,546253.94,Friday,March,2024,Jagung
2024-03-29,10107.127,11423.826,28743.266,55.231663,158734.42,Friday,March,2024,Beras Premium
2024-03-29,9439.571,9109.435,28317.404,55.31662,159200.64,Friday,March,2024,Beras Medium
2024-03-29,12938.31,17792.559,-118.077736,-0.3610349,-97.368484,Friday,March,2024,Kacang Hijau
2024-03-30,12937.111,17774.18,-108.29406,-0.36531746,-94.98082,Saturday,March,2024,Kacang Hijau
2024-03-30,9439.801,9140.351,28159.25,55.313225,158459.33,Saturday,March,2024,Beras Medium
2024-03-30,10108.548,11433.165,28807.234,55.233315,159066.8,Saturday,March,2024,Beras Premium
2024-03-30,4320.5215,4847.6597,74710.73,70.411224,546569.0,Saturday,March,2024,Jagung
2024-03-31,12935.803,17799.64,-117.56174,-0.3796145,-91.045555,Sunday,March,2024,Kacang Hijau
2024-03-31,10122.245,11469.146,29063.824,55.245167,160633.31,Sunday,March,2024,Beras Premium
2024-03-31,4338.1694,4862.922,74685.01,70.42484,546863.1,Sunday,March,2024,Jagung
2024-03-31,9446.746,9215.998,28066.436,55.312428,157789.86,Sunday,March,2024,Beras Medium
2024-04-01,9461.417,9286.895,28171.629,55.31413,158141.36,Monday,April,2024,Beras Medium
2024-04-01,10137.836,11505.974,29353.762,55.256683,162374.94,Monday,April,2024,Beras Premium
2024-04-01,4348.1753,4871.6255,74630.4,70.41143,547026.0,Monday,April,2024,Jagung
2024-04-01,12936.757,17846.4,-142.13702,-0.3849361,-82.43441,Monday,April,2024,Kacang Hijau
2024-04-02,10136.388,11492.47,29237.635,55.25267,161598.22,Tuesday,April,2024,Beras Premium
2024-04-02,12938.502,17893.293,-165.7387,-0.38730335,-82.97373,Tuesday,April,2024,Kacang Hijau
2024-04-02,9459.141,9248.9795,28266.174,55.31745,158249.17,Tuesday,April,2024,Beras Medium
2024-04-02,4357.1577,4879.494,74554.16,70.36804,546892.94,Tuesday,April,2024,Jagung
2024-04-03,12938.74,17903.117,-163.86627,-0.39148962,-94.56958,Wednesday,April,2024,Kacang Hijau
2024-04-03,9444.307,9177.289,28211.943,55.31403,158056.39,Wednesday,April,2024,Beras Medium
2024-04-03,4369.882,4891.332,74569.375,70.32732,546942.4,Wednesday,April,2024,Jagung
2024-04-03,10120.77,11445.155,28862.0,55.238457,159264.39,Wednesday,April,2024,Beras Premium
2024-04-04,10099.47,11391.938,28453.332,55.219463,156709.34,Thursday,April,2024,Beras Premium
2024-04-04,12939.498,17865.338,-144.49954,-0.3776642,-94.07311,Thursday,April,2024,Kacang Hijau
2024-04-04,9428.368,9111.358,28120.125,55.30674,158060.83,Thursday,April,2024,Beras Medium
2024-04-04,4389.737,4909.1753,74727.56,70.314926,547496.44,Thursday,April,2024,Jagung
2024-04-05,12940.091,17810.953,-121.42079,-0.3530178,-78.40641,Friday,April,2024,Kacang Hijau
2024-04-05,9421.794,9091.204,28084.389,55.300556,158336.75,Friday,April,2024,Beras Medium
2024-04-05,10083.397,11353.543,28233.635,55.210606,155415.42,Friday,April,2024,Beras Premium
2024-04-05,4413.3604,4929.83,74822.83,70.32628,547776.4,Friday,April,2024,Jagung
2024-04-06,9425.238,9128.964,28060.34,55.296574,158273.2,Saturday,April,2024,Beras Medium
2024-04-06,12939.039,17788.24,-111.32799,-0.3422122,-64.79672,Saturday,April,2024,Kacang Hijau
2024-04-06,4432.725,4947.28,74878.04,70.33152,548399.25,Saturday,April,2024,Jagung
2024-04-06,10078.354,11342.899,28218.26,55.20928,155313.58,Saturday,April,2024,Beras Premium
2024-04-07,12938.277,17804.2,-122.27059,-0.34428555,-57.12079,Sunday,April,2024,Kacang Hijau
2024-04-07,4444.918,4958.979,74915.39,70.316284,549607.94,Sunday,April,2024,Jagung
2024-04-07,9435.201,9192.313,28097.537,55.2966,158130.66,Sunday,April,2024,Beras Medium
2024-04-07,10083.233,11357.372,28336.516,55.211124,155902.03,Sunday,April,2024,Beras Premium
2024-04-08,9450.259,9244.065,28289.945,55.30287,158587.2,Monday,April,2024,Beras Medium
2024-04-08,12936.844,17844.074,-137.14058,-0.36218038,-69.55831,Monday,April,2024,Kacang Hijau
2024-04-08,4451.625,4965.3574,74928.305,70.28441,550906.5,Monday,April,2024,Jagung
2024-04-08,10090.3545,11374.621,28467.324,55.21201,156519.4,Monday,April,2024,Beras Premium
2024-04-09,10090.43,11368.694,28437.943,55.20925,156283.1,Tuesday,April,2024,Beras Premium
2024-04-09,9464.325,9261.217,28520.145,55.311806,159366.5,Tuesday,April,2024,Beras Medium
2024-04-09,12934.571,17880.338,-140.67667,-0.3902151,-101.43614,Tuesday,April,2024,Kacang Hijau
2024-04-09,4457.189,4971.1777,75029.28,70.24818,552400.8,Tuesday,April,2024,Jagung
2024-04-10,12934.534,17876.822,-133.78178,-0.39195472,-112.70437,Wednesday,April,2024,Kacang Hijau
2024-04-10,9462.826,9234.024,28555.639,55.3147,159600.88,Wednesday,April,2024,Beras Medium
2024-04-10,10080.874,11338.681,28256.36,55.203842,155285.5,Wednesday,April,2024,Beras Premium
2024-04-10,4464.4834,4978.9136,75218.65,70.22118,553810.1,Wednesday,April,2024,Jagung
2024-04-11,12937.994,17826.291,-120.9375,-0.3603722,-92.762,Thursday,April,2024,Kacang Hijau
2024-04-11,9454.731,9190.261,28540.445,55.312855,159932.39,Thursday,April,2024,Beras Medium
2024-04-11,10067.122,11304.315,28096.09,55.20055,154501.53,Thursday,April,2024,Beras Premium
2024-04-11,4477.8135,4990.965,75516.83,70.22486,555239.4,Thursday,April,2024,Jagung
2024-04-12,9452.562,9177.542,28548.56,55.311546,160366.06,Friday,April,2024,Beras Medium
2024-04-12,10056.637,11282.415,28047.264,55.20034,154311.38,Friday,April,2024,Beras Premium
2024-04-12,4494.225,5004.338,75750.055,70.250336,556136.2,Friday,April,2024,Jagung
2024-04-12,12941.451,17762.277,-106.954384,-0.316986,-56.19517,Friday,April,2024,Kacang Hijau
2024-04-13,4505.6543,5014.2095,75882.64,70.26737,557001.8,Saturday,April,2024,Jagung
2024-04-13,9460.003,9213.759,28550.361,55.312588,160412.56,Saturday,April,2024,Beras Medium
2024-04-13,12940.492,17736.434,-97.40035,-0.30509558,-40.553097,Saturday,April,2024,Kacang Hijau
2024-04-13,10055.305,11285.203,28130.463,55.203327,154788.38,Saturday,April,2024,Beras Premium
2024-04-14,9474.107,9272.265,28627.639,55.3167,160488.66,Sunday,April,2024,Beras Medium
2024-04-14,4510.601,5019.0522,75969.54,70.264496,558317.0,Sunday,April,2024,Jagung
2024-04-14,10063.391,11310.564,28309.773,55.208088,155753.8,Sunday,April,2024,Beras Premium
2024-04-14,12938.026,17752.56,-102.318985,-0.3168671,-42.895195,Sunday,April,2024,Kacang Hijau
2024-04-15,9494.402,9329.746,28871.225,55.327423,161375.44,Monday,April,2024,Beras Medium
2024-04-15,4511.106,5019.5815,76003.21,70.24509,559568.2,Monday,April,2024,Jagung
2024-04-15,10074.059,11337.854,28471.475,55.21066,156568.66,Monday,April,2024,Beras Premium
2024-04-15,12934.616,17794.36,-109.64524,-0.3474772,-68.65332,Monday,April,2024,Kacang Hijau
2024-04-16,9509.354,9337.777,29128.938,55.338444,162436.45,Tuesday,April,2024,Beras Medium
2024-04-16,12932.467,17831.398,-114.08438,-0.37478092,-99.6412,Tuesday,April,2024,Kacang Hijau
2024-04-16,4510.974,5020.208,76096.71,70.21956,560846.94,Tuesday,April,2024,Jagung
2024-04-16,10077.511,11341.115,28467.395,55.20898,156499.7,Tuesday,April,2024,Beras Premium
2024-04-17,9504.246,9293.565,29143.242,55.339973,162624.03,Wednesday,April,2024,Beras Medium
2024-04-17,12932.964,17830.988,-109.39796,-0.38031662,-111.99397,Wednesday,April,2024,Kacang Hijau
2024-04-17,10070.77,11319.163,28313.902,55.20444,155692.89,Wednesday,April,2024,Beras Premium
2024-04-17,4512.9004,5023.128,76254.09,70.20164,561899.75,Wednesday,April,2024,Jagung
2024-04-18,4521.0796,5030.6357,76504.4,70.212425,562872.75,Thursday,April,2024,Jagung
2024-04-18,12936.98,17784.28,-99.5003,-0.35134494,-92.245384,Thursday,April,2024,Kacang Hijau
2024-04-18,9490.478,9232.77,29064.883,55.335228,162664.53,Thursday,April,2024,Beras Medium
2024-04-18,10059.521,11291.222,28177.33,55.202026,155033.53,Thursday,April,2024,Beras Premium
2024-04-19,9483.33,9206.328,29011.955,55.331013,162785.4,Friday,April,2024,Beras Medium
2024-04-19,4532.7256,5039.7773,76679.336,70.24306,563262.8,Friday,April,2024,Jagung
2024-04-19,12940.782,17724.027,-88.55178,-0.30669174,-54.23282,Friday,April,2024,Kacang Hijau
2024-04-19,10050.858,11273.821,28139.158,55.202293,154891.33,Friday,April,2024,Beras Premium
2024-04-20,9486.814,9233.168,28957.78,55.32961,162552.62,Saturday,April,2024,Beras Medium
2024-04-20,4539.682,5045.678,76747.46,70.263275,563604.6,Saturday,April,2024,Jagung
2024-04-20,10050.878,11279.702,28224.016,55.205643,155364.61,Saturday,April,2024,Beras Premium
2024-04-20,12940.462,17700.855,-83.4629,-0.2905364,-33.770317,Saturday,April,2024,Kacang Hijau
2024-04-21,12937.448,17721.574,-87.80301,-0.3072574,-40.38409,Sunday,April,2024,Kacang Hijau
2024-04-21,9499.011,9288.304,28999.615,55.332626,162523.23,Sunday,April,2024,Beras Medium
2024-04-21,10059.927,11307.179,28395.438,55.210342,156288.5,Sunday,April,2024,Beras Premium
2024-04-21,4540.6577,5046.9634,76769.67,70.262695,564409.56,Sunday,April,2024,Jagung
2024-04-22,9516.055,9341.223,29192.432,55.34097,163163.77,Monday,April,2024,Beras Medium
2024-04-22,10071.498,11336.139,28545.707,55.212708,157038.47,Monday,April,2024,Beras Premium
2024-04-22,4537.7563,5044.415,76738.27,70.24521,565155.7,Monday,April,2024,Jagung
2024-04-22,12934.085,17766.506,-96.4397,-0.3384227,-66.07554,Monday,April,2024,Kacang Hijau
2024-04-23,9527.45,9342.815,29404.982,55.34961,163989.1,Tuesday,April,2024,Beras Medium
2024-04-23,10075.704,11340.694,28531.146,55.2108,156909.83,Tuesday,April,2024,Beras Premium
2024-04-23,4534.664,5042.2686,76762.33,70.22161,565911.7,Tuesday,April,2024,Jagung
2024-04-23,12932.041,17806.875,-102.25893,-0.36640593,-97.209076,Tuesday,April,2024,Kacang Hijau
2024-04-24,10069.531,11319.702,28369.627,55.20608,156057.81,Wednesday,April,2024,Beras Premium
2024-04-24,12932.726,17809.898,-99.14707,-0.37440985,-110.563255,Wednesday,April,2024,Kacang Hijau
2024-04-24,4533.902,5042.7217,76855.99,70.20539,566480.6,Wednesday,April,2024,Jagung
2024-04-24,9518.947,9295.566,29371.664,55.348736,163932.39,Wednesday,April,2024,Beras Medium
2024-04-25,10058.744,11292.395,28226.777,55.203545,155355.42,Thursday,April,2024,Beras Premium
2024-04-25,9502.418,9233.03,29252.404,55.341984,163756.38,Thursday,April,2024,Beras Medium
2024-04-25,12936.902,17766.527,-90.95505,-0.3470808,-91.41347,Thursday,April,2024,Kacang Hijau
2024-04-25,4539.5654,5047.9966,77048.93,70.21709,567006.8,Thursday,April,2024,Jagung
2024-04-26,9493.219,9206.115,29166.428,55.336258,163699.23,Friday,April,2024,Beras Medium
2024-04-26,12940.779,17709.07,-81.5926,-0.30217347,-53.155945,Friday,April,2024,Kacang Hijau
2024-04-26,10050.394,11275.31,28182.244,55.20365,155170.11,Friday,April,2024,Beras Premium
2024-04-26,4549.001,5055.146,77170.6,70.24818,566988.25,Friday,April,2024,Jagung
2024-04-27,12940.464,17688.436,-77.70641,-0.28632274,-32.700638,Saturday,April,2024,Kacang Hijau
2024-04-27,9495.154,9233.257,29086.146,55.33374,163323.02,Saturday,April,2024,Beras Medium
2024-04-27,4553.9585,5059.234,77190.2,70.268394,566965.7,Saturday,April,2024,Jagung
2024-04-27,10050.627,11281.297,28260.914,55.206825,155601.97,Saturday,April,2024,Beras Premium
2024-04-28,4553.187,5058.918,77168.83,70.26772,567445.8,Sunday,April,2024,Jagung
2024-04-28,10059.811,11308.755,28425.855,55.211334,156486.1,Sunday,April,2024,Beras Premium
2024-04-28,12937.433,17711.43,-82.97481,-0.30367652,-39.455757,Sunday,April,2024,Kacang Hijau
2024-04-28,9506.295,9288.214,29109.674,55.33593,163190.73,Sunday,April,2024,Beras Medium
2024-04-29,10071.485,11337.645,28570.291,55.213516,157199.86,Monday,April,2024,Beras Premium
2024-04-29,4548.79,5054.98,77096.77,70.25009,567886.75,Monday,April,2024,Jagung
2024-04-29,12934.074,17758.197,-92.334915,-0.33536553,-65.23675,Monday,April,2024,Kacang Hijau
2024-04-29,9522.576,9341.201,29288.98,55.343792,163745.75,Monday,April,2024,Beras Medium
2024-04-30,10075.765,11342.098,28550.764,55.21146,157040.36,Tuesday,April,2024,Beras Premium
2024-04-30,4544.411,5051.586,77079.734,70.22646,568337.94,Tuesday,April,2024,Jagung
2024-04-30,12932.057,17800.207,-98.82477,-0.3637762,-96.49788,Tuesday,April,2024,Kacang Hijau
2024-04-30,9533.323,9343.293,29490.197,55.35202,164503.94,Tuesday,April,2024,Beras Medium
2024-05-01,9524.146,9296.711,29446.566,55.350857,164382.67,Wednesday,May,2024,Beras Medium
2024-05-01,10069.637,11320.981,28385.14,55.20663,156162.52,Wednesday,May,2024,Beras Premium
2024-05-01,4542.4937,5050.9463,77137.54,70.21026,568635.8,Wednesday,May,2024,Jagung
2024-05-01,12932.788,17804.723,-96.37919,-0.37253574,-110.161446,Wednesday,May,2024,Kacang Hijau
2024-05-02,4548.533,5056.1187,77234.766,70.19551,568635.3,Thursday,May,2024,Jagung
2024-05-02,9496.026,9232.649,29177.365,55.34012,163428.25,Thursday,May,2024,Beras Medium
2024-05-02,10056.521,11283.551,28127.15,55.200806,154740.56,Thursday,May,2024,Beras Premium
2024-05-02,12937.446,17770.182,-89.62631,-0.34430844,-94.24212,Thursday,May,2024,Kacang Hijau
2024-05-03,4556.213,5062.1675,77264.54,70.19558,568019.2,Friday,May,2024,Jagung
2024-05-03,12942.125,17719.65,-81.847694,-0.30330804,-61.78212,Friday,May,2024,Kacang Hijau
2024-05-03,9476.165,9209.897,28935.775,55.329876,162542.38,Friday,May,2024,Beras Medium
2024-05-03,10044.801,11252.549,27955.049,55.19617,153740.34,Friday,May,2024,Beras Premium
2024-05-04,12942.569,17697.953,-77.22982,-0.28680968,-45.0144,Saturday,May,2024,Kacang Hijau
2024-05-04,10040.033,11240.972,27922.508,55.194622,153414.83,Saturday,May,2024,Beras Premium
2024-05-04,4559.0195,5064.196,77114.32,70.18677,566763.5,Saturday,May,2024,Jagung
2024-05-04,9473.77,9244.202,28834.822,55.326107,162026.69,Saturday,May,2024,Beras Medium
2024-05-05,10042.806,11248.25,27989.691,55.194336,153620.64,Sunday,May,2024,Beras Premium
2024-05-05,4557.701,5062.923,76913.22,70.1675,565936.3,Sunday,May,2024,Jagung
2024-05-05,12939.622,17716.291,-79.74875,-0.3025732,-57.595825,Sunday,May,2024,Kacang Hijau
2024-05-05,9484.898,9311.197,28890.018,55.32971,161928.84,Sunday,May,2024,Beras Medium
2024-05-06,10047.164,11254.721,28011.473,55.19109,153515.11,Monday,May,2024,Beras Premium
2024-05-06,4556.2144,5060.5815,76728.62,70.141045,565621.56,Monday,May,2024,Jagung
2024-05-06,12935.574,17758.816,-86.07605,-0.33585685,-92.352036,Monday,May,2024,Kacang Hijau
2024-05-06,9502.981,9370.194,29121.432,55.342224,162478.47,Monday,May,2024,Beras Medium
2024-05-07,12932.556,17795.576,-89.008835,-0.36651164,-130.72244,Tuesday,May,2024,Kacang Hijau
2024-05-07,10045.997,11243.901,27916.982,55.185997,152828.75,Tuesday,May,2024,Beras Premium
2024-05-07,9517.505,9391.68,29344.902,55.352833,163274.55,Tuesday,May,2024,Beras Medium
2024-05-07,4557.8516,5061.038,76662.54,70.1107,565872.5,Tuesday,May,2024,Jagung
2024-05-08,9511.018,9365.929,29277.613,55.35315,163005.98,Wednesday,May,2024,Beras Medium
2024-05-08,12933.255,17792.918,-83.28617,-0.37442002,-144.75552,Wednesday,May,2024,Kacang Hijau
2024-05-08,4561.217,5063.5547,76670.5,70.08043,566014.75,Wednesday,May,2024,Jagung
2024-05-08,10037.915,11217.908,27736.182,55.1816,151836.22,Wednesday,May,2024,Beras Premium
2024-05-09,10026.513,11188.717,27586.719,55.180393,151097.89,Thursday,May,2024,Beras Premium
2024-05-09,9490.146,9320.859,29033.025,55.345676,162116.31,Thursday,May,2024,Beras Medium
2024-05-09,12938.68,17743.297,-73.30568,-0.3439619,-121.09295,Thursday,May,2024,Kacang Hijau
2024-05-09,4568.964,5069.7603,76868.15,70.07349,566733.5,Thursday,May,2024,Jagung
2024-05-10,4576.423,5075.398,77031.8,70.0861,566976.25,Friday,May,2024,Jagung
2024-05-10,12943.853,17680.383,-62.923393,-0.2961946,-78.41345,Friday,May,2024,Kacang Hijau
2024-05-10,9475.057,9305.257,28814.104,55.33864,161288.02,Friday,May,2024,Beras Medium
2024-05-10,10017.258,11167.966,27545.375,55.17962,150879.67,Friday,May,2024,Beras Premium
2024-05-11,9479.294,9337.952,28815.412,55.337677,161255.42,Saturday,May,2024,Beras Medium
2024-05-11,4578.1147,5076.527,77013.56,70.09104,566512.44,Saturday,May,2024,Jagung
2024-05-11,10014.755,11165.7,27627.64,55.180782,151239.4,Saturday,May,2024,Beras Premium
2024-05-11,12944.466,17647.229,-55.22627,-0.2738077,-53.448387,Saturday,May,2024,Kacang Hijau
2024-05-12,4575.512,5074.3677,76919.06,70.084915,566304.6,Sunday,May,2024,Jagung
2024-05-12,10019.885,11182.038,27787.229,55.1832,152017.75,Sunday,May,2024,Beras Premium
2024-05-12,12940.759,17656.379,-53.807327,-0.28614098,-62.428883,Sunday,May,2024,Kacang Hijau
2024-05-12,9496.569,9396.182,28990.434,55.34581,161670.55,Sunday,May,2024,Beras Medium
2024-05-13,9522.951,9455.633,29349.375,55.361645,162896.69,Monday,May,2024,Beras Medium
2024-05-13,10026.581,11197.834,27871.932,55.182034,152371.19,Monday,May,2024,Beras Premium
2024-05-13,12935.806,17692.13,-56.70963,-0.31754035,-95.38103,Monday,May,2024,Kacang Hijau
2024-05-13,4572.978,5071.469,76823.36,70.071335,566527.1,Monday,May,2024,Jagung
2024-05-14,9537.564,9467.594,29588.951,55.372498,163873.23,Tuesday,May,2024,Beras Medium
2024-05-14,4573.62,5071.5864,76832.4,70.053,567252.8,Tuesday,May,2024,Jagung
2024-05-14,12932.1045,17725.088,-57.509975,-0.34997606,-133.05495,Tuesday,May,2024,Kacang Hijau
2024-05-14,10028.345,11197.288,27836.32,55.178944,152115.16,Tuesday,May,2024,Beras Premium
2024-05-15,9526.784,9420.477,29490.908,55.370937,163613.19,Wednesday,May,2024,Beras Medium
2024-05-15,10023.682,11181.849,27717.16,55.177647,151533.69,Wednesday,May,2024,Beras Premium
2024-05-15,12933.0,17721.98,-51.969845,-0.36340675,-147.31012,Wednesday,May,2024,Kacang Hijau
2024-05-15,4575.9526,5073.7036,76886.39,70.0335,567692.75,Wednesday,May,2024,Jagung
2024-05-16,9503.408,9359.247,29223.094,55.361816,162752.75,Thursday,May,2024,Beras Medium
2024-05-16,10015.179,11161.481,27613.812,55.17865,151106.16,Thursday,May,2024,Beras Premium
2024-05-16,4582.5205,5079.3433,77108.46,70.03572,568566.2,Thursday,May,2024,Jagung
2024-05-16,12938.796,17674.312,-43.86825,-0.3360354,-122.96177,Thursday,May,2024,Kacang Hijau
2024-05-17,12944.064,17614.547,-35.949074,-0.2863405,-77.82329,Friday,May,2024,Kacang Hijau
2024-05-17,9488.564,9332.25,29024.443,55.35305,162120.06,Friday,May,2024,Beras Medium
2024-05-17,4588.7656,5084.34,77283.56,70.056046,568869.25,Friday,May,2024,Jagung
2024-05-17,10008.234,11146.47,27617.553,55.178997,151180.19,Friday,May,2024,Beras Premium
2024-05-18,9491.814,9356.144,29012.676,55.350643,162091.55,Saturday,May,2024,Beras Medium
2024-05-18,12944.608,17583.664,-30.15809,-0.25923505,-49.60986,Saturday,May,2024,Kacang Hijau
2024-05-18,10007.722,11145.228,27775.584,55.179703,152005.67,Saturday,May,2024,Beras Premium
2024-05-18,4589.253,5084.788,77270.54,70.0671,568426.5,Saturday,May,2024,Jagung
2024-05-19,4585.3843,5081.841,77164.85,70.066216,568154.3,Sunday,May,2024,Jagung
2024-05-19,12940.575,17595.336,-29.670671,-0.26941237,-57.252537,Sunday,May,2024,Kacang Hijau
2024-05-19,10013.7295,11167.6875,27906.625,55.184345,152691.8,Sunday,May,2024,Beras Premium
2024-05-19,9507.797,9410.973,29162.691,55.35657,162451.33,Sunday,May,2024,Beras Medium
2024-05-20,10021.362,11189.205,27951.941,55.18457,152839.42,Monday,May,2024,Beras Premium
2024-05-20,12935.354,17633.912,-33.330673,-0.30004096,-89.835655,Monday,May,2024,Kacang Hijau
2024-05-20,9532.258,9465.555,29492.814,55.370186,163588.1,Monday,May,2024,Beras Medium
2024-05-20,4581.871,5078.373,77062.85,70.05653,568330.75,Monday,May,2024,Jagung
2024-05-21,4581.729,5078.0664,77067.58,70.04117,569007.2,Tuesday,May,2024,Jagung
2024-05-21,9544.627,9472.692,29701.896,55.378876,164451.77,Tuesday,May,2024,Beras Medium
2024-05-21,12931.615,17670.96,-35.06779,-0.3375539,-129.6048,Tuesday,May,2024,Kacang Hijau
2024-05-21,10024.603,11191.042,27916.309,55.18046,152525.52,Tuesday,May,2024,Beras Premium
2024-05-22,9532.367,9421.011,29584.074,55.37595,164113.67,Wednesday,May,2024,Beras Medium
2024-05-22,10020.901,11177.829,27793.297,55.179295,151937.8,Wednesday,May,2024,Beras Premium
2024-05-22,12932.653,17672.453,-31.4079,-0.3543412,-145.15718,Wednesday,May,2024,Kacang Hijau
2024-05-22,4583.3203,5079.738,77109.9,70.024414,569356.44,Wednesday,May,2024,Jagung
2024-05-23,4589.1665,5084.895,77316.53,70.02898,570116.75,Thursday,May,2024,Jagung
2024-05-23,9507.784,9357.507,29297.365,55.36564,163172.53,Thursday,May,2024,Beras Medium
2024-05-23,12938.63,17629.805,-25.673294,-0.32921687,-121.5811,Thursday,May,2024,Kacang Hijau
2024-05-23,10013.135,11159.102,27684.469,55.180305,151490.4,Thursday,May,2024,Beras Premium
2024-05-24,9492.019,9329.743,29082.438,55.355873,162464.61,Friday,May,2024,Beras Medium
2024-05-24,12944.004,17574.59,-19.969946,-0.28056237,-76.716515,Friday,May,2024,Kacang Hijau
2024-05-24,10006.928,11142.7295,27719.713,55.179775,151760.0,Friday,May,2024,Beras Premium
2024-05-24,4594.7227,5089.398,77475.04,70.051125,570298.94,Friday,May,2024,Jagung
2024-05-25,9494.643,9353.74,29058.936,55.35271,162378.58,Saturday,May,2024,Beras Medium
2024-05-25,10006.746,11142.643,27863.938,55.180523,152509.34,Saturday,May,2024,Beras Premium
2024-05-25,4594.5464,5089.3545,77445.79,70.06361,569743.8,Saturday,May,2024,Jagung
2024-05-25,12944.501,17547.451,-16.07204,-0.2508776,-47.22699,Saturday,May,2024,Kacang Hijau
2024-05-26,9509.9375,9408.782,29197.484,55.35803,162677.73,Sunday,May,2024,Beras Medium
2024-05-26,12940.35,17562.426,-16.803505,-0.26001355,-54.34698,Sunday,May,2024,Kacang Hijau
2024-05-26,4590.086,5085.9556,77325.414,70.06373,569368.75,Sunday,May,2024,Jagung
2024-05-26,10012.893,11166.042,27981.734,55.18558,153146.97,Sunday,May,2024,Beras Premium
2024-05-27,9534.083,9463.623,29521.115,55.37135,163777.6,Monday,May,2024,Beras Medium
2024-05-27,12935.05,17604.072,-21.434662,-0.29046816,-86.826485,Monday,May,2024,Kacang Hijau
2024-05-27,4586.061,5082.0947,77210.445,70.05479,569452.5,Monday,May,2024,Jagung
2024-05-27,10020.66,11189.518,27995.693,55.186115,153106.11,Monday,May,2024,Beras Premium
2024-05-28,12931.335,17644.412,-24.086668,-0.33059078,-127.685135,Tuesday,May,2024,Kacang Hijau
2024-05-28,9546.298,9471.542,29726.27,55.37987,164615.73,Tuesday,May,2024,Beras Medium
2024-05-28,4585.483,5081.448,77203.11,70.039955,570036.2,Tuesday,May,2024,Jagung
2024-05-28,10024.198,11191.539,27954.43,55.181572,152743.67,Tuesday,May,2024,Beras Premium
2024-05-29,4586.6797,5082.8013,77232.5,70.02375,570288.4,Wednesday,May,2024,Jagung
2024-05-29,12932.448,17649.307,-21.689648,-0.3493559,-144.08063,Wednesday,May,2024,Kacang Hijau
2024-05-29,9534.002,9420.542,29606.213,55.376854,164262.81,Wednesday,May,2024,Beras Medium
2024-05-29,10020.654,11178.481,27825.654,55.18025,152124.62,Wednesday,May,2024,Beras Premium
2024-05-30,10012.996,11159.82,27711.598,55.181114,151648.3,Thursday,May,2024,Beras Premium
2024-05-30,4592.163,5087.6533,77426.42,70.0288,570953.9,Thursday,May,2024,Jagung
2024-05-30,9509.325,9357.497,29316.99,55.36646,163305.05,Thursday,May,2024,Beras Medium
2024-05-30,12938.518,17609.824,-17.32464,-0.3255292,-120.995255,Thursday,May,2024,Kacang Hijau
2024-05-31,12943.951,17557.275,-12.832809,-0.27754483,-76.33821,Friday,May,2024,Kacang Hijau
2024-05-31,10006.899,11142.982,27749.61,55.180305,151935.66,Friday,May,2024,Beras Premium
2024-05-31,4597.3867,5091.8687,77573.04,70.051285,571047.4,Friday,May,2024,Jagung
2024-05-31,9493.494,9330.063,29100.367,55.35663,162584.92,Friday,May,2024,Beras Medium
2024-06-01,10006.756,11142.971,27888.363,55.180992,152653.58,Saturday,June,2024,Beras Premium
2024-06-01,4596.9214,5091.574,77534.57,70.063934,570421.5,Saturday,June,2024,Jagung
2024-06-01,12944.436,17532.293,-9.940666,-0.24701393,-46.40786,Saturday,June,2024,Kacang Hijau
2024-06-01,9496.055,9354.29,29075.473,55.35341,162488.66,Saturday,June,2024,Beras Medium
2024-06-02,4589.3203,5085.81,77128.84,70.06124,568203.7,Sunday,June,2024,Jagung
2024-06-02,9508.975,9409.498,29205.023,55.35859,162701.22,Sunday,June,2024,Beras Medium
2024-06-02,10010.076,11155.494,27884.719,55.18192,152518.5,Sunday,June,2024,Beras Premium
2024-06-02,12941.431,17553.115,-12.35566,-0.25818747,-57.57424,Sunday,June,2024,Kacang Hijau
2024-06-03,4582.165,5079.4053,76663.555,70.052315,565953.06,Monday,June,2024,Jagung
2024-06-03,12937.055,17599.912,-18.91763,-0.2956593,-99.10348,Monday,June,2024,Kacang Hijau
2024-06-03,10012.734,11163.057,27701.676,55.177483,151288.4,Monday,June,2024,Beras Premium
2024-06-03,9530.761,9467.1455,29501.273,55.37078,163568.16,Monday,June,2024,Beras Medium
2024-06-04,4576.7856,5074.7026,76346.9,70.02922,564553.0,Tuesday,June,2024,Jagung
2024-06-04,12934.007,17640.945,-23.166866,-0.34094208,-147.4593,Tuesday,June,2024,Kacang Hijau
2024-06-04,9535.69,9478.829,29580.846,55.373985,163616.38,Tuesday,June,2024,Beras Medium
2024-06-04,10012.188,11150.05,27487.414,55.166744,149734.84,Tuesday,June,2024,Beras Premium
2024-06-05,9509.805,9438.088,29233.47,55.361046,161910.86,Wednesday,June,2024,Beras Medium
2024-06-05,10004.096,11123.431,27185.047,55.16081,148059.67,Wednesday,June,2024,Beras Premium
2024-06-05,4573.159,5072.125,76224.26,70.002846,563920.8,Wednesday,June,2024,Jagung
2024-06-05,12936.399,17640.72,-22.379025,-0.3587874,-166.24261,Wednesday,June,2024,Kacang Hijau
2024-06-06,9990.924,11084.2295,26961.094,55.152332,147047.7,Thursday,June,2024,Beras Premium
2024-06-06,9467.004,9387.754,28663.219,55.337986,159247.73,Thursday,June,2024,Beras Medium
2024-06-06,12944.116,17595.271,-19.528858,-0.33021212,-142.56374,Thursday,June,2024,Kacang Hijau
2024-06-06,4571.986,5072.002,76394.22,69.992195,564569.75,Thursday,June,2024,Jagung
2024-06-07,12951.641,17536.084,-16.291302,-0.27478865,-95.55707,Friday,June,2024,Kacang Hijau
2024-06-07,9985.003,11058.716,27062.645,55.15313,147656.11,Friday,June,2024,Beras Premium
2024-06-07,9430.636,9363.832,28168.705,55.315865,156840.2,Friday,June,2024,Beras Medium
2024-06-07,4567.8325,5068.6177,76410.02,69.9965,563972.3,Friday,June,2024,Jagung
2024-06-08,9418.89,9383.585,27988.72,55.305244,155675.89,Saturday,June,2024,Beras Medium
2024-06-08,4558.649,5060.357,76079.195,70.00312,561688.1,Saturday,June,2024,Jagung
2024-06-08,12953.6875,17504.383,-12.319824,-0.24199428,-64.55433,Saturday,June,2024,Kacang Hijau
2024-06-08,9981.881,11049.661,27228.12,55.1572,148772.84,Saturday,June,2024,Beras Premium
2024-06-09,9430.094,9437.649,28129.06,55.30974,155722.78,Sunday,June,2024,Beras Medium
2024-06-09,4547.1733,5049.586,75511.56,70.003075,558435.1,Sunday,June,2024,Jagung
2024-06-09,12949.801,17514.557,-10.532022,-0.2523383,-73.53898,Sunday,June,2024,Kacang Hijau
2024-06-09,9983.767,11058.048,27336.412,55.159748,149415.11,Sunday,June,2024,Beras Premium
2024-06-10,9450.508,9492.296,28435.416,55.321415,156525.19,Monday,June,2024,Beras Medium
2024-06-10,4538.759,5040.6025,75008.945,69.996254,555640.25,Monday,June,2024,Jagung
2024-06-10,12943.763,17550.473,-11.669968,-0.2903894,-112.60492,Monday,June,2024,Kacang Hijau
2024-06-10,9986.928,11067.352,27285.86,55.156227,148959.44,Monday,June,2024,Beras Premium
2024-06-11,9455.788,9499.928,28546.773,55.325043,156727.86,Tuesday,June,2024,Beras Medium
2024-06-11,12939.323,17582.674,-11.290393,-0.33911964,-158.10939,Tuesday,June,2024,Kacang Hijau
2024-06-11,9987.776,11064.7295,27126.738,55.149544,147746.08,Tuesday,June,2024,Beras Premium
2024-06-11,4534.1953,5035.6753,74767.055,69.9753,554387.4,Tuesday,June,2024,Jagung
2024-06-12,9979.651,11039.213,26853.227,55.135845,146155.7,Wednesday,June,2024,Beras Premium
2024-06-12,12940.624,17576.826,-7.4659452,-0.35937917,-173.9758,Wednesday,June,2024,Kacang Hijau
2024-06-12,9430.564,9447.85,28236.273,55.313305,155294.05,Wednesday,June,2024,Beras Medium
2024-06-12,4532.196,5033.605,74715.97,69.94984,553950.3,Wednesday,June,2024,Jagung
2024-06-13,12947.573,17529.07,-3.2131355,-0.33160424,-148.01828,Thursday,June,2024,Kacang Hijau
2024-06-13,4534.0283,5035.4614,75019.195,69.94307,555245.4,Thursday,June,2024,Jagung
2024-06-13,9964.587,10998.934,26555.74,55.11168,144648.9,Thursday,June,2024,Beras Premium
2024-06-13,9388.282,9384.831,27693.678,55.291862,152891.97,Thursday,June,2024,Beras Medium
2024-06-14,9961.262,10985.296,26762.338,55.125263,146111.17,Friday,June,2024,Beras Premium
2024-06-14,4533.726,5034.8296,75151.35,69.9557,555408.75,Friday,June,2024,Jagung
2024-06-14,9351.667,9349.949,27201.87,55.27049,150631.16,Friday,June,2024,Beras Medium
2024-06-14,12954.519,17469.508,0.5581715,-0.27493575,-98.98116,Friday,June,2024,Kacang Hijau
2024-06-15,9961.726,10986.848,27034.225,55.137653,147846.03,Saturday,June,2024,Beras Premium
2024-06-15,9339.569,9359.449,27022.73,55.2603,149583.84,Saturday,June,2024,Beras Medium
2024-06-15,12956.003,17437.803,4.6280036,-0.23482703,-63.715374,Saturday,June,2024,Kacang Hijau
2024-06-15,4527.9116,5029.537,74928.555,69.968605,553905.2,Saturday,June,2024,Jagung
2024-06-16,12951.593,17448.324,6.8653784,-0.23976675,-69.51098,Sunday,June,2024,Kacang Hijau
2024-06-16,4519.591,5021.7046,74456.06,69.973885,551282.06,Sunday,June,2024,Jagung
2024-06-16,9350.789,9405.967,27161.285,55.26469,149723.31,Sunday,June,2024,Beras Medium
2024-06-16,9966.525,11003.63,27217.719,55.144775,148877.14,Sunday,June,2024,Beras Premium
2024-06-17,4514.257,5015.7334,74055.22,69.97155,549134.1,Monday,June,2024,Jagung
2024-06-17,9371.678,9453.33,27468.764,55.27641,150622.94,Monday,June,2024,Beras Medium
2024-06-17,12945.014,17486.021,6.6644263,-0.28036028,-109.14533,Monday,June,2024,Kacang Hijau
2024-06-17,9972.214,11020.784,27219.48,55.144688,148691.03,Monday,June,2024,Beras Premium
2024-06-18,9975.449,11026.021,27096.021,55.141262,147675.86,Tuesday,June,2024,Beras Premium
2024-06-18,12940.215,17520.818,7.0894394,-0.3313895,-155.11014,Tuesday,June,2024,Kacang Hijau
2024-06-18,9379.28,9457.349,27600.33,55.280865,151016.69,Tuesday,June,2024,Beras Medium
2024-06-18,4512.234,5013.434,73918.07,69.95259,548475.6,Tuesday,June,2024,Jagung
2024-06-19,12941.266,17519.104,10.083844,-0.353807,-171.66504,Wednesday,June,2024,Kacang Hijau
2024-06-19,9968.302,11005.142,26810.717,55.127316,146023.6,Wednesday,June,2024,Beras Premium
2024-06-19,4512.354,5013.462,73939.75,69.92785,548467.1,Wednesday,June,2024,Jagung
2024-06-19,9358.198,9405.345,27334.535,55.27109,149888.42,Wednesday,June,2024,Beras Medium
2024-06-20,9320.302,9346.083,26836.4,55.251686,147794.22,Thursday,June,2024,Beras Medium
2024-06-20,4516.4673,5017.397,74328.875,69.92324,550248.44,Thursday,June,2024,Jagung
2024-06-20,9953.111,10966.837,26461.059,55.098103,144196.48,Thursday,June,2024,Beras Premium
2024-06-20,12948.066,17476.025,12.915925,-0.32716537,-146.26411,Thursday,June,2024,Kacang Hijau
2024-06-21,9951.187,10957.172,26676.064,55.11394,145698.23,Friday,June,2024,Beras Premium
2024-06-21,12954.88,17420.879,15.199519,-0.27035618,-97.36577,Friday,June,2024,Kacang Hijau
2024-06-21,4518.335,5018.8,74538.04,69.93879,550940.6,Friday,June,2024,Jagung
2024-06-21,9286.183,9312.476,26367.47,55.231712,145717.08,Friday,June,2024,Beras Medium
2024-06-22,9275.544,9321.495,26205.125,55.222588,144803.23,Saturday,June,2024,Beras Medium
2024-06-22,9953.454,10963.342,26976.52,55.129578,147579.6,Saturday,June,2024,Beras Premium
2024-06-22,12956.233,17393.28,17.987055,-0.22962217,-62.014442,Saturday,June,2024,Kacang Hijau
2024-06-22,4514.307,5015.419,74384.875,69.95366,549972.75,Saturday,June,2024,Jagung
2024-06-23,4507.571,5009.2783,73970.164,69.96073,547778.1,Sunday,June,2024,Jagung
2024-06-23,9959.652,10983.805,27179.934,55.138763,148708.86,Sunday,June,2024,Beras Premium
2024-06-23,12951.7,17407.43,19.24546,-0.2332817,-67.35164,Sunday,June,2024,Kacang Hijau
2024-06-23,9287.361,9364.162,26356.266,55.227886,145034.33,Sunday,June,2024,Beras Medium
2024-06-24,12944.999,17448.736,18.391638,-0.2741839,-107.173386,Monday,June,2024,Kacang Hijau
2024-06-24,4503.697,5004.8696,73623.54,69.95998,546019.2,Monday,June,2024,Jagung
2024-06-24,9309.733,9410.331,26683.344,55.240726,146062.27,Monday,June,2024,Beras Medium
2024-06-24,9966.5,11004.207,27195.408,55.1402,148591.53,Monday,June,2024,Beras Premium
2024-06-25,9320.541,9416.798,26850.496,55.24683,146666.31,Tuesday,June,2024,Beras Medium
2024-06-25,4502.8647,5003.845,73533.95,69.94172,545677.1,Tuesday,June,2024,Jagung
2024-06-25,9970.771,11012.484,27082.078,55.138054,147631.33,Tuesday,June,2024,Beras Premium
2024-06-25,12940.164,17487.133,17.984821,-0.3259687,-153.41353,Tuesday,June,2024,Kacang Hijau
2024-06-26,9304.276,9370.809,26641.348,55.23937,145859.0,Wednesday,June,2024,Beras Medium
2024-06-26,4503.9824,5004.8994,73590.94,69.917366,545913.2,Wednesday,June,2024,Jagung
2024-06-26,12941.206,17489.227,19.90849,-0.34933645,-170.39006,Wednesday,June,2024,Kacang Hijau
2024-06-26,9964.195,10993.575,26793.98,55.124313,145963.8,Wednesday,June,2024,Beras Premium
2024-06-27,12948.023,17449.812,21.528273,-0.32339326,-145.33594,Thursday,June,2024,Kacang Hijau
2024-06-27,9270.627,9317.109,26193.273,55.222183,144058.69,Thursday,June,2024,Beras Medium
2024-06-27,9949.174,10956.287,26429.277,55.093792,144043.08,Thursday,June,2024,Beras Premium
2024-06-27,4509.0996,5009.783,74019.43,69.91376,547946.1,Thursday,June,2024,Jagung
2024-06-28,9239.152,9286.152,25758.064,55.203907,142187.84,Friday,June,2024,Beras Medium
2024-06-28,4511.8936,5012.0776,74264.06,69.930595,548895.3,Friday,June,2024,Jagung
2024-06-28,9947.799,10948.067,26646.695,55.110386,145554.98,Friday,June,2024,Beras Premium
2024-06-28,12954.836,17397.861,22.69022,-0.26680952,-96.57159,Friday,June,2024,Kacang Hijau
2024-06-29,9229.876,9295.682,25612.125,55.1958,141387.19,Saturday,June,2024,Beras Medium
2024-06-29,4508.6206,5009.5156,74142.99,69.94638,548180.9,Saturday,June,2024,Jagung
2024-06-29,9950.696,10955.795,26955.64,55.12704,147479.56,Saturday,June,2024,Beras Premium
2024-06-29,12956.17,17373.068,24.55293,-0.226118,-61.269825,Saturday,June,2024,Kacang Hijau
2024-06-30,9242.547,9336.387,25778.07,55.20203,141708.61,Sunday,June,2024,Beras Medium
2024-06-30,9957.387,10977.514,27165.309,55.136898,148640.5,Sunday,June,2024,Beras Premium
2024-06-30,4502.546,5004.0854,73754.805,69.95431,546189.2,Sunday,June,2024,Jagung
2024-06-30,12951.616,17389.658,25.11046,-0.22983862,-66.62941,Sunday,June,2024,Kacang Hijau
2024-07-01,12944.896,17433.186,23.717642,-0.2710193,-106.545494,Monday,July,2024,Kacang Hijau
2024-07-01,9266.211,9381.89,26123.777,55.215874,142852.03,Monday,July,2024,Beras Medium
2024-07-01,9964.638,10999.004,27185.229,55.13883,148546.14,Monday,July,2024,Beras Premium
2024-07-01,4499.2764,5000.326,73432.64,69.95429,544611.44,Monday,July,2024,Jagung
2024-07-02,9968.696,11005.546,26995.902,55.13627,147134.08,Tuesday,July,2024,Beras Premium
2024-07-02,9281.03,9400.435,26302.412,55.22208,143509.0,Tuesday,July,2024,Beras Medium
2024-07-02,12941.51,17466.969,20.930218,-0.31713557,-152.20265,Tuesday,July,2024,Kacang Hijau
2024-07-02,4492.724,4994.8384,73181.7,69.93825,543262.56,Tuesday,July,2024,Jagung
2024-07-03,9268.238,9367.502,26118.043,55.215385,142708.47,Wednesday,July,2024,Beras Medium
2024-07-03,9961.083,10981.462,26594.436,55.123306,144776.06,Wednesday,July,2024,Beras Premium
2024-07-03,12943.713,17461.412,20.392448,-0.33717984,-170.9161,Wednesday,July,2024,Kacang Hijau
2024-07-03,4483.924,4987.4453,72941.15,69.91203,541496.7,Wednesday,July,2024,Jagung
2024-07-04,9944.774,10938.097,26091.45,55.098392,142060.31,Thursday,July,2024,Beras Premium
2024-07-04,4480.121,4983.2827,73129.45,69.91458,541856.3,Thursday,July,2024,Jagung
2024-07-04,9234.397,9318.955,25660.545,55.198147,140741.25,Thursday,July,2024,Beras Medium
2024-07-04,12951.343,17411.293,19.839384,-0.30761254,-148.45192,Thursday,July,2024,Kacang Hijau
2024-07-05,12958.865,17348.701,19.744602,-0.24741226,-102.602875,Friday,July,2024,Kacang Hijau
2024-07-05,4474.831,4976.87,73168.62,69.9417,541436.94,Friday,July,2024,Jagung
2024-07-05,9200.859,9291.677,25185.615,55.179245,138563.67,Friday,July,2024,Beras Medium
2024-07-05,9942.85,10925.324,26259.756,55.114803,143276.17,Friday,July,2024,Beras Premium
2024-07-06,9187.704,9302.2,24962.764,55.169807,137293.55,Saturday,July,2024,Beras Medium
2024-07-06,12961.185,17314.469,21.714933,-0.20345195,-68.60663,Saturday,July,2024,Kacang Hijau
2024-07-06,9943.737,10924.742,26499.26,55.128323,144875.36,Saturday,July,2024,Beras Premium
2024-07-06,4462.1094,4964.098,72663.31,69.97359,538371.4,Saturday,July,2024,Jagung
2024-07-07,4446.3125,4949.4253,71850.44,69.99903,534176.4,Sunday,July,2024,Jagung
2024-07-07,9948.327,10938.394,26702.928,55.13535,146105.4,Sunday,July,2024,Beras Premium
2024-07-07,9199.281,9354.281,25063.03,55.17323,137264.88,Sunday,July,2024,Beras Medium
2024-07-07,12957.786,17322.908,23.693527,-0.20599093,-73.251976,Sunday,July,2024,Kacang Hijau
2024-07-08,9953.099,10951.983,26717.865,55.135777,146088.19,Monday,July,2024,Beras Premium
2024-07-08,4434.053,4937.74,71160.85,70.0085,530603.3,Monday,July,2024,Jagung
2024-07-08,9221.479,9412.142,25340.17,55.182983,138079.11,Monday,July,2024,Beras Medium
2024-07-08,12951.768,17358.879,24.699514,-0.25018427,-112.036026,Monday,July,2024,Kacang Hijau
2024-07-09,4423.654,4927.751,70702.01,69.985176,527805.3,Tuesday,July,2024,Jagung
2024-07-09,9233.138,9423.291,25482.84,55.187386,138555.19,Tuesday,July,2024,Beras Medium
2024-07-09,9955.044,10953.732,26565.504,55.13238,144953.73,Tuesday,July,2024,Beras Premium
2024-07-09,12947.386,17389.467,25.74904,-0.3078323,-157.13852,Tuesday,July,2024,Kacang Hijau
2024-07-10,4413.604,4916.819,70333.69,69.94594,524482.2,Wednesday,July,2024,Jagung
2024-07-10,9216.942,9376.406,25291.342,55.181786,137622.16,Wednesday,July,2024,Beras Medium
2024-07-10,9946.429,10928.146,26201.832,55.117283,142799.67,Wednesday,July,2024,Beras Premium
2024-07-10,12948.132,17381.346,28.35773,-0.3346003,-174.48026,Wednesday,July,2024,Kacang Hijau
2024-07-11,4410.4297,4910.9736,70517.94,69.940186,524328.0,Thursday,July,2024,Jagung
2024-07-11,12954.421,17331.123,29.945473,-0.3079378,-151.34325,Thursday,July,2024,Kacang Hijau
2024-07-11,9180.07,9312.704,24849.502,55.165913,135699.47,Thursday,July,2024,Beras Medium
2024-07-11,9927.507,10881.932,25592.297,55.0847,139431.72,Thursday,July,2024,Beras Premium
2024-07-12,12960.884,17268.643,31.8678,-0.24694383,-104.32571,Friday,July,2024,Kacang Hijau
2024-07-12,9144.222,9274.78,24384.525,55.147854,133590.12,Friday,July,2024,Beras Medium
2024-07-12,4407.9697,4905.5967,70646.32,69.96816,524357.9,Friday,July,2024,Jagung
2024-07-12,9925.868,10870.444,25798.705,55.09798,140801.05,Friday,July,2024,Beras Premium
2024-07-13,12962.764,17234.924,35.125675,-0.19994947,-68.73247,Saturday,July,2024,Kacang Hijau
2024-07-13,9129.021,9277.162,24158.904,55.138554,132357.84,Saturday,July,2024,Beras Medium
2024-07-13,4398.4067,4895.1113,70245.625,70.00202,521923.78,Saturday,July,2024,Jagung
2024-07-13,9928.587,10874.905,26124.908,55.114616,142871.36,Saturday,July,2024,Beras Premium
2024-07-14,4386.5234,4884.194,69557.375,70.02681,518444.94,Sunday,July,2024,Jagung
2024-07-14,9934.65,10892.918,26409.744,55.12404,144558.17,Sunday,July,2024,Beras Premium
2024-07-14,12959.177,17243.902,38.073193,-0.19920458,-71.59981,Sunday,July,2024,Kacang Hijau
2024-07-14,9139.801,9321.141,24256.848,55.14152,132409.84,Sunday,July,2024,Beras Medium
2024-07-15,9940.944,10911.446,26491.785,55.126556,144921.1,Monday,July,2024,Beras Premium
2024-07-15,12952.934,17280.795,40.028675,-0.24149792,-108.58763,Monday,July,2024,Kacang Hijau
2024-07-15,4379.071,4878.528,69053.04,70.02901,516084.34,Monday,July,2024,Jagung
2024-07-15,9161.297,9371.681,24538.74,55.151367,133302.83,Monday,July,2024,Beras Medium
2024-07-16,9944.428,10918.388,26393.836,55.125023,144092.6,Tuesday,July,2024,Beras Premium
2024-07-16,4373.776,4874.3164,68778.21,69.99897,514376.56,Tuesday,July,2024,Jagung
2024-07-16,9173.743,9379.242,24701.16,55.15652,133912.53,Tuesday,July,2024,Beras Medium
2024-07-16,12948.216,17313.635,41.645332,-0.298717,-152.52676,Tuesday,July,2024,Kacang Hijau
2024-07-17,4368.1836,4867.533,68530.77,69.95603,511815.2,Wednesday,July,2024,Jagung
2024-07-17,9935.627,10894.474,26011.518,55.10542,141796.92,Wednesday,July,2024,Beras Premium
2024-07-17,9160.013,9333.758,24560.05,55.151997,133291.45,Wednesday,July,2024,Beras Medium
2024-07-17,12948.951,17310.771,42.183884,-0.3234107,-170.1945,Wednesday,July,2024,Kacang Hijau
2024-07-18,4368.916,4865.2812,68841.945,69.9482,512504.1,Thursday,July,2024,Jagung
2024-07-18,9916.569,10849.959,25358.162,55.070446,138160.0,Thursday,July,2024,Beras Premium
2024-07-18,12955.05,17266.014,42.05304,-0.29541022,-147.56467,Thursday,July,2024,Kacang Hijau
2024-07-18,9126.353,9275.759,24164.352,55.137314,131657.28,Thursday,July,2024,Beras Medium
2024-07-19,4370.2153,4863.763,69127.93,69.9755,513607.72,Friday,July,2024,Jagung
2024-07-19,12961.056,17209.264,38.499657,-0.23002747,-105.79208,Friday,July,2024,Kacang Hijau
2024-07-19,9092.694,9240.766,23736.549,55.120476,129783.22,Friday,July,2024,Beras Medium
2024-07-19,9915.271,10840.198,25557.816,55.081394,139457.31,Friday,July,2024,Beras Premium
2024-07-20,9919.884,10849.357,25934.764,55.102333,141808.78,Saturday,July,2024,Beras Premium
2024-07-20,12962.719,17177.166,46.87008,-0.18612023,-64.44464,Saturday,July,2024,Kacang Hijau
2024-07-20,9078.243,9243.79,23531.13,55.11188,128693.29,Saturday,July,2024,Beras Medium
2024-07-20,4364.048,4856.9355,68871.19,70.00915,512163.5,Saturday,July,2024,Jagung
2024-07-21,12959.066,17189.635,49.48301,-0.18460411,-67.00068,Sunday,July,2024,Kacang Hijau
2024-07-21,9089.857,9283.84,23653.875,55.115902,128900.74,Sunday,July,2024,Beras Medium
2024-07-21,9927.317,10870.918,26258.97,55.114735,143718.77,Sunday,July,2024,Beras Premium
2024-07-21,4355.339,4849.407,68302.42,70.0341,509520.28,Sunday,July,2024,Jagung
2024-07-22,9112.716,9331.409,23949.766,55.126892,129888.63,Monday,July,2024,Beras Medium
2024-07-22,9934.767,10892.688,26371.094,55.119488,144254.95,Monday,July,2024,Beras Premium
2024-07-22,4350.9663,4847.225,67912.42,70.03563,508001.5,Monday,July,2024,Jagung
2024-07-22,12952.798,17229.977,51.222137,-0.22688107,-103.68182,Monday,July,2024,Kacang Hijau
2024-07-23,4348.631,4846.271,67746.96,70.00444,507023.62,Tuesday,July,2024,Jagung
2024-07-23,12948.056,17266.738,52.487015,-0.2848655,-147.6056,Tuesday,July,2024,Kacang Hijau
2024-07-23,9939.2705,10902.63,26298.666,55.11968,143573.66,Tuesday,July,2024,Beras Premium
2024-07-23,9127.86,9341.336,24146.744,55.133408,130699.016,Tuesday,July,2024,Beras Medium
2024-07-24,4345.879,4842.4946,67592.445,69.96037,505104.9,Wednesday,July,2024,Jagung
2024-07-24,9117.675,9300.829,24048.69,55.130238,130340.62,Wednesday,July,2024,Beras Medium
2024-07-24,12948.887,17268.916,51.563084,-0.31006333,-165.98088,Wednesday,July,2024,Kacang Hijau
2024-07-24,9930.561,10879.936,25902.973,55.09874,141194.84,Wednesday,July,2024,Beras Premium
2024-07-25,4349.0103,4842.888,67998.38,69.9513,506454.9,Thursday,July,2024,Jagung
2024-07-25,9087.666,9249.226,23694.453,55.11703,128956.086,Thursday,July,2024,Beras Medium
2024-07-25,9911.683,10836.507,25239.516,55.063084,137495.05,Thursday,July,2024,Beras Premium
2024-07-25,12954.988,17230.527,45.890663,-0.27961975,-148.2826,Thursday,July,2024,Kacang Hijau
2024-07-26,9056.924,9217.949,23297.898,55.103256,127261.75,Friday,July,2024,Beras Medium
2024-07-26,4352.184,4843.4824,68368.195,69.97763,508158.6,Friday,July,2024,Jagung
2024-07-26,9910.661,10827.678,25439.586,55.073452,138784.72,Friday,July,2024,Beras Premium
2024-07-26,12960.872,17178.242,39.803722,-0.21382025,-108.73873,Friday,July,2024,Kacang Hijau
2024-07-27,4347.678,4838.4795,68184.15,70.01102,507227.38,Saturday,July,2024,Jagung
2024-07-27,9045.165,9222.296,23110.666,55.100014,126260.46,Saturday,July,2024,Beras Medium
2024-07-27,9916.16,10838.917,25840.639,55.0965,141272.66,Saturday,July,2024,Beras Premium
2024-07-27,12962.49,17148.936,48.974937,-0.17157774,-66.16284,Saturday,July,2024,Kacang Hijau
2024-07-28,9924.232,10862.053,26183.047,55.110355,143287.1,Sunday,July,2024,Beras Premium
2024-07-28,12958.845,17162.64,55.654686,-0.17405508,-64.22527,Sunday,July,2024,Kacang Hijau
2024-07-28,9058.906,9261.411,23249.594,55.108852,126539.875,Sunday,July,2024,Beras Medium
2024-07-28,4340.499,4832.609,67675.98,70.036064,505019.97,Sunday,July,2024,Jagung
2024-07-29,12952.608,17205.713,56.979404,-0.21707727,-101.01211,Monday,July,2024,Kacang Hijau
2024-07-29,9083.718,9308.204,23566.29,55.122383,127635.84,Monday,July,2024,Beras Medium
2024-07-29,9932.195,10885.211,26309.385,55.116196,143906.19,Monday,July,2024,Beras Premium
2024-07-29,4337.599,4832.052,67343.56,70.037605,503911.56,Monday,July,2024,Jagung
2024-07-30,4336.641,4832.637,67233.445,70.00628,503328.44,Tuesday,July,2024,Jagung
2024-07-30,12947.919,17245.156,57.765125,-0.2759308,-145.11145,Tuesday,July,2024,Kacang Hijau
2024-07-30,9100.024,9319.647,23793.854,55.12581,128644.234,Tuesday,July,2024,Beras Medium
2024-07-30,9937.148,10896.415,26249.387,55.117214,143297.4,Tuesday,July,2024,Beras Premium
2024-07-31,12948.808,17250.18,56.12726,-0.30209824,-163.89653,Wednesday,July,2024,Kacang Hijau
2024-07-31,9091.12,9281.432,23731.736,55.118015,128528.49,Wednesday,July,2024,Beras Medium
2024-07-31,4335.2144,4830.3164,67127.6,69.96176,501756.72,Wednesday,July,2024,Jagung
2024-07-31,9928.496,10874.231,25849.914,55.095825,140895.98,Wednesday,July,2024,Beras Premium
2024-08-01,9064.059,9233.837,23399.23,55.10835,127260.2,Thursday,August,2024,Beras Medium
2024-08-01,4339.4595,4831.9893,67581.6,69.95222,503451.1,Thursday,August,2024,Jagung
2024-08-01,12954.933,17215.266,47.52864,-0.2709286,-148.86235,Thursday,August,2024,Kacang Hijau
2024-08-01,9909.732,10831.291,25185.611,55.05995,137189.84,Thursday,August,2024,Beras Premium
2024-08-02,12961.419,17153.12,39.208794,-0.20102927,-109.307304,Friday,August,2024,Kacang Hijau
2024-08-02,9042.899,9215.354,23114.203,55.099403,126077.734,Friday,August,2024,Beras Medium
2024-08-02,9913.56,10832.214,25524.172,55.086555,139372.94,Friday,August,2024,Beras Premium
2024-08-02,4338.0283,4827.819,68046.5,69.99224,505516.66,Friday,August,2024,Jagung
2024-08-03,9919.062,10842.49,25856.684,55.109943,141563.44,Saturday,August,2024,Beras Premium
2024-08-03,12963.418,17111.23,48.725758,-0.15292785,-64.175385,Saturday,August,2024,Kacang Hijau
2024-08-03,4328.0596,4816.3896,67750.79,70.048,503830.84,Saturday,August,2024,Jagung
2024-08-03,9037.965,9232.832,22993.688,55.09542,125403.5,Saturday,August,2024,Beras Medium
2024-08-04,12960.152,17109.46,57.383205,-0.14524542,-56.170868,Sunday,August,2024,Kacang Hijau
2024-08-04,4316.715,4802.5054,67161.02,70.09764,499706.56,Sunday,August,2024,Jagung
2024-08-04,9926.996,10863.693,26114.395,55.126633,143279.05,Sunday,August,2024,Beras Premium
2024-08-04,9059.4,9307.325,23203.355,55.111244,126047.055,Sunday,August,2024,Beras Medium
2024-08-05,9088.359,9395.261,23561.959,55.126553,127365.57,Monday,August,2024,Beras Medium
2024-08-05,4307.708,4791.9785,66642.38,70.11545,496009.84,Monday,August,2024,Jagung
2024-08-05,12954.559,17133.625,58.77636,-0.17489447,-85.5085,Monday,August,2024,Kacang Hijau
2024-08-05,9935.437,10888.711,26242.615,55.136635,144077.06,Monday,August,2024,Beras Premium
2024-08-06,9940.525,10900.824,26210.918,55.13856,143715.27,Tuesday,August,2024,Beras Premium
2024-08-06,12950.648,17149.8,57.594093,-0.21469547,-122.1177,Tuesday,August,2024,Kacang Hijau
2024-08-06,4298.856,4781.8774,66369.78,70.09614,493428.6,Tuesday,August,2024,Jagung
2024-08-06,9107.148,9435.256,23801.29,55.131023,128249.49,Tuesday,August,2024,Beras Medium
2024-08-07,9939.474,10892.65,26054.795,55.13885,142623.67,Wednesday,August,2024,Beras Premium
2024-08-07,12950.892,17122.535,57.30796,-0.22369114,-136.0315,Wednesday,August,2024,Kacang Hijau
2024-08-07,9101.832,9402.853,23737.49,55.124046,127814.48,Wednesday,August,2024,Beras Medium
2024-08-07,4289.839,4770.449,66313.64,70.0665,491918.4,Wednesday,August,2024,Jagung
2024-08-08,12955.3125,17061.705,35.039825,-0.16769832,-139.64922,Thursday,August,2024,Kacang Hijau
2024-08-08,4278.791,4756.3647,66986.54,70.06488,495014.9,Thursday,August,2024,Jagung
2024-08-08,9079.071,9343.839,23407.299,55.11253,126316.984,Thursday,August,2024,Beras Medium
2024-08-08,9932.5625,10870.763,25766.887,55.146156,141077.62,Thursday,August,2024,Beras Premium
2024-08-09,9927.911,10854.124,25800.854,55.151207,141520.67,Friday,August,2024,Beras Premium
2024-08-09,9058.142,9314.732,23100.682,55.101757,124950.44,Friday,August,2024,Beras Medium
2024-08-09,4258.725,4734.2827,67495.805,70.10217,498587.06,Friday,August,2024,Jagung
2024-08-09,12960.456,16986.61,28.163141,-0.08740117,-103.52737,Friday,August,2024,Kacang Hijau
2024-08-10,4238.8604,4712.556,67150.195,70.14651,496237.5,Saturday,August,2024,Jagung
2024-08-10,12962.81,16935.764,42.27699,-0.03302237,-55.0892,Saturday,August,2024,Kacang Hijau
2024-08-10,9054.627,9345.681,23038.1,55.10052,124548.89,Saturday,August,2024,Beras Medium
2024-08-10,9927.825,10851.498,25991.248,55.15614,142892.92,Saturday,August,2024,Beras Premium
2024-08-11,12961.284,16924.242,67.48985,-0.029266538,-28.66864,Sunday,August,2024,Kacang Hijau
2024-08-11,4225.7744,4697.656,66436.6,70.18345,490633.66,Sunday,August,2024,Jagung
2024-08-11,9931.524,10862.124,26159.291,55.159416,144057.36,Sunday,August,2024,Beras Premium
2024-08-11,9071.259,9423.381,23255.37,55.11241,125272.08,Sunday,August,2024,Beras Medium
2024-08-12,4221.3633,4692.214,65853.266,70.1858,485551.88,Monday,August,2024,Jagung
2024-08-12,12957.358,16945.12,73.87845,-0.0564041,-50.7323,Monday,August,2024,Kacang Hijau
2024-08-12,9936.768,10879.284,26241.775,55.16008,144550.05,Monday,August,2024,Beras Premium
2024-08-12,9093.863,9497.019,23577.941,55.124146,126492.33,Monday,August,2024,Beras Medium
2024-08-13,4216.1113,4687.356,65594.484,70.15551,483103.1,Tuesday,August,2024,Jagung
2024-08-13,9106.983,9507.932,23769.006,55.128353,127149.73,Tuesday,August,2024,Beras Medium
2024-08-13,12954.105,16957.344,75.44163,-0.09281092,-84.607185,Tuesday,August,2024,Kacang Hijau
2024-08-13,9939.654,10886.677,26196.115,55.155296,144055.67,Tuesday,August,2024,Beras Premium
2024-08-14,9097.447,9444.173,23636.047,55.123863,126430.53,Wednesday,August,2024,Beras Medium
2024-08-14,12953.965,16935.227,60.26586,-0.08847315,-116.178505,Wednesday,August,2024,Kacang Hijau
2024-08-14,9936.977,10875.75,25995.055,55.150803,142626.89,Wednesday,August,2024,Beras Premium
2024-08-14,4202.6836,4675.4097,65583.914,70.11881,483665.0,Wednesday,August,2024,Jagung
2024-08-15,4184.718,4658.75,66290.086,70.11225,489294.0,Thursday,August,2024,Jagung
2024-08-15,12957.538,16878.822,40.628628,-0.031646527,-118.790504,Thursday,August,2024,Kacang Hijau
2024-08-15,9928.581,10851.382,25659.3,55.154026,140739.34,Thursday,August,2024,Beras Premium
2024-08-15,9071.159,9360.207,23258.836,55.109573,124784.32,Thursday,August,2024,Beras Medium
2024-08-16,4166.156,4640.4624,66898.96,70.13873,494100.34,Friday,August,2024,Jagung
2024-08-16,9923.115,10833.709,25664.098,55.15695,140969.47,Friday,August,2024,Beras Premium
2024-08-16,12962.063,16808.773,39.044346,0.047751773,-78.27754,Friday,August,2024,Kacang Hijau
2024-08-16,9048.184,9316.439,22928.777,55.095875,123358.87,Friday,August,2024,Beras Medium
2024-08-17,9923.021,10831.525,25879.201,55.1595,142440.22,Saturday,August,2024,Beras Premium
2024-08-17,9044.034,9338.387,22863.527,55.09407,123031.47,Saturday,August,2024,Beras Medium
2024-08-17,4148.0063,4621.935,66534.48,70.17605,492010.4,Saturday,August,2024,Jagung
2024-08-17,12964.589,16761.506,57.31198,0.10241036,-24.706436,Saturday,August,2024,Kacang Hijau
2024-08-18,12963.678,16753.137,84.61162,0.10583697,4.954814,Sunday,August,2024,Kacang Hijau
2024-08-18,9058.86,9408.387,23084.035,55.104115,123849.41,Sunday,August,2024,Beras Medium
2024-08-18,4140.2456,4611.0728,65867.13,70.210304,486246.72,Sunday,August,2024,Jagung
2024-08-18,9926.872,10843.07,26060.404,55.161167,143641.12,Sunday,August,2024,Beras Premium
2024-08-19,12960.169,16772.006,102.350746,0.07036464,-5.6809635,Monday,August,2024,Kacang Hijau
2024-08-19,9932.233,10861.133,26153.795,55.16089,144172.5,Monday,August,2024,Beras Premium
2024-08-19,4139.832,4609.5913,65313.977,70.206314,481653.1,Monday,August,2024,Jagung
2024-08-19,9080.742,9475.715,23401.969,55.11709,125089.26,Monday,August,2024,Beras Medium
2024-08-20,9935.368,10869.939,26121.115,55.15556,143733.36,Tuesday,August,2024,Beras Premium
2024-08-20,9093.621,9481.582,23594.03,55.121983,125825.086,Tuesday,August,2024,Beras Medium
2024-08-20,4138.8164,4610.9346,65037.402,70.16992,479688.9,Tuesday,August,2024,Jagung
2024-08-20,12956.978,16789.45,101.057625,0.03405037,-43.22353,Tuesday,August,2024,Kacang Hijau
2024-08-21,12956.522,16778.201,80.50193,0.037208423,-82.1,Wednesday,August,2024,Kacang Hijau
2024-08-21,9084.692,9417.853,23461.049,55.116814,125203.71,Wednesday,August,2024,Beras Medium
2024-08-21,9932.925,10860.709,25911.516,55.151154,142238.1,Wednesday,August,2024,Beras Premium
2024-08-21,4129.6987,4605.291,65056.484,70.12814,480707.75,Wednesday,August,2024,Jagung
2024-08-22,12959.455,16730.393,61.87169,0.08134239,-90.426056,Thursday,August,2024,Kacang Hijau
2024-08-22,4118.6094,4593.8506,65855.78,70.12376,486637.47,Thursday,August,2024,Jagung
2024-08-22,9924.588,10837.446,25567.36,55.153828,140284.89,Thursday,August,2024,Beras Premium
2024-08-22,9058.375,9335.332,23075.207,55.10083,123571.63,Thursday,August,2024,Beras Medium
2024-08-23,9034.419,9296.478,22723.096,55.08387,122064.484,Friday,August,2024,Beras Medium
2024-08-23,12963.43,16669.398,61.147816,0.15409611,-50.540592,Friday,August,2024,Kacang Hijau
2024-08-23,4109.388,4580.171,66607.49,70.16227,491173.75,Friday,August,2024,Jagung
2024-08-23,9919.419,10821.202,25574.371,55.157017,140517.5,Friday,August,2024,Beras Premium
2024-08-24,9031.381,9318.998,22666.344,55.082775,121833.3,Saturday,August,2024,Beras Medium
2024-08-24,4098.6216,4567.973,66379.58,70.20233,489002.34,Saturday,August,2024,Jagung
2024-08-24,9919.752,10820.471,25810.709,55.159233,142097.3,Saturday,August,2024,Beras Premium
2024-08-24,12965.894,16630.393,80.22741,0.20592394,5.706786,Saturday,August,2024,Kacang Hijau
2024-08-25,4093.123,4560.8667,65760.7,70.22688,483978.75,Sunday,August,2024,Jagung
2024-08-25,9049.265,9385.833,22937.277,55.099,122943.6,Sunday,August,2024,Beras Medium
2024-08-25,9924.037,10833.471,26005.768,55.16081,143365.8,Sunday,August,2024,Beras Premium
2024-08-25,12965.261,16629.918,108.085686,0.20580871,37.64442,Sunday,August,2024,Kacang Hijau
2024-08-26,4096.175,4563.183,65218.773,70.22281,479504.56,Monday,August,2024,Jagung
2024-08-26,9929.766,10852.792,26108.7,55.16053,143945.17,Monday,August,2024,Beras Premium
2024-08-26,12962.049,16656.35,126.34573,0.16592596,28.768253,Monday,August,2024,Kacang Hijau
2024-08-26,9072.165,9453.633,23277.436,55.1135,124323.26,Monday,August,2024,Beras Medium
2024-08-27,9933.239,10862.787,26084.32,55.15524,143549.16,Tuesday,August,2024,Beras Premium
2024-08-27,9085.701,9461.596,23486.582,55.117786,125179.23,Tuesday,August,2024,Beras Medium
2024-08-27,4098.1245,4568.5903,64935.234,70.18385,477935.53,Tuesday,August,2024,Jagung
2024-08-27,12958.902,16682.125,124.42072,0.123771824,-9.4607315,Tuesday,August,2024,Kacang Hijau
2024-08-28,9931.058,10854.636,25873.686,55.151062,142045.48,Wednesday,August,2024,Beras Premium
2024-08-28,4091.7861,4566.0405,64947.234,70.14039,479314.78,Wednesday,August,2024,Jagung
2024-08-28,9077.769,9402.013,23364.316,55.112484,124638.44,Wednesday,August,2024,Beras Medium
2024-08-28,12958.2295,16679.932,102.882935,0.11774354,-51.822765,Wednesday,August,2024,Kacang Hijau
2024-08-29,9922.882,10832.114,25529.143,55.15364,140086.19,Thursday,August,2024,Beras Premium
2024-08-29,9050.106,9323.992,22955.455,55.093594,122865.7,Thursday,August,2024,Beras Medium
2024-08-29,4088.4414,4557.974,65787.14,70.15046,484486.16,Thursday,August,2024,Jagung
2024-08-29,12960.822,16643.104,82.85128,0.15113771,-64.170425,Thursday,August,2024,Kacang Hijau
2024-08-30,4084.128,4548.052,66625.8,70.19145,489050.7,Friday,August,2024,Jagung
2024-08-30,9027.515,9288.367,22619.55,55.07775,121473.54,Friday,August,2024,Beras Medium
2024-08-30,12964.207,16589.9,81.81984,0.21470831,-30.14796,Friday,August,2024,Kacang Hijau
2024-08-30,9917.93,10816.646,25539.598,55.15699,140336.16,Friday,August,2024,Beras Premium
2024-08-31,12966.753,16558.85,99.66492,0.2617889,26.105331,Saturday,August,2024,Kacang Hijau
2024-08-31,4076.0098,4538.0156,66413.02,70.22989,487064.25,Saturday,August,2024,Jagung
2024-08-31,9025.356,9312.147,22566.35,55.07741,121284.72,Saturday,August,2024,Beras Medium
2024-08-31,9918.497,10816.619,25784.988,55.15915,141963.94,Saturday,August,2024,Beras Premium
2024-09-01,12966.298,16565.81,126.47244,0.25689754,57.936714,Sunday,September,2024,Kacang Hijau
2024-09-01,4070.432,4533.316,65768.68,70.24716,482404.75,Sunday,September,2024,Jagung
2024-09-01,9922.982,10830.251,25986.006,55.160736,143263.27,Sunday,September,2024,Beras Premium
2024-09-01,9043.682,9378.945,22841.705,55.095222,122398.2,Sunday,September,2024,Beras Medium
2024-09-02,12963.855,16586.314,140.17433,0.22733387,52.418682,Monday,September,2024,Kacang Hijau
2024-09-02,9064.652,9471.555,23083.762,55.112686,123257.75,Monday,September,2024,Beras Medium
2024-09-02,4068.1443,4530.824,65476.223,70.24103,479292.25,Monday,September,2024,Jagung
2024-09-02,9930.641,10853.834,26131.203,55.164215,144193.3,Monday,September,2024,Beras Premium
2024-09-03,9073.57,9511.433,23161.555,55.118523,123308.45,Tuesday,September,2024,Beras Medium
2024-09-03,9936.738,10869.781,26200.844,55.16558,144504.83,Tuesday,September,2024,Beras Premium
2024-09-03,12961.342,16596.443,136.00035,0.19865431,21.868193,Tuesday,September,2024,Kacang Hijau
2024-09-03,4067.894,4527.833,65535.562,70.21954,478030.62,Tuesday,September,2024,Jagung
2024-09-04,9059.997,9485.665,22903.986,55.110016,121793.53,Wednesday,September,2024,Beras Medium
2024-09-04,9936.506,10865.173,26073.285,55.166622,143631.83,Wednesday,September,2024,Beras Premium
2024-09-04,12959.212,16573.76,114.97878,0.18062423,-29.032555,Wednesday,September,2024,Kacang Hijau
2024-09-04,4063.9346,4516.071,66374.97,70.2183,481229.03,Wednesday,September,2024,Jagung
2024-09-05,4054.2336,4491.932,67931.96,70.257996,488821.22,Thursday,September,2024,Jagung
2024-09-05,12954.82,16501.49,117.72803,0.16161591,-66.8451,Thursday,September,2024,Kacang Hijau
2024-09-05,9034.415,9446.765,22353.984,55.093174,119229.8,Thursday,September,2024,Beras Medium
2024-09-05,9929.931,10843.283,25766.035,55.173412,142003.3,Thursday,September,2024,Beras Premium
2024-09-06,9017.691,9442.893,21839.361,55.088367,117224.47,Friday,September,2024,Beras Medium
2024-09-06,9922.556,10817.653,25564.197,55.17892,141183.89,Friday,September,2024,Beras Premium
2024-09-06,4039.6853,4461.5537,69272.46,70.32335,494758.62,Friday,September,2024,Jagung
2024-09-06,12952.128,16409.096,141.36046,0.19072783,-51.998085,Friday,September,2024,Kacang Hijau
2024-09-07,9918.9795,10802.205,25501.062,55.181465,141172.34,Saturday,September,2024,Beras Premium
2024-09-07,12954.7295,16341.286,165.84738,0.2732219,13.259526,Saturday,September,2024,Kacang Hijau
2024-09-07,4021.693,4431.2188,69533.16,70.38377,493560.75,Saturday,September,2024,Jagung
2024-09-07,9013.509,9496.978,21523.56,55.09572,116039.51,Saturday,September,2024,Beras Medium
2024-09-08,4003.8652,4405.7944,69125.56,70.4231,488455.34,Sunday,September,2024,Jagung
2024-09-08,9028.353,9603.936,21482.262,55.096424,115699.66,Sunday,September,2024,Beras Medium
2024-09-08,12959.33,16322.45,184.27617,0.34026107,76.66023,Sunday,September,2024,Kacang Hijau
2024-09-08,9920.929,10803.421,25533.283,55.18105,141520.23,Sunday,September,2024,Beras Premium
2024-09-09,12961.566,16333.342,194.33588,0.35534438,103.36692,Monday,September,2024,Kacang Hijau
2024-09-09,9038.929,9683.252,21588.219,55.091766,115781.97,Monday,September,2024,Beras Medium
2024-09-09,3991.7017,4389.7583,68819.77,70.43101,484689.62,Monday,September,2024,Jagung
2024-09-09,9925.636,10815.155,25596.695,55.17929,141869.27,Monday,September,2024,Beras Premium
2024-09-10,3983.475,4377.7666,68865.76,70.4159,483331.66,Tuesday,September,2024,Jagung
2024-09-10,9035.673,9690.723,21440.756,55.081074,114745.875,Tuesday,September,2024,Beras Medium
2024-09-10,12957.746,16330.263,200.47656,0.30726823,75.09737,Tuesday,September,2024,Kacang Hijau
2024-09-10,9929.646,10825.556,25673.068,55.176792,142110.0,Tuesday,September,2024,Beras Premium
2024-09-11,12952.451,16276.406,179.90636,0.19323975,-21.936068,Wednesday,September,2024,Kacang Hijau
2024-09-11,9927.253,10818.67,25523.037,55.177597,141072.16,Wednesday,September,2024,Beras Premium
2024-09-11,9014.549,9631.121,20841.05,55.064762,111786.625,Wednesday,September,2024,Beras Medium
2024-09-11,3974.1116,4360.3984,69696.76,70.418564,487151.47,Wednesday,September,2024,Jagung
2024-09-12,12943.932,16175.62,169.43024,0.1759795,-21.644104,Thursday,September,2024,Kacang Hijau
2024-09-12,9918.9375,10795.526,25169.3,55.184673,139143.0,Thursday,September,2024,Beras Premium
2024-09-12,8986.567,9561.452,19988.541,55.05372,108013.695,Thursday,September,2024,Beras Medium
2024-09-12,3957.3738,4346.4585,70940.52,70.46511,496886.66,Thursday,September,2024,Jagung
2024-09-13,12941.857,16067.103,176.97067,0.19322713,1.0170732,Friday,September,2024,Kacang Hijau
2024-09-13,9910.865,10770.1045,24996.385,55.18807,138435.22,Friday,September,2024,Beras Premium
2024-09-13,3936.4834,4326.825,71888.4,70.53911,504375.62,Friday,September,2024,Jagung
2024-09-13,8968.853,9533.012,19271.008,55.04979,104985.23,Friday,September,2024,Beras Medium
2024-09-14,12946.528,15990.566,194.87303,0.23090889,29.21847,Saturday,September,2024,Kacang Hijau
2024-09-14,9906.715,10755.386,24949.023,55.189274,138463.7,Saturday,September,2024,Beras Premium
2024-09-14,8969.962,9574.408,18858.83,55.0488,103050.8,Saturday,September,2024,Beras Medium
2024-09-14,3914.221,4302.423,71818.1,70.60556,503902.16,Saturday,September,2024,Jagung
2024-09-15,8984.168,9662.888,18869.559,55.05124,102882.74,Sunday,September,2024,Beras Medium
2024-09-15,3902.585,4282.084,71137.85,70.62975,497948.88,Sunday,September,2024,Jagung
2024-09-15,12953.349,15960.972,210.35664,0.2557329,45.31796,Sunday,September,2024,Kacang Hijau
2024-09-15,9908.132,10757.38,24983.791,55.187603,138766.1,Sunday,September,2024,Beras Premium
2024-09-16,9913.937,10772.695,25148.549,55.18268,139592.47,Monday,September,2024,Beras Premium
2024-09-16,3895.168,4269.3965,70505.19,70.62721,493013.28,Monday,September,2024,Jagung
2024-09-16,8994.6875,9725.358,19120.176,55.0498,103690.06,Monday,September,2024,Beras Medium
2024-09-16,12957.422,15964.947,214.39293,0.24764636,46.623238,Monday,September,2024,Kacang Hijau
2024-09-17,9919.064,10787.511,25296.89,55.178944,140184.23,Tuesday,September,2024,Beras Premium
2024-09-17,8991.654,9718.984,19166.896,55.04145,103618.48,Tuesday,September,2024,Beras Medium
2024-09-17,3889.5361,4263.8647,70274.85,70.60788,491507.9,Tuesday,September,2024,Jagung
2024-09-17,12955.141,15959.281,200.73027,0.2084427,34.537518,Tuesday,September,2024,Kacang Hijau
2024-09-18,12946.234,15914.186,180.37265,0.15652071,20.644459,Wednesday,September,2024,Kacang Hijau
2024-09-18,3881.1128,4259.805,70884.63,70.604164,496347.6,Wednesday,September,2024,Jagung
2024-09-18,9917.658,10785.382,25187.574,55.18005,139359.83,Wednesday,September,2024,Beras Premium
2024-09-18,8971.411,9651.682,18714.395,55.029633,101402.07,Wednesday,September,2024,Beras Medium
2024-09-19,12938.364,15829.534,171.83768,0.13127492,25.289242,Thursday,September,2024,Kacang Hijau
2024-09-19,3870.7932,4252.132,72021.984,70.63639,505297.34,Thursday,September,2024,Jagung
2024-09-19,9910.203,10766.32,24847.354,55.187996,137496.81,Thursday,September,2024,Beras Premium
2024-09-19,8946.676,9578.828,18038.676,55.02311,98632.35,Thursday,September,2024,Beras Medium
2024-09-20,12936.789,15740.035,181.94144,0.14549279,48.695755,Friday,September,2024,Kacang Hijau
2024-09-20,9903.106,10744.733,24721.26,55.191032,137036.66,Friday,September,2024,Beras Premium
2024-09-20,8933.54,9547.313,17494.834,55.023365,96506.516,Friday,September,2024,Beras Medium
2024-09-20,3857.896,4236.749,72823.266,70.68915,511329.53,Friday,September,2024,Jagung
2024-09-21,8937.879,9582.063,17210.059,55.027977,95165.21,Saturday,September,2024,Beras Medium
2024-09-21,3844.547,4216.9565,72621.56,70.73316,509446.1,Saturday,September,2024,Jagung
2024-09-21,12942.63,15680.824,201.26935,0.1841389,76.14346,Saturday,September,2024,Kacang Hijau
2024-09-21,9899.74,10732.957,24705.584,55.191917,137227.12,Saturday,September,2024,Beras Premium
2024-09-22,8955.855,9665.3125,17332.973,55.035114,95552.3,Sunday,September,2024,Beras Medium
2024-09-22,3834.0496,4198.886,71698.16,70.75157,502464.66,Sunday,September,2024,Jagung
2024-09-22,12950.574,15664.975,215.90453,0.21176296,89.60857,Sunday,September,2024,Kacang Hijau
2024-09-22,9901.806,10737.354,24760.271,55.189835,137622.3,Sunday,September,2024,Beras Premium
2024-09-23,12954.647,15676.99,218.43909,0.20620213,87.938614,Monday,September,2024,Kacang Hijau
2024-09-23,3827.9414,4187.989,70828.73,70.74511,496408.2,Monday,September,2024,Jagung
2024-09-23,8966.124,9720.202,17806.586,55.03145,97368.484,Monday,September,2024,Beras Medium
2024-09-23,9908.358,10755.225,24948.826,55.18463,138566.81,Monday,September,2024,Beras Premium
2024-09-24,8966.904,9716.014,17957.947,55.027283,97749.69,Tuesday,September,2024,Beras Medium
2024-09-24,12951.66,15682.377,204.91124,0.16431409,73.72913,Tuesday,September,2024,Kacang Hijau
2024-09-24,9914.235,10772.567,25123.062,55.18068,139292.88,Tuesday,September,2024,Beras Premium
2024-09-24,3825.1653,4186.339,70484.02,70.72035,494465.2,Tuesday,September,2024,Jagung
2024-09-25,8948.941,9650.722,17643.852,55.016754,96250.484,Wednesday,September,2024,Beras Medium
2024-09-25,12943.197,15653.974,185.36476,0.111875206,61.74974,Wednesday,September,2024,Kacang Hijau
2024-09-25,9913.57,10772.908,25041.797,55.181515,138615.98,Wednesday,September,2024,Beras Premium
2024-09-25,3820.515,4186.464,71033.64,70.71337,499192.2,Wednesday,September,2024,Jagung
2024-09-26,3814.5532,4183.2085,72229.47,70.74151,508387.25,Thursday,September,2024,Jagung
2024-09-26,8927.984,9579.566,17121.094,55.01184,94302.52,Thursday,September,2024,Beras Medium
2024-09-26,12933.358,15595.374,187.28117,0.08329932,68.61814,Thursday,September,2024,Kacang Hijau
2024-09-26,9906.712,10755.842,24718.283,55.189438,136838.5,Thursday,September,2024,Beras Premium
2024-09-27,9900.145,10735.97,24614.016,55.19229,136494.55,Friday,September,2024,Beras Premium
2024-09-27,3803.712,4169.6274,73020.97,70.786415,514092.88,Friday,September,2024,Jagung
2024-09-27,12934.618,15548.104,208.97124,0.103928834,116.0414,Friday,September,2024,Kacang Hijau
2024-09-27,8917.601,9548.116,16706.22,55.01342,92829.94,Friday,September,2024,Beras Medium
2024-09-28,12943.58,15508.002,221.75682,0.15861417,155.85028,Saturday,September,2024,Kacang Hijau
2024-09-28,9897.177,10725.427,24612.89,55.193,136760.56,Saturday,September,2024,Beras Premium
2024-09-28,8924.037,9581.59,16482.887,55.02049,91771.34,Saturday,September,2024,Beras Medium
2024-09-28,3792.7358,4152.677,72683.53,70.82236,511482.38,Saturday,September,2024,Jagung
2024-09-29,3783.9888,4136.783,71633.62,70.83561,503742.38,Sunday,September,2024,Jagung
2024-09-29,8943.061,9662.059,16680.46,55.028816,92485.695,Sunday,September,2024,Beras Medium
2024-09-29,9899.5625,10730.806,24677.328,55.19073,137202.92,Sunday,September,2024,Beras Premium
2024-09-29,12951.533,15497.143,225.36314,0.19087966,152.58543,Sunday,September,2024,Kacang Hijau
2024-09-30,8954.232,9715.525,17241.229,55.025284,94672.93,Monday,September,2024,Beras Medium
2024-09-30,12953.284,15516.254,227.32637,0.17702194,123.81439,Monday,September,2024,Kacang Hijau
2024-09-30,3779.6746,4128.325,70697.79,70.82451,497187.47,Monday,September,2024,Jagung
2024-09-30,9906.432,10749.635,24875.947,55.185387,138197.31,Monday,September,2024,Beras Premium
2024-10-01,9912.602,10767.903,25060.395,55.18135,138975.97,Tuesday,October,2024,Beras Premium
2024-10-01,8956.381,9712.043,17462.059,55.02179,95363.25,Tuesday,October,2024,Beras Medium
2024-10-01,3779.7869,4129.8066,70370.04,70.79953,495437.56,Tuesday,October,2024,Jagung
2024-10-01,12950.738,15535.605,212.00754,0.13636263,105.146996,Tuesday,October,2024,Kacang Hijau
2024-10-02,3779.0835,4134.6934,71370.305,70.81087,504055.25,Wednesday,October,2024,Jagung
2024-10-02,9915.98,10777.479,25190.748,55.184105,139524.31,Wednesday,October,2024,Beras Premium
2024-10-02,12941.363,15514.757,199.88719,0.096452266,134.05983,Wednesday,October,2024,Kacang Hijau
2024-10-02,8949.992,9680.395,17135.633,55.020668,93968.39,Wednesday,October,2024,Beras Medium
2024-10-03,8938.066,9636.96,16548.873,55.023293,91837.99,Thursday,October,2024,Beras Medium
2024-10-03,12930.644,15477.3,236.63136,0.056745734,189.32695,Thursday,October,2024,Kacang Hijau
2024-10-03,9915.128,10773.022,25244.453,55.19045,139879.77,Thursday,October,2024,Beras Premium
2024-10-03,3772.3674,4132.7266,72891.32,70.85589,516714.28,Thursday,October,2024,Jagung
2024-10-04,12937.252,15450.617,221.82133,0.05535994,191.26979,Friday,October,2024,Kacang Hijau
2024-10-04,8937.783,9642.389,15877.665,55.036133,89359.25,Friday,October,2024,Beras Medium
2024-10-04,3758.0713,4120.9067,73830.48,70.89605,525429.3,Friday,October,2024,Jagung
2024-10-04,9911.5,10759.037,25216.92,55.19463,139962.84,Friday,October,2024,Beras Premium
2024-10-05,3744.0178,4106.227,73508.73,70.91456,524669.94,Saturday,October,2024,Jagung
2024-10-05,12949.898,15424.733,212.1542,0.095809765,203.06728,Saturday,October,2024,Kacang Hijau
2024-10-05,8953.267,9724.681,15411.863,55.048035,87697.55,Saturday,October,2024,Beras Medium
2024-10-05,9908.888,10749.13,25103.24,55.197453,139576.14,Saturday,October,2024,Beras Premium
2024-10-06,3736.1155,4094.683,72438.76,70.91495,517927.12,Sunday,October,2024,Jagung
2024-10-06,12960.433,15405.622,212.35678,0.14783254,223.47893,Sunday,October,2024,Kacang Hijau
2024-10-06,9910.327,10753.95,24952.64,55.19924,138907.9,Sunday,October,2024,Beras Premium
2024-10-06,8990.886,9827.542,15145.888,55.105812,88155.37,Sunday,October,2024,Beras Medium
2024-10-07,3733.5598,4087.9224,71669.1,70.90327,512776.38,Monday,October,2024,Jagung
2024-10-07,9014.32,9903.88,15179.59,55.14502,89270.56,Monday,October,2024,Beras Medium
2024-10-07,12964.268,15400.388,210.16362,0.16643354,231.62622,Monday,October,2024,Kacang Hijau
2024-10-07,9917.575,10776.233,25037.023,55.199097,139402.98,Monday,October,2024,Beras Premium
2024-10-08,12960.405,15410.027,198.66057,0.12528847,215.28342,Tuesday,October,2024,Kacang Hijau
2024-10-08,3736.1914,4087.1104,71875.734,70.902084,513800.94,Tuesday,October,2024,Jagung
2024-10-08,9925.54,10800.367,25317.502,55.197456,140766.16,Tuesday,October,2024,Beras Premium
2024-10-08,9010.47,9911.014,15222.555,55.13858,89183.0,Tuesday,October,2024,Beras Medium
2024-10-09,9929.478,10811.183,25562.508,55.197712,141898.05,Wednesday,October,2024,Beras Premium
2024-10-09,8989.543,9859.792,14896.751,55.10838,86827.75,Wednesday,October,2024,Beras Medium
2024-10-09,3736.3992,4085.9028,73117.35,70.940544,522891.8,Wednesday,October,2024,Jagung
2024-10-09,12955.079,15421.623,170.9338,0.048044723,182.93,Wednesday,October,2024,Kacang Hijau
2024-10-10,9928.217,10805.971,25692.098,55.20063,142616.89,Thursday,October,2024,Beras Premium
2024-10-10,3727.9126,4076.145,74793.48,70.995605,535700.25,Thursday,October,2024,Jagung
2024-10-10,8968.35,9791.169,14338.038,55.083294,83682.91,Thursday,October,2024,Beras Medium
2024-10-10,12953.922,15421.699,142.41333,-0.011307184,154.01974,Thursday,October,2024,Kacang Hijau
2024-10-11,9923.331,10788.805,25648.107,55.20151,142531.61,Friday,October,2024,Beras Premium
2024-10-11,12960.2,15406.917,125.03251,-0.012342249,144.35324,Friday,October,2024,Kacang Hijau
2024-10-11,3711.296,4058.8027,75807.04,71.034676,544123.75,Friday,October,2024,Jagung
2024-10-11,8962.75,9760.435,13780.85,55.08456,81272.86,Friday,October,2024,Beras Medium
2024-10-12,9918.878,10774.225,25483.342,55.201756,141793.92,Saturday,October,2024,Beras Premium
2024-10-12,8982.244,9801.522,13298.013,55.12357,80252.1,Saturday,October,2024,Beras Medium
2024-10-12,3695.1938,4041.918,75491.87,71.03856,542944.5,Saturday,October,2024,Jagung
2024-10-12,12969.74,15389.335,125.672485,0.02893967,159.77155,Saturday,October,2024,Kacang Hijau
2024-10-13,3685.856,4028.3418,74280.77,71.0269,535115.56,Sunday,October,2024,Jagung
2024-10-13,9918.543,10774.0625,25280.934,55.201385,140800.58,Sunday,October,2024,Beras Premium
2024-10-13,12976.992,15378.535,137.10056,0.08454816,184.66885,Sunday,October,2024,Kacang Hijau
2024-10-13,9009.775,9890.479,13011.123,55.164497,80050.445,Sunday,October,2024,Beras Medium
2024-10-14,3684.9792,4022.1226,73365.766,71.00691,528448.9,Monday,October,2024,Jagung
2024-10-14,9924.286,10792.2705,25319.947,55.199924,141016.73,Monday,October,2024,Beras Premium
2024-10-14,12977.248,15381.991,147.39146,0.106844,197.65588,Monday,October,2024,Kacang Hijau
2024-10-14,9026.245,9955.489,13104.972,55.192356,81146.33,Monday,October,2024,Beras Medium
2024-10-15,9930.67,10813.103,25530.596,55.19872,141986.11,Tuesday,October,2024,Beras Premium
2024-10-15,12969.589,15400.468,150.38838,0.069547735,187.02098,Tuesday,October,2024,Kacang Hijau
2024-10-15,9019.416,9946.043,13321.632,55.186317,81777.46,Tuesday,October,2024,Beras Medium
2024-10-15,3688.0713,4020.8904,73352.73,71.004715,527987.44,Tuesday,October,2024,Jagung
2024-10-16,12960.683,15419.994,138.05687,-0.0019532924,161.2623,Wednesday,October,2024,Kacang Hijau
2024-10-16,3687.2966,4018.034,74476.58,71.03837,536141.1,Wednesday,October,2024,Jagung
2024-10-16,8995.766,9878.594,13252.4,55.152187,80356.59,Wednesday,October,2024,Beras Medium
2024-10-16,9933.962,10822.877,25762.486,55.199036,143041.2,Wednesday,October,2024,Beras Premium
2024-10-17,12957.25,15424.895,122.278465,-0.049216956,140.99374,Thursday,October,2024,Kacang Hijau
2024-10-17,3680.5217,4009.8677,75983.11,71.09049,547936.4,Thursday,October,2024,Jagung
2024-10-17,9932.395,10817.221,25895.275,55.201366,143762.1,Thursday,October,2024,Beras Premium
2024-10-17,8970.287,9802.085,12918.268,55.11696,78099.05,Thursday,October,2024,Beras Medium
2024-10-18,9927.207,10799.376,25841.023,55.201744,143603.95,Friday,October,2024,Beras Premium
2024-10-18,3669.1704,3998.6519,76767.55,71.127914,555188.1,Friday,October,2024,Jagung
2024-10-18,12961.28,15415.249,116.20548,-0.04117343,138.97847,Friday,October,2024,Kacang Hijau
2024-10-18,8963.641,9761.325,12612.987,55.10422,76343.914,Friday,October,2024,Beras Medium
2024-10-19,8982.022,9790.46,12346.7,55.12337,75392.42,Saturday,October,2024,Beras Medium
2024-10-19,9922.439,10784.06,25661.496,55.201794,142775.48,Saturday,October,2024,Beras Premium
2024-10-19,3656.3525,3986.033,76273.336,71.12302,552717.5,Saturday,October,2024,Jagung
2024-10-19,12968.964,15401.205,125.6995,0.010247723,159.43977,Saturday,October,2024,Kacang Hijau
2024-10-20,12974.005,15394.443,144.9925,0.0703992,188.10634,Sunday,October,2024,Kacang Hijau
2024-10-20,9009.335,9874.33,12182.447,55.157986,75491.42,Sunday,October,2024,Beras Medium
2024-10-20,3648.2288,3973.9644,74917.586,71.1012,543543.25,Sunday,October,2024,Jagung
2024-10-20,9921.768,10782.867,25445.617,55.200916,141696.78,Sunday,October,2024,Beras Premium
2024-10-21,9025.097,9937.022,12346.916,55.18571,76909.97,Monday,October,2024,Beras Medium
2024-10-21,3648.0874,3968.79,73888.84,71.071724,535683.75,Monday,October,2024,Jagung
2024-10-21,9927.148,10800.068,25468.273,55.19922,141817.84,Monday,October,2024,Beras Premium
2024-10-21,12970.158,15405.472,169.9943,0.09087967,204.48407,Monday,October,2024,Kacang Hijau
2024-10-22,9017.019,9927.934,12599.133,55.18276,77887.16,Tuesday,October,2024,Beras Medium
2024-10-22,3652.757,3969.5159,73750.305,71.064,534142.56,Tuesday,October,2024,Jagung
2024-10-22,12959.4,15429.277,185.36589,0.0541004,197.63286,Tuesday,October,2024,Kacang Hijau
2024-10-22,9932.958,10819.723,25641.87,55.198593,142591.0,Tuesday,October,2024,Beras Premium
2024-10-23,8993.576,9863.032,12596.073,55.152695,77086.94,Wednesday,October,2024,Beras Medium
2024-10-23,3656.1045,3971.8616,74743.48,71.09544,541452.75,Wednesday,October,2024,Jagung
2024-10-23,12948.16,15453.008,184.1096,-0.013295463,176.38042,Wednesday,October,2024,Kacang Hijau
2024-10-23,9935.8545,10828.774,25847.545,55.199497,143512.23,Wednesday,October,2024,Beras Premium
2024-10-24,12944.223,15458.556,173.3013,-0.051520657,161.16669,Thursday,October,2024,Kacang Hijau
2024-10-24,3653.2542,3968.5999,76140.56,71.14635,552597.8,Thursday,October,2024,Jagung
2024-10-24,8968.509,9786.276,12379.455,55.11375,75289.69,Thursday,October,2024,Beras Medium
2024-10-24,9934.178,10822.714,25978.676,55.201546,144220.84,Thursday,October,2024,Beras Premium
2024-10-25,12948.371,15448.339,168.49811,-0.035839748,162.57294,Friday,October,2024,Kacang Hijau
2024-10-25,8962.102,9746.031,12161.464,55.099495,73928.06,Friday,October,2024,Beras Medium
2024-10-25,9928.875,10804.494,25919.229,55.20175,144031.17,Friday,October,2024,Beras Premium
2024-10-25,3642.6506,3958.7156,76879.49,71.17957,559341.1,Friday,October,2024,Jagung
2024-10-26,12956.2,15433.314,178.54585,0.020572484,185.06023,Saturday,October,2024,Kacang Hijau
2024-10-26,8979.592,9775.389,11929.343,55.1181,73099.22,Saturday,October,2024,Beras Medium
2024-10-26,9923.995,10788.787,25733.936,55.201733,143169.4,Saturday,October,2024,Beras Premium
2024-10-26,3630.791,3947.7183,76331.6,71.16902,556226.06,Saturday,October,2024,Jagung
2024-10-27,3623.8923,3937.5837,74930.234,71.14169,546438.25,Sunday,October,2024,Jagung
2024-10-27,12959.898,15427.999,202.82184,0.08039645,216.10782,Sunday,October,2024,Kacang Hijau
2024-10-27,9007.109,9859.269,11808.159,55.152905,73397.3,Sunday,October,2024,Beras Medium
2024-10-27,9923.193,10787.122,25512.654,55.200687,142058.27,Sunday,October,2024,Beras Premium
2024-10-28,9928.415,10803.822,25528.34,55.198914,142140.1,Monday,October,2024,Beras Premium
2024-10-28,12953.209,15443.965,237.57466,0.09942992,237.64232,Monday,October,2024,Kacang Hijau
2024-10-28,3625.235,3934.6702,73866.555,71.10746,538072.4,Monday,October,2024,Jagung
2024-10-28,9022.899,9922.34,12004.972,55.18102,74963.57,Monday,October,2024,Beras Medium
2024-10-29,3631.3484,3937.5178,73698.195,71.0963,536126.9,Tuesday,October,2024,Jagung
2024-10-29,9933.977,10822.879,25686.854,55.198498,142833.77,Tuesday,October,2024,Beras Premium
2024-10-29,9014.828,9914.187,12289.762,55.178715,76123.086,Tuesday,October,2024,Beras Medium
2024-10-29,12940.943,15469.563,259.51865,0.06502037,236.11632,Tuesday,October,2024,Kacang Hijau
2024-10-30,9936.683,10831.459,25881.139,55.199585,143695.92,Wednesday,October,2024,Beras Premium
2024-10-30,8991.999,9851.298,12330.899,55.14931,75621.484,Wednesday,October,2024,Beras Medium
2024-10-30,12930.525,15491.533,256.38058,-0.0017489329,211.81696,Wednesday,October,2024,Kacang Hijau
2024-10-30,3636.0732,3941.969,74680.93,71.12513,543208.6,Wednesday,October,2024,Jagung
2024-10-31,12927.607,15494.885,242.88632,-0.038488183,194.26393,Thursday,October,2024,Kacang Hijau
2024-10-31,8967.219,9776.312,12150.124,55.110672,74046.43,Thursday,October,2024,Beras Medium
2024-10-31,3634.3708,3940.411,76079.25,71.17447,554255.44,Thursday,October,2024,Jagung
2024-10-31,9934.92,10825.066,26009.621,55.20153,144389.16,Thursday,October,2024,Beras Premium
2024-11-01,12933.546,15480.799,231.8793,-0.020092186,193.99316,Friday,November,2024,Kacang Hijau
2024-11-01,8961.0205,9737.37,11962.919,55.096706,72865.76,Friday,November,2024,Beras Medium
2024-11-01,9929.541,10806.575,25946.967,55.20169,144181.17,Friday,November,2024,Beras Premium
2024-11-01,3624.69,3931.9502,76817.46,71.20601,560891.7,Friday,November,2024,Jagung
2024-11-02,12941.828,15464.599,233.40826,0.022792941,212.93877,Saturday,November,2024,Kacang Hijau
2024-11-02,3615.0251,3921.641,76162.305,71.19551,557119.06,Saturday,November,2024,Jagung
2024-11-02,9927.978,10801.035,25869.822,55.202274,143903.28,Saturday,November,2024,Beras Premium
2024-11-02,8988.568,9790.214,11771.428,55.12275,72483.94,Saturday,November,2024,Beras Medium
2024-11-03,9932.056,10815.111,25781.2,55.203888,143585.94,Sunday,November,2024,Beras Premium
2024-11-03,3612.5022,3916.2297,74789.91,71.158905,547217.5,Sunday,November,2024,Jagung
2024-11-03,12947.041,15455.38,250.46751,0.07554318,241.61868,Sunday,November,2024,Kacang Hijau
2024-11-03,9030.308,9908.211,11710.016,55.170414,73505.53,Sunday,November,2024,Beras Medium
2024-11-04,12943.874,15463.523,272.9567,0.09234828,258.8301,Monday,November,2024,Kacang Hijau
2024-11-04,9942.0205,10848.77,25883.586,55.20572,144223.12,Monday,November,2024,Beras Premium
2024-11-04,3617.7722,3917.5593,73791.09,71.13232,539520.5,Monday,November,2024,Jagung
2024-11-04,9061.324,10007.492,12022.116,55.211937,76073.72,Monday,November,2024,Beras Medium
2024-11-05,9063.769,10027.705,12481.167,55.219788,78388.3,Tuesday,November,2024,Beras Medium
2024-11-05,12934.933,15482.43,281.81293,0.053273547,251.09036,Tuesday,November,2024,Kacang Hijau
2024-11-05,9951.971,10883.568,26120.309,55.208923,145428.53,Tuesday,November,2024,Beras Premium
2024-11-05,3626.78,3923.2246,73685.59,71.14125,538670.7,Tuesday,November,2024,Jagung
2024-11-06,12926.63,15498.838,269.8757,-0.021081349,224.94833,Wednesday,November,2024,Kacang Hijau
2024-11-06,9957.847,10904.132,26414.912,55.21087,146838.69,Wednesday,November,2024,Beras Premium
2024-11-06,9046.669,9978.977,12806.75,55.198616,79272.18,Wednesday,November,2024,Beras Medium
2024-11-06,3632.8264,3928.259,74757.99,71.1937,547168.56,Wednesday,November,2024,Jagung
2024-11-07,9029.497,9913.875,12951.148,55.17335,79187.76,Thursday,November,2024,Beras Medium
2024-11-07,12926.866,15494.144,244.11916,-0.07262918,201.3509,Thursday,November,2024,Kacang Hijau
2024-11-07,9959.069,10909.208,26675.744,55.21356,148260.22,Thursday,November,2024,Beras Premium
2024-11-07,3631.2092,3926.5354,76310.73,71.26515,560130.25,Thursday,November,2024,Jagung
2024-11-08,9955.933,10899.748,26690.033,55.213142,148384.28,Friday,November,2024,Beras Premium
2024-11-08,3621.6301,3916.7773,77123.16,71.30986,567885.25,Friday,November,2024,Jagung
2024-11-08,9029.142,9896.639,12955.726,55.16734,79007.555,Friday,November,2024,Beras Medium
2024-11-08,12936.048,15471.883,222.11142,-0.07173867,195.66507,Friday,November,2024,Kacang Hijau
2024-11-09,3611.4675,3906.0688,76530.09,71.30152,564663.6,Saturday,November,2024,Jagung
2024-11-09,12945.668,15454.104,220.00601,-0.039569363,209.88579,Saturday,November,2024,Kacang Hijau
2024-11-09,9057.35,9969.497,12830.836,55.196354,79307.484,Saturday,November,2024,Beras Medium
2024-11-09,9954.513,10894.817,26588.074,55.21173,147927.2,Saturday,November,2024,Beras Premium
2024-11-10,12949.506,15450.184,240.8268,0.0043842085,235.76414,Sunday,November,2024,Kacang Hijau
2024-11-10,9957.187,10903.07,26448.627,55.210014,147302.05,Sunday,November,2024,Beras Premium
2024-11-10,9100.393,10097.553,12821.872,55.246033,80817.95,Sunday,November,2024,Beras Medium
2024-11-10,3608.4714,3901.556,75334.04,71.26558,556053.1,Sunday,November,2024,Jagung
2024-11-11,9126.76,10190.805,13134.924,55.28504,83385.195,Monday,November,2024,Beras Medium
2024-11-11,3612.995,3903.3323,74441.29,71.23835,549206.56,Monday,November,2024,Jagung
2024-11-11,9964.155,10926.851,26418.49,55.210842,147218.44,Monday,November,2024,Beras Premium
2024-11-11,12942.856,15467.222,276.8354,0.021797571,257.68384,Monday,November,2024,Kacang Hijau
2024-11-12,9970.893,10950.782,26545.09,55.21253,147811.55,Tuesday,November,2024,Beras Premium
2024-11-12,9119.169,10192.849,13634.53,55.28738,85762.16,Tuesday,November,2024,Beras Medium
2024-11-12,3620.4006,3908.066,74319.72,71.24395,548302.4,Tuesday,November,2024,Jagung
2024-11-12,12929.302,15497.28,309.43262,-0.0041894782,264.68607,Tuesday,November,2024,Kacang Hijau
2024-11-13,9092.416,10115.632,14139.637,55.248814,86736.914,Wednesday,November,2024,Beras Medium
2024-11-13,3624.3052,3911.0366,75310.94,71.29146,556239.94,Wednesday,November,2024,Jagung
2024-11-13,9973.62,10960.944,26744.035,55.213505,148684.89,Wednesday,November,2024,Beras Premium
2024-11-13,12917.749,15521.918,318.48422,-0.060376167,248.36261,Wednesday,November,2024,Kacang Hijau
2024-11-14,12914.091,15527.453,315.5411,-0.0934363,233.60081,Thursday,November,2024,Kacang Hijau
2024-11-14,3621.1453,3907.0674,76768.19,71.35541,568311.25,Thursday,November,2024,Jagung
2024-11-14,9067.516,10028.384,14364.623,55.2122,86562.94,Thursday,November,2024,Beras Medium
2024-11-14,9972.18,10957.002,26929.498,55.215538,149683.7,Thursday,November,2024,Beras Premium
2024-11-15,12917.7705,15518.4795,318.39322,-0.07778279,236.89388,Friday,November,2024,Kacang Hijau
2024-11-15,3610.434,3895.3286,77478.59,71.39011,574954.6,Friday,November,2024,Jagung
2024-11-15,9061.824,10001.82,14355.066,55.204857,86411.445,Friday,November,2024,Beras Medium
2024-11-15,9966.859,10939.731,26884.746,55.21463,149479.2,Friday,November,2024,Beras Premium
2024-11-16,12919.439,15516.022,347.90082,-0.031788293,267.0755,Saturday,November,2024,Kacang Hijau
2024-11-16,3599.2856,3884.0154,76832.695,71.36962,570675.8,Saturday,November,2024,Jagung
2024-11-16,9963.709,10928.311,26739.475,55.212833,148789.39,Saturday,November,2024,Beras Premium
2024-11-16,9086.63,10074.171,14159.545,55.237392,86832.21,Saturday,November,2024,Beras Medium
2024-11-17,9127.198,10200.638,14075.691,55.288353,88233.93,Sunday,November,2024,Beras Medium
2024-11-17,9964.777,10930.409,26565.81,55.210396,147969.16,Sunday,November,2024,Beras Premium
2024-11-17,3595.2947,3880.321,75627.836,71.32078,561129.4,Sunday,November,2024,Jagung
2024-11-17,12916.409,15550.229,379.55615,0.015051137,281.00153,Sunday,November,2024,Kacang Hijau
2024-11-18,3599.3452,3883.7275,74739.21,71.28223,553485.94,Monday,November,2024,Jagung
2024-11-18,12916.261,15652.466,362.07947,0.02769543,240.32103,Monday,November,2024,Kacang Hijau
2024-11-18,9151.165,10280.707,14429.912,55.31568,90479.805,Monday,November,2024,Beras Medium
2024-11-18,9970.34,10948.781,26508.377,55.21067,147730.5,Monday,November,2024,Beras Premium
2024-11-19,9975.84,10968.117,26611.79,55.211975,148191.97,Tuesday,November,2024,Beras Premium
2024-11-19,3606.8494,3890.0662,74597.88,71.27914,551850.3,Tuesday,November,2024,Jagung
2024-11-19,12915.425,15784.34,350.72177,0.012457054,224.32164,Tuesday,November,2024,Kacang Hijau
2024-11-19,9141.146,10260.738,15079.7,55.29663,92478.95,Tuesday,November,2024,Beras Medium
2024-11-20,3611.1787,3893.2595,75519.13,71.3224,559172.56,Wednesday,November,2024,Jagung
2024-11-20,9111.1875,10169.467,15579.3545,55.251095,93125.5,Wednesday,November,2024,Beras Medium
2024-11-20,9977.536,10974.611,26790.67,55.212955,148953.88,Wednesday,November,2024,Beras Premium
2024-11-20,12908.676,15859.013,332.27884,-0.01575944,192.4237,Wednesday,November,2024,Kacang Hijau
2024-11-21,3608.369,3889.2773,76906.59,71.382935,570693.25,Thursday,November,2024,Jagung
2024-11-21,9975.309,10967.896,26962.197,55.215057,149874.19,Thursday,November,2024,Beras Premium
2024-11-21,9083.736,10072.86,15745.828,55.211044,92630.375,Thursday,November,2024,Beras Medium
2024-11-21,12902.971,15873.494,324.46362,-0.021102106,168.05843,Thursday,November,2024,Kacang Hijau
2024-11-22,9076.378,10040.761,15681.787,55.201824,92224.56,Friday,November,2024,Beras Medium
2024-11-22,3597.9868,3878.3572,77582.375,71.412674,576817.75,Friday,November,2024,Jagung
2024-11-22,9969.393,10948.502,26908.055,55.21425,149617.22,Friday,November,2024,Beras Premium
2024-11-22,12902.551,15872.778,336.97665,0.004273576,164.19904,Friday,November,2024,Kacang Hijau
2024-11-23,9099.784,10111.531,15452.159,55.23302,92529.46,Saturday,November,2024,Beras Medium
2024-11-23,12909.157,15907.939,349.35477,0.054579522,179.8529,Saturday,November,2024,Kacang Hijau
2024-11-23,3587.2502,3868.0095,76915.516,71.38756,572106.2,Saturday,November,2024,Jagung
2024-11-23,9965.785,10935.453,26756.857,55.212543,148894.98,Saturday,November,2024,Beras Premium
2024-11-24,9966.454,10936.088,26578.97,55.21005,148048.11,Sunday,November,2024,Beras Premium
2024-11-24,9139.329,10237.092,15317.916,55.283234,93727.91,Sunday,November,2024,Beras Medium
2024-11-24,3583.8887,3865.0703,75684.805,71.33572,562232.3,Sunday,November,2024,Jagung
2024-11-24,12915.145,16026.673,374.39062,0.07147664,176.59511,Sunday,November,2024,Kacang Hijau
2024-11-25,9971.683,10953.236,26518.295,55.210285,147789.14,Monday,November,2024,Beras Premium
2024-11-25,3588.738,3869.4883,74779.22,71.29482,554358.9,Monday,November,2024,Jagung
2024-11-25,9161.99,10314.165,15618.084,55.309864,95712.46,Monday,November,2024,Beras Medium
2024-11-25,12918.408,16201.37,400.85336,0.058719248,162.98761,Monday,November,2024,Kacang Hijau
2024-11-26,9976.899,10971.58,26618.781,55.211582,148232.9,Tuesday,November,2024,Beras Premium
2024-11-26,12914.405,16366.461,412.21545,0.060977582,171.9997,Tuesday,November,2024,Kacang Hijau
2024-11-26,9150.418,10290.239,16179.178,55.291954,97283.6,Tuesday,November,2024,Beras Medium
2024-11-26,3597.106,3876.9749,74624.9,71.289894,552550.6,Tuesday,November,2024,Jagung
2024-11-27,3602.2363,3881.2498,75537.26,71.33173,559750.06,Wednesday,November,2024,Jagung
2024-11-27,12913.448,16451.014,363.7749,0.013853226,104.865265,Wednesday,November,2024,Kacang Hijau
2024-11-27,9120.009,10194.914,16582.074,55.246677,97446.17,Wednesday,November,2024,Beras Medium
2024-11-27,9978.373,10977.321,26795.094,55.21264,148980.61,Wednesday,November,2024,Beras Premium
2024-11-28,12912.185,16455.156,327.63412,-0.0013418186,50.224243,Thursday,November,2024,Kacang Hijau
2024-11-28,9092.107,10094.56,16685.21,55.205135,96641.47,Thursday,November,2024,Beras Medium
2024-11-28,9975.9795,10970.064,26965.086,55.214813,149892.16,Thursday,November,2024,Beras Premium
2024-11-28,3600.112,3878.1567,76918.09,71.3911,571175.1,Thursday,November,2024,Jagung
2024-11-29,12915.619,16431.041,304.7835,0.020890685,29.79532,Friday,November,2024,Kacang Hijau
2024-11-29,3590.3267,3867.9648,77586.92,71.41979,577206.9,Friday,November,2024,Jagung
2024-11-29,9969.941,10950.2705,26910.137,55.214073,149630.67,Friday,November,2024,Beras Premium
2024-11-29,9083.972,10059.881,16552.21,55.195663,95949.2,Friday,November,2024,Beras Medium
2024-11-30,12923.6875,16450.023,285.1077,0.0827712,61.831448,Saturday,November,2024,Kacang Hijau
2024-11-30,9106.508,10130.1455,16283.802,55.226784,96124.92,Saturday,November,2024,Beras Medium
2024-11-30,9966.24,10936.923,26758.535,55.212418,148906.12,Saturday,November,2024,Beras Premium
2024-11-30,3580.1262,3858.3071,76914.47,71.39365,572404.5,Saturday,November,2024,Jagung
2024-12-01,12932.372,16537.875,264.45572,0.13205224,108.78566,Sunday,December,2024,Kacang Hijau
2024-12-01,9145.474,10255.552,16108.931,55.277153,97173.35,Sunday,December,2024,Beras Medium
2024-12-01,3577.3308,3856.1257,75679.086,71.34087,562448.25,Sunday,December,2024,Jagung
2024-12-01,9966.826,10937.279,26580.406,55.209934,148056.98,Sunday,December,2024,Beras Premium
2024-12-02,9177.272,10351.86,16473.51,55.309406,99727.94,Monday,December,2024,Beras Medium
2024-12-02,3585.8337,3864.2268,74687.125,71.29717,553758.5,Monday,December,2024,Jagung
2024-12-02,12938.696,16667.752,210.6861,0.13010772,82.50893,Monday,December,2024,Kacang Hijau
2024-12-02,9975.212,10967.917,26617.88,55.21404,148379.08,Monday,December,2024,Beras Premium
2024-12-03,9985.427,11006.428,26813.756,55.21879,149380.14,Tuesday,December,2024,Beras Premium
2024-12-03,3597.485,3876.3186,74411.5,71.29181,550865.8,Tuesday,December,2024,Jagung
2024-12-03,12941.944,16775.402,170.51381,0.07828149,38.793644,Tuesday,December,2024,Kacang Hijau
2024-12-03,9176.988,10351.785,17354.012,55.299843,103024.625,Tuesday,December,2024,Beras Medium
2024-12-04,3605.2893,3886.0764,75254.24,71.338776,556985.9,Wednesday,December,2024,Jagung
2024-12-04,12942.937,16819.918,147.43004,0.027567787,0.9979661,Wednesday,December,2024,Kacang Hijau
2024-12-04,9159.398,10272.512,18242.03,55.25823,105469.086,Wednesday,December,2024,Beras Medium
2024-12-04,9992.368,11032.615,27113.688,55.22059,150791.62,Wednesday,December,2024,Beras Premium
2024-12-05,12941.211,16791.41,132.98206,0.010543563,-38.301735,Thursday,December,2024,Kacang Hijau
2024-12-05,9994.852,11043.796,27401.451,55.221863,152248.27,Thursday,December,2024,Beras Premium
2024-12-05,3605.973,3888.7485,76569.586,71.40146,567046.06,Thursday,December,2024,Jagung
2024-12-05,9144.986,10188.26,19027.441,55.218437,107874.414,Thursday,December,2024,Beras Medium
2024-12-06,9994.007,11045.603,27468.498,55.22154,152573.47,Friday,December,2024,Beras Premium
2024-12-06,9149.97,10181.157,19631.44,55.215538,111260.45,Friday,December,2024,Beras Medium
2024-12-06,3601.465,3885.5793,77168.73,71.42643,571526.3,Friday,December,2024,Jagung
2024-12-06,12941.318,16735.785,137.14957,0.035090894,-31.700033,Friday,December,2024,Kacang Hijau
2024-12-07,9996.228,11056.3545,27401.295,55.221767,152238.14,Saturday,December,2024,Beras Premium
2024-12-07,12945.339,16728.057,140.91272,0.08820866,19.365004,Saturday,December,2024,Kacang Hijau
2024-12-07,3597.8599,3883.2747,76460.29,71.40144,566548.94,Saturday,December,2024,Jagung
2024-12-07,9193.376,10307.058,20038.318,55.245888,115308.945,Saturday,December,2024,Beras Medium
2024-12-08,12948.773,16788.838,127.24276,0.118875004,54.914597,Sunday,December,2024,Kacang Hijau
2024-12-08,3601.5461,3887.9697,75356.0,71.35523,558106.3,Sunday,December,2024,Jagung
2024-12-08,9251.58,10489.861,20402.613,55.30292,119639.97,Sunday,December,2024,Beras Medium
2024-12-08,10003.804,11084.496,27307.043,55.2249,151879.27,Sunday,December,2024,Beras Premium
2024-12-09,3611.448,3898.7808,74691.24,71.32254,552010.9,Monday,December,2024,Jagung
2024-12-09,10015.534,11126.613,27283.768,55.229515,151848.16,Monday,December,2024,Beras Premium
2024-12-09,12950.616,16892.002,100.64043,0.097103864,44.562706,Monday,December,2024,Kacang Hijau
2024-12-09,9285.072,10598.953,21074.223,55.337658,123453.445,Monday,December,2024,Beras Medium
2024-12-10,12950.702,16987.008,78.3561,0.03343815,10.367079,Tuesday,December,2024,Kacang Hijau
2024-12-10,10025.463,11154.009,27433.732,55.228714,152570.75,Tuesday,December,2024,Beras Premium
2024-12-10,3621.911,3910.6816,74694.22,71.326805,551208.7,Tuesday,December,2024,Jagung
2024-12-10,9283.919,10588.856,22022.496,55.327736,126589.12,Tuesday,December,2024,Beras Medium
2024-12-11,12949.985,17029.809,63.813442,-0.020566385,-24.24171,Wednesday,December,2024,Kacang Hijau
2024-12-11,10027.961,11164.347,27564.014,55.228447,153166.08,Wednesday,December,2024,Beras Premium
2024-12-11,9258.111,10484.293,22784.275,55.28157,127828.52,Wednesday,December,2024,Beras Medium
2024-12-11,3627.6555,3918.4148,75624.93,71.37625,558162.94,Wednesday,December,2024,Jagung
2024-12-12,12950.489,17010.402,57.78533,-0.024770735,-31.492014,Thursday,December,2024,Kacang Hijau
2024-12-12,10024.279,11161.412,27614.436,55.229687,153450.9,Thursday,December,2024,Beras Premium
2024-12-12,9224.439,10363.996,23244.252,55.272346,129284.0,Thursday,December,2024,Beras Medium
2024-12-12,3626.1394,3918.4421,76960.14,71.43547,568346.5,Thursday,December,2024,Jagung
2024-12-13,10018.887,11147.48,27523.734,55.227505,152930.89,Friday,December,2024,Beras Premium
2024-12-13,3619.5076,3912.0918,77502.516,71.45634,572774.9,Friday,December,2024,Jagung
2024-12-13,12952.081,16971.3,56.958977,0.005221548,-15.331886,Friday,December,2024,Kacang Hijau
2024-12-13,9220.227,10341.986,23677.852,55.280975,132163.64,Friday,December,2024,Beras Medium
2024-12-14,10017.799,11142.618,27385.623,55.22538,152168.12,Saturday,December,2024,Beras Premium
2024-12-14,3613.9272,3906.6423,76752.81,71.427345,567835.6,Saturday,December,2024,Jagung
2024-12-14,9259.951,10468.035,24202.5,55.308308,136817.11,Saturday,December,2024,Beras Medium
2024-12-14,12952.944,16969.307,52.78822,0.04061984,10.125802,Saturday,December,2024,Kacang Hijau
2024-12-15,3615.6865,3908.309,75658.03,71.37755,559555.75,Sunday,December,2024,Jagung
2024-12-15,10022.996,11151.836,27312.35,55.223396,151815.23,Sunday,December,2024,Beras Premium
2024-12-15,9321.081,10660.055,24671.547,55.33399,140903.61,Sunday,December,2024,Beras Medium
2024-12-15,12953.327,17028.295,43.781673,0.039365113,23.101679,Sunday,December,2024,Kacang Hijau
2024-12-16,10032.443,11172.146,27381.055,55.22287,152278.08,Monday,December,2024,Beras Premium
2024-12-16,3623.7656,3916.2336,74981.64,71.34228,553539.44,Monday,December,2024,Jagung
2024-12-16,9356.965,10767.376,25135.38,55.34892,143229.39,Monday,December,2024,Beras Medium
2024-12-16,12952.844,17126.678,28.83287,-0.007985431,8.197664,Monday,December,2024,Kacang Hijau
2024-12-17,10038.64,11188.095,27491.277,55.222755,152873.1,Tuesday,December,2024,Beras Premium
2024-12-17,9351.699,10736.665,25593.896,55.34439,144035.52,Tuesday,December,2024,Beras Medium
2024-12-17,3632.4941,3925.4907,74957.8,71.34404,552679.0,Tuesday,December,2024,Jagung
2024-12-17,12951.419,17218.674,12.71955,-0.08405662,-28.6696,Tuesday,December,2024,Kacang Hijau
2024-12-18,12949.857,17256.635,2.5488222,-0.14250572,-63.771816,Wednesday,December,2024,Kacang Hijau
2024-12-18,10037.653,11189.402,27570.121,55.223667,153249.47,Wednesday,December,2024,Beras Premium
2024-12-18,3636.7021,3931.0137,75837.55,71.390465,559370.06,Wednesday,December,2024,Jagung
2024-12-18,9313.362,10602.782,25806.62,55.322052,143297.89,Wednesday,December,2024,Beras Medium
2024-12-19,9271.138,10459.235,25908.793,55.30529,142803.61,Thursday,December,2024,Beras Medium
2024-12-19,10031.546,11179.006,27587.92,55.224823,153325.16,Thursday,December,2024,Beras Premium
2024-12-19,3633.8765,3929.1282,77096.25,71.44732,569253.94,Thursday,December,2024,Jagung
2024-12-19,12949.947,17230.035,0.66188496,-0.14390938,-67.22308,Thursday,December,2024,Kacang Hijau
2024-12-20,3626.1484,3921.2612,77588.016,71.4654,573390.5,Friday,December,2024,Jagung
2024-12-20,12951.062,17180.797,4.109213,-0.11217019,-48.99747,Friday,December,2024,Kacang Hijau
2024-12-20,9267.48,10435.455,26039.076,55.294765,143732.2,Friday,December,2024,Beras Medium
2024-12-20,10024.208,11161.144,27457.701,55.223377,152559.17,Friday,December,2024,Beras Premium
2024-12-21,10021.808,11151.972,27322.383,55.221516,151803.8,Saturday,December,2024,Beras Premium
2024-12-21,3619.6824,3914.5574,76806.83,71.4343,568274.4,Saturday,December,2024,Jagung
2024-12-21,12951.367,17169.328,4.7105055,-0.07734679,-21.927273,Saturday,December,2024,Kacang Hijau
2024-12-21,9307.058,10561.831,26403.135,55.3176,147566.33,Saturday,December,2024,Beras Medium
2024-12-22,3620.6694,3915.2515,75724.484,71.382195,559890.44,Sunday,December,2024,Jagung
2024-12-22,9361.784,10743.259,26869.078,55.357018,152019.33,Sunday,December,2024,Beras Medium
2024-12-22,10026.01,11157.264,27265.072,55.219604,151535.77,Sunday,December,2024,Beras Premium
2024-12-22,12951.151,17213.678,-0.23134574,-0.079380006,-10.66208,Sunday,December,2024,Kacang Hijau
2024-12-23,9394.735,10843.174,27207.4,55.373356,153757.12,Monday,December,2024,Beras Medium
2024-12-23,12950.129,17297.672,-12.469756,-0.12292047,-25.788345,Monday,December,2024,Kacang Hijau
2024-12-23,3628.0876,3922.2192,75038.52,71.34604,553833.0,Monday,December,2024,Jagung
2024-12-23,10034.596,11175.379,27335.623,55.21949,152002.81,Monday,December,2024,Beras Premium
2024-12-24,9383.695,10799.994,27451.086,55.36239,153317.72,Tuesday,December,2024,Beras Medium
2024-12-24,12948.376,17374.611,-26.08078,-0.19041349,-60.87649,Tuesday,December,2024,Kacang Hijau
2024-12-24,3636.2188,3930.6387,75003.98,71.347115,552919.7,Tuesday,December,2024,Jagung
2024-12-24,10040.107,11189.692,27448.406,55.219814,152609.75,Tuesday,December,2024,Beras Premium
2024-12-25,3639.9202,3935.485,75869.09,71.3928,559522.3,Wednesday,December,2024,Jagung
2024-12-25,9340.522,10653.84,27463.197,55.333893,151424.03,Wednesday,December,2024,Beras Medium
2024-12-25,12946.802,17396.44,-33.154728,-0.23734964,-92.121155,Wednesday,December,2024,Kacang Hijau
2024-12-25,10038.603,11189.832,27530.764,55.22116,153004.97,Wednesday,December,2024,Beras Premium
2024-12-26,10032.128,11178.716,27553.201,55.222736,153107.53,Thursday,December,2024,Beras Premium
2024-12-26,12947.155,17353.383,-31.313675,-0.22675054,-90.77406,Thursday,December,2024,Kacang Hijau
2024-12-26,3636.6875,3932.979,77097.0,71.4496,569341.8,Thursday,December,2024,Jagung
2024-12-26,9301.885,10512.611,27261.912,55.29213,148894.31,Thursday,December,2024,Beras Medium
2024-12-27,12948.521,17288.531,-23.731987,-0.18541256,-68.62869,Friday,December,2024,Kacang Hijau
2024-12-27,3628.6238,3924.677,77579.36,71.46705,573409.6,Friday,December,2024,Jagung
2024-12-27,10024.546,11160.469,27428.244,55.221664,152372.75,Friday,December,2024,Beras Premium
2024-12-27,9296.58,10484.579,27229.469,55.278824,149013.66,Friday,December,2024,Beras Medium
2024-12-28,3621.8877,3917.6057,76794.65,71.43552,568265.7,Saturday,December,2024,Jagung
2024-12-28,10021.979,11151.133,27298.068,55.22014,151648.28,Saturday,December,2024,Beras Premium
2024-12-28,9334.701,10608.944,27493.596,55.302967,152428.52,Saturday,December,2024,Beras Medium
2024-12-28,12948.897,17262.469,-19.10284,-0.14365579,-39.113747,Saturday,December,2024,Kacang Hijau
2024-12-29,3622.6255,3918.031,75727.54,71.382614,559863.5,Sunday,December,2024,Jagung
2024-12-29,12948.72,17292.188,-20.651508,-0.13741246,-25.448574,Sunday,December,2024,Kacang Hijau
2024-12-29,9389.017,10789.737,27904.924,55.345783,156727.92,Sunday,December,2024,Beras Medium
2024-12-29,10026.064,11156.355,27245.156,55.2185,151406.78,Sunday,December,2024,Beras Premium
2024-12-30,3629.8245,3924.6829,75041.94,71.34638,553816.0,Monday,December,2024,Jagung
2024-12-30,12947.765,17361.932,-29.90891,-0.17190868,-38.210197,Monday,December,2024,Kacang Hijau
2024-12-30,10034.578,11174.4795,27319.498,55.21861,151897.25,Monday,December,2024,Beras Premium
2024-12-30,9415.2705,10878.392,28233.156,55.374992,158689.66,Monday,December,2024,Beras Medium
2024-12-31,10040.049,11188.8545,27435.55,55.219128,152524.81,Tuesday,December,2024,Beras Premium
2024-12-31,9400.599,10827.897,28392.152,55.362995,157844.48,Tuesday,December,2024,Beras Medium
2024-12-31,3637.7493,3932.8125,75006.75,71.34738,552904.9,Tuesday,December,2024,Jagung
2024-12-31,12946.109,17425.166,-40.618637,-0.22932911,-70.387665,Tuesday,December,2024,Kacang Hijau
