Tanggal,Komoditi,Harga Petani,Harga Pengecer,Tipe,Periode,tahun,Luas Panen,Produktivitas,Produksi,Hari,Bulan,Tahun,harga_petani_scaled,harga_pengecer_scaled,luas_panen_scaled,produktivitas_scaled,produksi_scaled,hari_sin,hari_cos,bulan_sin,bulan_cos,tahun_norm
2022-01-01,Beras Medium,8799.791087413378,9000.002196080404,Padi,Q1-2022,2022.0,38556.619999999995,55.20358781,212846.3758,1,1,2022,0.3632999646647139,0.20831415059790537,1.0,0.204491273721775,1.0,0.7818314824680298,0.6234898018587336,0.49999999999999994,0.8660254037844387,0.0
2022-01-02,Beras Medium,8799.789666863688,9000.0022254035,Padi,Q1-2022,2022.0,38556.619999999995,55.20358781,212846.3758,2,1,2022,0.3632991113921795,0.20831415988378543,1.0,0.204491273721775,1.0,0.9749279121818236,-0.22252093395631434,0.49999999999999994,0.8660254037844387,0.0
2022-01-03,Beras Medium,8800.0,9000.0,Padi,Q1-2022,2022.0,38556.619999999995,55.20358781,212846.3758,3,1,2022,0.3634254508575623,0.20831345515498256,1.0,0.204491273721775,1.0,0.43388373911755823,-0.900968867902419,0.49999999999999994,0.8660254037844387,0.0
2022-01-04,Beras Medium,8800.0,9000.0,Padi,Q1-2022,2022.0,38556.619999999995,55.20358781,212846.3758,4,1,2022,0.3634254508575623,0.20831345515498256,1.0,0.204491273721775,1.0,-0.433883739117558,-0.9009688679024191,0.49999999999999994,0.8660254037844387,0.0
2022-01-05,Beras Medium,8800.0,9000.0,Padi,Q1-2022,2022.0,38556.619999999995,55.20358781,212846.3758,5,1,2022,0.3634254508575623,0.20831345515498256,1.0,0.204491273721775,1.0,-0.9749279121818236,-0.2225209339563146,0.49999999999999994,0.8660254037844387,0.0
2022-01-06,Beras Medium,8800.0,9000.0,Padi,Q1-2022,2022.0,38556.619999999995,55.20358781,212846.3758,6,1,2022,0.3634254508575623,0.20831345515498256,1.0,0.204491273721775,1.0,-0.7818314824680299,0.6234898018587334,0.49999999999999994,0.8660254037844387,0.0
2022-01-07,Beras Medium,8800.0,9000.0,Padi,Q1-2022,2022.0,38556.619999999995,55.20358781,212846.3758,7,1,2022,0.3634254508575623,0.20831345515498256,1.0,0.204491273721775,1.0,-2.4492935982947064e-16,1.0,0.49999999999999994,0.8660254037844387,0.0
2022-01-08,Beras Medium,8799.781463286214,9000.001678230747,Padi,Q1-2022,2022.0,38556.619999999995,55.20358781,212846.3758,8,1,2022,0.3632941838015462,0.20831398660806322,1.0,0.204491273721775,1.0,0.7818314824680296,0.6234898018587337,0.49999999999999994,0.8660254037844387,0.0
2022-01-09,Beras Medium,8799.779167188219,9000.001441694154,Padi,Q1-2022,2022.0,38556.619999999995,55.20358781,212846.3758,9,1,2022,0.36329280461898694,0.2083139117029278,1.0,0.204491273721775,1.0,0.9749279121818237,-0.2225209339563141,0.49999999999999994,0.8660254037844387,0.0
2022-01-10,Beras Medium,8800.0,9000.0,Padi,Q1-2022,2022.0,38556.619999999995,55.20358781,212846.3758,10,1,2022,0.3634254508575623,0.20831345515498256,1.0,0.204491273721775,1.0,0.43388373911755845,-0.9009688679024189,0.49999999999999994,0.8660254037844387,0.0
2022-01-11,Beras Medium,8800.0,9000.0,Padi,Q1-2022,2022.0,38556.619999999995,55.20358781,212846.3758,11,1,2022,0.3634254508575623,0.20831345515498256,1.0,0.204491273721775,1.0,-0.4338837391175562,-0.90096886790242,0.49999999999999994,0.8660254037844387,0.0
2022-01-12,Beras Medium,8800.0,9000.0,Padi,Q1-2022,2022.0,38556.619999999995,55.20358781,212846.3758,12,1,2022,0.3634254508575623,0.20831345515498256,1.0,0.204491273721775,1.0,-0.9749279121818235,-0.2225209339563148,0.49999999999999994,0.8660254037844387,0.0
2022-01-13,Beras Medium,8800.0,9000.0,Padi,Q1-2022,2022.0,38556.619999999995,55.20358781,212846.3758,13,1,2022,0.3634254508575623,0.20831345515498256,1.0,0.204491273721775,1.0,-0.781831482468029,0.6234898018587346,0.49999999999999994,0.8660254037844387,0.0
2022-01-14,Beras Medium,8800.0,9000.0,Padi,Q1-2022,2022.0,38556.619999999995,55.20358781,212846.3758,14,1,2022,0.3634254508575623,0.20831345515498256,1.0,0.204491273721775,1.0,-4.898587196589413e-16,1.0,0.49999999999999994,0.8660254037844387,0.0
2022-01-15,Beras Medium,8799.786548867674,8999.999283646459,Padi,Q1-2022,2022.0,38556.619999999995,55.20358781,212846.3758,15,1,2022,0.3632972385253721,0.2083132283039988,1.0,0.204491273721775,1.0,0.7818314824680284,0.6234898018587354,0.49999999999999994,0.8660254037844387,0.0
2022-01-16,Beras Medium,8799.797947359706,8999.998846562423,Padi,Q1-2022,2022.0,38556.619999999995,55.20358781,212846.3758,16,1,2022,0.3633040851849847,0.2083130898905785,1.0,0.204491273721775,1.0,0.9749279121818237,-0.22252093395631387,0.49999999999999994,0.8660254037844387,0.0
2022-01-17,Beras Medium,8800.0,9000.0,Padi,Q1-2022,2022.0,38556.619999999995,55.20358781,212846.3758,17,1,2022,0.3634254508575623,0.20831345515498256,1.0,0.204491273721775,1.0,0.43388373911755707,-0.9009688679024196,0.49999999999999994,0.8660254037844387,0.0
2022-01-18,Beras Medium,8800.0,9000.0,Padi,Q1-2022,2022.0,38556.619999999995,55.20358781,212846.3758,18,1,2022,0.3634254508575623,0.20831345515498256,1.0,0.204491273721775,1.0,-0.43388373911755757,-0.9009688679024194,0.49999999999999994,0.8660254037844387,0.0
2022-01-19,Beras Medium,8800.0,9000.0,Padi,Q1-2022,2022.0,38556.619999999995,55.20358781,212846.3758,19,1,2022,0.3634254508575623,0.20831345515498256,1.0,0.204491273721775,1.0,-0.9749279121818235,-0.22252093395631506,0.49999999999999994,0.8660254037844387,0.0
2022-01-20,Beras Medium,8800.0,9000.0,Padi,Q1-2022,2022.0,38556.619999999995,55.20358781,212846.3758,20,1,2022,0.3634254508575623,0.20831345515498256,1.0,0.204491273721775,1.0,-0.7818314824680302,0.6234898018587329,0.49999999999999994,0.8660254037844387,0.0
2022-01-21,Beras Medium,8800.0,9000.0,Padi,Q1-2022,2022.0,38556.619999999995,55.20358781,212846.3758,21,1,2022,0.3634254508575623,0.20831345515498256,1.0,0.204491273721775,1.0,-7.347880794884119e-16,1.0,0.49999999999999994,0.8660254037844387,0.0
2022-01-22,Beras Medium,8800.166603565558,8999.996255170272,Padi,Q1-2022,2022.0,38556.619999999995,55.20358781,212846.3758,22,1,2022,0.36352552356019263,0.20831226926245927,1.0,0.204491273721775,1.0,0.7818314824680271,0.6234898018587369,0.49999999999999994,0.8660254037844387,0.0
2022-01-23,Beras Medium,8800.776739659947,8999.995885083887,Padi,Q1-2022,2022.0,38556.619999999995,55.20358781,212846.3758,23,1,2022,0.36389201012207106,0.2083121520654947,1.0,0.204491273721775,1.0,0.9749279121818238,-0.22252093395631362,0.49999999999999994,0.8660254037844387,0.0
2022-01-24,Beras Medium,8800.0,9000.0,Padi,Q1-2022,2022.0,38556.619999999995,55.20358781,212846.3758,24,1,2022,0.3634254508575623,0.20831345515498256,1.0,0.204491273721775,1.0,0.4338837391175589,-0.9009688679024188,0.49999999999999994,0.8660254037844387,0.0
2022-01-25,Beras Medium,8800.0,9000.0,Padi,Q1-2022,2022.0,38556.619999999995,55.20358781,212846.3758,25,1,2022,0.3634254508575623,0.20831345515498256,1.0,0.204491273721775,1.0,-0.43388373911755734,-0.9009688679024195,0.49999999999999994,0.8660254037844387,0.0
2022-01-26,Beras Medium,8800.0,9000.0,Padi,Q1-2022,2022.0,38556.619999999995,55.20358781,212846.3758,26,1,2022,0.3634254508575623,0.20831345515498256,1.0,0.204491273721775,1.0,-0.9749279121818242,-0.22252093395631184,0.49999999999999994,0.8660254037844387,0.0
2022-01-27,Beras Medium,8800.0,9000.0,Padi,Q1-2022,2022.0,38556.619999999995,55.20358781,212846.3758,27,1,2022,0.3634254508575623,0.20831345515498256,1.0,0.204491273721775,1.0,-0.7818314824680304,0.6234898018587328,0.49999999999999994,0.8660254037844387,0.0
2022-01-28,Beras Medium,8800.0,9000.0,Padi,Q1-2022,2022.0,38556.619999999995,55.20358781,212846.3758,28,1,2022,0.3634254508575623,0.20831345515498256,1.0,0.204491273721775,1.0,-9.797174393178826e-16,1.0,0.49999999999999994,0.8660254037844387,0.0
2022-01-29,Beras Medium,8799.764533876718,8999.994997195883,Padi,Q1-2022,2022.0,38556.619999999995,55.20358781,212846.3758,29,1,2022,0.36328401492096773,0.20831187089390024,1.0,0.204491273721775,1.0,0.7818314824680291,0.6234898018587344,0.49999999999999994,0.8660254037844387,0.0
2022-01-30,Beras Medium,8796.960223364267,8999.995242070358,Padi,Q1-2022,2022.0,38556.619999999995,55.20358781,212846.3758,30,1,2022,0.3615995675860235,0.20831194843943068,1.0,0.204491273721775,1.0,0.9749279121818246,-0.22252093395630992,0.49999999999999994,0.8660254037844387,0.0
2022-01-31,Beras Medium,8800.0,9000.0,Padi,Q1-2022,2022.0,38556.619999999995,55.20358781,212846.3758,31,1,2022,0.3634254508575623,0.20831345515498256,1.0,0.204491273721775,1.0,0.4338837391175591,-0.9009688679024187,0.49999999999999994,0.8660254037844387,0.0
2022-02-01,Beras Medium,8799.551511348309,9000.003160002161,Padi,Q1-2022,2022.0,38556.619999999995,55.20358781,212846.3758,1,2,2022,0.36315606003556233,0.20831445584745945,1.0,0.204491273721775,1.0,0.7818314824680298,0.6234898018587336,0.8660254037844386,0.5000000000000001,0.0
2022-02-02,Beras Medium,8800.0,9000.0,Padi,Q1-2022,2022.0,38556.619999999995,55.20358781,212846.3758,2,2,2022,0.3634254508575623,0.20831345515498256,1.0,0.204491273721775,1.0,0.9749279121818236,-0.22252093395631434,0.8660254037844386,0.5000000000000001,0.0
2022-02-03,Beras Medium,8800.0,9000.0,Padi,Q1-2022,2022.0,38556.619999999995,55.20358781,212846.3758,3,2,2022,0.3634254508575623,0.20831345515498256,1.0,0.204491273721775,1.0,0.43388373911755823,-0.900968867902419,0.8660254037844386,0.5000000000000001,0.0
2022-02-04,Beras Medium,8800.0,9000.0,Padi,Q1-2022,2022.0,38556.619999999995,55.20358781,212846.3758,4,2,2022,0.3634254508575623,0.20831345515498256,1.0,0.204491273721775,1.0,-0.433883739117558,-0.9009688679024191,0.8660254037844386,0.5000000000000001,0.0
2022-02-05,Beras Medium,8799.609126762862,9000.002674201083,Padi,Q1-2022,2022.0,38556.619999999995,55.20358781,212846.3758,5,2,2022,0.363190667519671,0.20831430200658874,1.0,0.204491273721775,1.0,-0.9749279121818236,-0.2225209339563146,0.8660254037844386,0.5000000000000001,0.0
2022-02-06,Beras Medium,8799.623278557487,9000.002534986164,Padi,Q1-2022,2022.0,38556.619999999995,55.20358781,212846.3758,6,2,2022,0.3631991679880153,0.20831425792075775,1.0,0.204491273721775,1.0,-0.7818314824680299,0.6234898018587334,0.8660254037844386,0.5000000000000001,0.0
2022-02-07,Beras Medium,8800.0,9000.0,Padi,Q1-2022,2022.0,38556.619999999995,55.20358781,212846.3758,7,2,2022,0.3634254508575623,0.20831345515498256,1.0,0.204491273721775,1.0,-2.4492935982947064e-16,1.0,0.8660254037844386,0.5000000000000001,0.0
2022-02-08,Beras Medium,8800.0,9000.0,Padi,Q1-2022,2022.0,38556.619999999995,55.20358781,212846.3758,8,2,2022,0.3634254508575623,0.20831345515498256,1.0,0.204491273721775,1.0,0.7818314824680296,0.6234898018587337,0.8660254037844386,0.5000000000000001,0.0
2022-02-09,Beras Medium,8800.0,9000.0,Padi,Q1-2022,2022.0,38556.619999999995,55.20358781,212846.3758,9,2,2022,0.3634254508575623,0.20831345515498256,1.0,0.204491273721775,1.0,0.9749279121818237,-0.2225209339563141,0.8660254037844386,0.5000000000000001,0.0
2022-02-10,Beras Medium,8800.0,9000.0,Padi,Q1-2022,2022.0,38556.619999999995,55.20358781,212846.3758,10,2,2022,0.3634254508575623,0.20831345515498256,1.0,0.204491273721775,1.0,0.43388373911755845,-0.9009688679024189,0.8660254037844386,0.5000000000000001,0.0
2022-02-11,Beras Medium,8800.0,9000.0,Padi,Q1-2022,2022.0,38556.619999999995,55.20358781,212846.3758,11,2,2022,0.3634254508575623,0.20831345515498256,1.0,0.204491273721775,1.0,-0.4338837391175562,-0.90096886790242,0.8660254037844386,0.5000000000000001,0.0
2022-02-12,Beras Medium,8799.697423442867,9000.001499662843,Padi,Q1-2022,2022.0,38556.619999999995,55.20358781,212846.3758,12,2,2022,0.36324370412409035,0.20831393006014043,1.0,0.204491273721775,1.0,-0.9749279121818235,-0.2225209339563148,0.8660254037844386,0.5000000000000001,0.0
2022-02-13,Beras Medium,8799.701586245825,9000.001293629042,Padi,Q1-2022,2022.0,38556.619999999995,55.20358781,212846.3758,13,2,2022,0.36324620456842993,0.20831386481446534,1.0,0.204491273721775,1.0,-0.781831482468029,0.6234898018587346,0.8660254037844386,0.5000000000000001,0.0
2022-02-14,Beras Medium,8800.0,9000.0,Padi,Q1-2022,2022.0,38556.619999999995,55.20358781,212846.3758,14,2,2022,0.3634254508575623,0.20831345515498256,1.0,0.204491273721775,1.0,-4.898587196589413e-16,1.0,0.8660254037844386,0.5000000000000001,0.0
2022-02-15,Beras Medium,8800.0,9000.0,Padi,Q1-2022,2022.0,38556.619999999995,55.20358781,212846.3758,15,2,2022,0.3634254508575623,0.20831345515498256,1.0,0.204491273721775,1.0,0.7818314824680284,0.6234898018587354,0.8660254037844386,0.5000000000000001,0.0
2022-02-16,Beras Medium,8800.0,9000.0,Padi,Q1-2022,2022.0,38556.619999999995,55.20358781,212846.3758,16,2,2022,0.3634254508575623,0.20831345515498256,1.0,0.204491273721775,1.0,0.9749279121818237,-0.22252093395631387,0.8660254037844386,0.5000000000000001,0.0
2022-02-17,Beras Medium,8800.0,9000.0,Padi,Q1-2022,2022.0,38556.619999999995,55.20358781,212846.3758,17,2,2022,0.3634254508575623,0.20831345515498256,1.0,0.204491273721775,1.0,0.43388373911755707,-0.9009688679024196,0.8660254037844386,0.5000000000000001,0.0
2022-02-18,Beras Medium,8800.0,9000.0,Padi,Q1-2022,2022.0,38556.619999999995,55.20358781,212846.3758,18,2,2022,0.3634254508575623,0.20831345515498256,1.0,0.204491273721775,1.0,-0.43388373911755757,-0.9009688679024194,0.8660254037844386,0.5000000000000001,0.0
2022-02-19,Beras Medium,8799.379138082533,8999.999901848198,Padi,Q1-2022,2022.0,38556.619999999995,55.20358781,212846.3758,19,2,2022,0.3630525216838487,0.20831342407279818,1.0,0.204491273721775,1.0,-0.9749279121818235,-0.22252093395631506,0.8660254037844386,0.5000000000000001,0.0
2022-02-20,Beras Medium,8798.288516383145,8999.99965080228,Padi,Q1-2022,2022.0,38556.619999999995,55.20358781,212846.3758,20,2,2022,0.362397424893814,0.20831334457292794,1.0,0.204491273721775,1.0,-0.7818314824680302,0.6234898018587329,0.8660254037844386,0.5000000000000001,0.0
2022-02-21,Beras Medium,8800.0,9000.0,Padi,Q1-2022,2022.0,38556.619999999995,55.20358781,212846.3758,21,2,2022,0.3634254508575623,0.20831345515498256,1.0,0.204491273721775,1.0,-7.347880794884119e-16,1.0,0.8660254037844386,0.5000000000000001,0.0
2022-02-22,Beras Medium,8800.0,9000.0,Padi,Q1-2022,2022.0,38556.619999999995,55.20358781,212846.3758,22,2,2022,0.3634254508575623,0.20831345515498256,1.0,0.204491273721775,1.0,0.7818314824680271,0.6234898018587369,0.8660254037844386,0.5000000000000001,0.0
2022-02-23,Beras Medium,8800.0,9000.0,Padi,Q1-2022,2022.0,38556.619999999995,55.20358781,212846.3758,23,2,2022,0.3634254508575623,0.20831345515498256,1.0,0.204491273721775,1.0,0.9749279121818238,-0.22252093395631362,0.8660254037844386,0.5000000000000001,0.0
2022-02-24,Beras Medium,8800.0,9000.0,Padi,Q1-2022,2022.0,38556.619999999995,55.20358781,212846.3758,24,2,2022,0.3634254508575623,0.20831345515498256,1.0,0.204491273721775,1.0,0.4338837391175589,-0.9009688679024188,0.8660254037844386,0.5000000000000001,0.0
2022-02-25,Beras Medium,8800.0,9000.0,Padi,Q1-2022,2022.0,38556.619999999995,55.20358781,212846.3758,25,2,2022,0.3634254508575623,0.20831345515498256,1.0,0.204491273721775,1.0,-0.43388373911755734,-0.9009688679024195,0.8660254037844386,0.5000000000000001,0.0
2022-02-26,Beras Medium,8777.32530049219,8999.998174147917,Padi,Q1-2022,2022.0,38556.619999999995,55.20358781,212846.3758,26,2,2022,0.34980558351869107,0.20831287695397194,1.0,0.204491273721775,1.0,-0.9749279121818242,-0.22252093395631184,0.8660254037844386,0.5000000000000001,0.0
2022-02-27,Beras Medium,8766.81854149068,8999.997972326557,Padi,Q1-2022,2022.0,38556.619999999995,55.20358781,212846.3758,27,2,2022,0.34349455550648944,0.20831281304226978,1.0,0.204491273721775,1.0,-0.7818314824680304,0.6234898018587328,0.8660254037844386,0.5000000000000001,0.0
2022-02-28,Beras Medium,8756.286647126888,8999.997804524108,Padi,Q1-2022,2022.0,38556.619999999995,55.20358781,212846.3758,28,2,2022,0.33716842959631155,0.2083127599034933,1.0,0.204491273721775,1.0,-9.797174393178826e-16,1.0,0.8660254037844386,0.5000000000000001,0.0
2022-03-01,Beras Medium,8741.84872463808,8999.997684186059,Padi,Q1-2022,2022.0,38556.619999999995,55.20358781,212846.3758,1,3,2022,0.32849609464965734,0.20831272179548765,1.0,0.204491273721775,1.0,0.7818314824680298,0.6234898018587336,1.0,6.123233995736766e-17,0.0
2022-03-02,Beras Medium,8800.0,9000.0,Padi,Q1-2022,2022.0,38556.619999999995,55.20358781,212846.3758,2,3,2022,0.3634254508575623,0.20831345515498256,1.0,0.204491273721775,1.0,0.9749279121818236,-0.22252093395631434,1.0,6.123233995736766e-17,0.0
2022-03-03,Beras Medium,8800.0,9000.0,Padi,Q1-2022,2022.0,38556.619999999995,55.20358781,212846.3758,3,3,2022,0.3634254508575623,0.20831345515498256,1.0,0.204491273721775,1.0,0.43388373911755823,-0.900968867902419,1.0,6.123233995736766e-17,0.0
2022-03-04,Beras Medium,8800.0,9000.0,Padi,Q1-2022,2022.0,38556.619999999995,55.20358781,212846.3758,4,3,2022,0.3634254508575623,0.20831345515498256,1.0,0.204491273721775,1.0,-0.433883739117558,-0.9009688679024191,1.0,6.123233995736766e-17,0.0
2022-03-05,Beras Medium,8696.409646022521,8999.99921214132,Padi,Q1-2022,2022.0,38556.619999999995,55.20358781,212846.3758,5,3,2022,0.3012024926977874,0.208313205660136,1.0,0.204491273721775,1.0,-0.9749279121818236,-0.2225209339563146,1.0,6.123233995736766e-17,0.0
2022-03-06,Beras Medium,8684.012633272407,8999.999163679484,Padi,Q1-2022,2022.0,38556.619999999995,55.20358781,212846.3758,6,3,2022,0.29375605800538107,0.2083131903135027,1.0,0.204491273721775,1.0,-0.7818314824680299,0.6234898018587334,1.0,6.123233995736766e-17,0.0
2022-03-07,Beras Medium,8671.76464790139,8999.999160379264,Padi,Q1-2022,2022.0,38556.619999999995,55.20358781,212846.3758,7,3,2022,0.2863991386396254,0.2083131892684067,1.0,0.204491273721775,1.0,-2.4492935982947064e-16,1.0,1.0,6.123233995736766e-17,0.0
2022-03-08,Beras Medium,8800.0,9000.0,Padi,Q1-2022,2022.0,38556.619999999995,55.20358781,212846.3758,8,3,2022,0.3634254508575623,0.20831345515498256,1.0,0.204491273721775,1.0,0.7818314824680296,0.6234898018587337,1.0,6.123233995736766e-17,0.0
2022-03-09,Beras Medium,8800.0,9000.0,Padi,Q1-2022,2022.0,38556.619999999995,55.20358781,212846.3758,9,3,2022,0.3634254508575623,0.20831345515498256,1.0,0.204491273721775,1.0,0.9749279121818237,-0.2225209339563141,1.0,6.123233995736766e-17,0.0
2022-03-10,Beras Medium,8800.0,9000.0,Padi,Q1-2022,2022.0,38556.619999999995,55.20358781,212846.3758,10,3,2022,0.3634254508575623,0.20831345515498256,1.0,0.204491273721775,1.0,0.43388373911755845,-0.9009688679024189,1.0,6.123233995736766e-17,0.0
2022-03-11,Beras Medium,8625.631689907155,8999.999634500637,Padi,Q1-2022,2022.0,38556.619999999995,55.20358781,212846.3758,11,3,2022,0.2586887485806635,0.20831333941061114,1.0,0.204491273721775,1.0,-0.4338837391175562,-0.90096886790242,1.0,6.123233995736766e-17,0.0
2022-03-12,Beras Medium,8614.788598734554,8999.999867036206,Padi,Q1-2022,2022.0,38556.619999999995,55.20358781,212846.3758,12,3,2022,0.2521756980653418,0.20831341304872364,1.0,0.204491273721775,1.0,-0.9749279121818235,-0.2225209339563148,1.0,6.123233995736766e-17,0.0
2022-03-13,Beras Medium,8604.131238720181,9000.0001354085,Padi,Q1-2022,2022.0,38556.619999999995,55.20358781,212846.3758,13,3,2022,0.24577420950191708,0.20831349803541732,1.0,0.204491273721775,1.0,-0.781831482468029,0.6234898018587346,1.0,6.123233995736766e-17,0.0
2022-03-14,Beras Medium,8800.0,9000.0,Padi,Q1-2022,2022.0,38556.619999999995,55.20358781,212846.3758,14,3,2022,0.3634254508575623,0.20831345515498256,1.0,0.204491273721775,1.0,-4.898587196589413e-16,1.0,1.0,6.123233995736766e-17,0.0
2022-03-15,Beras Medium,8800.0,9000.0,Padi,Q1-2022,2022.0,38556.619999999995,55.20358781,212846.3758,15,3,2022,0.3634254508575623,0.20831345515498256,1.0,0.204491273721775,1.0,0.7818314824680284,0.6234898018587354,1.0,6.123233995736766e-17,0.0
2022-03-16,Beras Medium,8800.0,9000.0,Padi,Q1-2022,2022.0,38556.619999999995,55.20358781,212846.3758,16,3,2022,0.3634254508575623,0.20831345515498256,1.0,0.204491273721775,1.0,0.9749279121818237,-0.22252093395631387,1.0,6.123233995736766e-17,0.0
2022-03-17,Beras Medium,8800.0,9000.0,Padi,Q1-2022,2022.0,38556.619999999995,55.20358781,212846.3758,17,3,2022,0.3634254508575623,0.20831345515498256,1.0,0.204491273721775,1.0,0.43388373911755707,-0.9009688679024196,1.0,6.123233995736766e-17,0.0
2022-03-18,Beras Medium,8800.0,9000.0,Padi,Q1-2022,2022.0,38556.619999999995,55.20358781,212846.3758,18,3,2022,0.3634254508575623,0.20831345515498256,1.0,0.204491273721775,1.0,-0.43388373911755757,-0.9009688679024194,1.0,6.123233995736766e-17,0.0
2022-03-19,Beras Medium,8541.198132801075,9000.002020470825,Padi,Q1-2022,2022.0,38556.619999999995,55.20358781,212846.3758,19,3,2022,0.2079725815885638,0.2083140949868092,1.0,0.204491273721775,1.0,-0.9749279121818235,-0.22252093395631506,1.0,6.123233995736766e-17,0.0
2022-03-20,Beras Medium,8531.363290689163,9000.002295830809,Padi,Q1-2022,2022.0,38556.619999999995,55.20358781,212846.3758,20,3,2022,0.20206514961501743,0.20831418218632702,1.0,0.204491273721775,1.0,-0.7818314824680302,0.6234898018587329,1.0,6.123233995736766e-17,0.0
2022-03-21,Beras Medium,8400.0,9000.0,Padi,Q1-2022,2022.0,38556.619999999995,55.20358781,212846.3758,21,3,2022,0.12315999844564107,0.20831345515498256,1.0,0.204491273721775,1.0,-7.347880794884119e-16,1.0,1.0,6.123233995736766e-17,0.0
2022-03-22,Beras Medium,8400.0,9000.0,Padi,Q1-2022,2022.0,38556.619999999995,55.20358781,212846.3758,22,3,2022,0.12315999844564107,0.20831345515498256,1.0,0.204491273721775,1.0,0.7818314824680271,0.6234898018587369,1.0,6.123233995736766e-17,0.0
2022-03-23,Beras Medium,8400.0,9000.0,Padi,Q1-2022,2022.0,38556.619999999995,55.20358781,212846.3758,23,3,2022,0.12315999844564107,0.20831345515498256,1.0,0.204491273721775,1.0,0.9749279121818238,-0.22252093395631362,1.0,6.123233995736766e-17,0.0
2022-03-24,Beras Medium,8400.0,9000.0,Padi,Q1-2022,2022.0,38556.619999999995,55.20358781,212846.3758,24,3,2022,0.12315999844564107,0.20831345515498256,1.0,0.204491273721775,1.0,0.4338837391175589,-0.9009688679024188,1.0,6.123233995736766e-17,0.0
2022-03-25,Beras Medium,8400.0,9000.0,Padi,Q1-2022,2022.0,38556.619999999995,55.20358781,212846.3758,25,3,2022,0.12315999844564107,0.20831345515498256,1.0,0.204491273721775,1.0,-0.43388373911755734,-0.9009688679024195,1.0,6.123233995736766e-17,0.0
2022-03-26,Beras Medium,8466.142946553187,9000.003028388304,Padi,Q1-2022,2022.0,38556.619999999995,55.20358781,212846.3758,26,3,2022,0.1628896608892889,0.2083144141686919,1.0,0.204491273721775,1.0,-0.9749279121818242,-0.22252093395631184,1.0,6.123233995736766e-17,0.0
2022-03-27,Beras Medium,8458.057943064705,9000.002929015864,Padi,Q1-2022,2022.0,38556.619999999995,55.20358781,212846.3758,27,3,2022,0.15803329333700855,0.20831438269996205,1.0,0.204491273721775,1.0,-0.7818314824680304,0.6234898018587328,1.0,6.123233995736766e-17,0.0
2022-03-28,Beras Medium,8400.0,9000.0,Padi,Q1-2022,2022.0,38556.619999999995,55.20358781,212846.3758,28,3,2022,0.12315999844564107,0.20831345515498256,1.0,0.204491273721775,1.0,-9.797174393178826e-16,1.0,1.0,6.123233995736766e-17,0.0
2022-03-29,Beras Medium,8400.0,9000.0,Padi,Q1-2022,2022.0,38556.619999999995,55.20358781,212846.3758,29,3,2022,0.12315999844564107,0.20831345515498256,1.0,0.204491273721775,1.0,0.7818314824680291,0.6234898018587344,1.0,6.123233995736766e-17,0.0
2022-03-30,Beras Medium,8400.0,9000.0,Padi,Q1-2022,2022.0,38556.619999999995,55.20358781,212846.3758,30,3,2022,0.12315999844564107,0.20831345515498256,1.0,0.204491273721775,1.0,0.9749279121818246,-0.22252093395630992,1.0,6.123233995736766e-17,0.0
2022-03-31,Beras Medium,8400.0,9000.0,Padi,Q1-2022,2022.0,38556.619999999995,55.20358781,212846.3758,31,3,2022,0.12315999844564107,0.20831345515498256,1.0,0.204491273721775,1.0,0.4338837391175591,-0.9009688679024187,1.0,6.123233995736766e-17,0.0
2022-04-01,Beras Medium,8409.832309703017,8999.994844484474,Padi,Q1-2022,2022.0,38556.619999999995,55.20358781,212846.3758,1,4,2022,0.12906590929326534,0.208311822534073,1.0,0.204491273721775,1.0,0.7818314824680298,0.6234898018587336,0.8660254037844387,-0.4999999999999998,0.0
2022-04-02,Beras Medium,8400.815792751991,8999.994589605783,Padi,Q1-2022,2022.0,38556.619999999995,55.20358781,212846.3758,2,4,2022,0.12365001548222043,0.2083117418204612,1.0,0.204491273721775,1.0,0.9749279121818236,-0.22252093395631434,0.8660254037844387,-0.4999999999999998,0.0
2022-04-03,Beras Medium,8391.761831531987,8999.994402108552,Padi,Q1-2022,2022.0,38556.619999999995,55.20358781,212846.3758,3,4,2022,0.11821163026060955,0.208311682444847,1.0,0.204491273721775,1.0,0.43388373911755823,-0.900968867902419,0.8660254037844387,-0.4999999999999998,0.0
2022-04-04,Beras Medium,8700.0,9000.0,Padi,Q1-2022,2022.0,38556.619999999995,55.20358781,212846.3758,4,4,2022,0.30335908775458176,0.20831345515498256,1.0,0.204491273721775,1.0,-0.433883739117558,-0.9009688679024191,0.8660254037844387,-0.4999999999999998,0.0
2022-04-05,Beras Medium,8700.0,9000.0,Padi,Q1-2022,2022.0,38556.619999999995,55.20358781,212846.3758,5,4,2022,0.30335908775458176,0.20831345515498256,1.0,0.204491273721775,1.0,-0.9749279121818236,-0.2225209339563146,0.8660254037844387,-0.4999999999999998,0.0
2022-04-06,Beras Medium,8700.0,9000.0,Padi,Q1-2022,2022.0,38556.619999999995,55.20358781,212846.3758,6,4,2022,0.30335908775458176,0.20831345515498256,1.0,0.204491273721775,1.0,-0.7818314824680299,0.6234898018587334,0.8660254037844387,-0.4999999999999998,0.0
2022-04-07,Beras Medium,8700.0,9000.0,Padi,Q1-2022,2022.0,38556.619999999995,55.20358781,212846.3758,7,4,2022,0.30335908775458176,0.20831345515498256,1.0,0.204491273721775,1.0,-2.4492935982947064e-16,1.0,0.8660254037844387,-0.4999999999999998,0.0
2022-04-08,Beras Medium,8700.0,9000.0,Padi,Q1-2022,2022.0,38556.619999999995,55.20358781,212846.3758,8,4,2022,0.30335908775458176,0.20831345515498256,1.0,0.204491273721775,1.0,0.7818314824680296,0.6234898018587337,0.8660254037844387,-0.4999999999999998,0.0
2022-04-09,Beras Medium,8332.7144718705,8999.995312971843,Padi,Q1-2022,2022.0,38556.619999999995,55.20358781,212846.3758,9,4,2022,0.08274402880361809,0.20831197089213171,1.0,0.204491273721775,1.0,0.9749279121818237,-0.2225209339563141,0.8660254037844387,-0.4999999999999998,0.0
2022-04-10,Beras Medium,8320.935470666715,8999.995855579538,Padi,Q1-2022,2022.0,38556.619999999995,55.20358781,212846.3758,10,4,2022,0.07566881117064739,0.2083121427222161,1.0,0.204491273721775,1.0,0.43388373911755845,-0.9009688679024189,0.8660254037844387,-0.4999999999999998,0.0
2022-04-11,Beras Medium,8200.0,9000.0,Padi,Q1-2022,2022.0,38556.619999999995,55.20358781,212846.3758,11,4,2022,0.0030272722396809115,0.20831345515498256,1.0,0.204491273721775,1.0,-0.4338837391175562,-0.90096886790242,0.8660254037844387,-0.4999999999999998,0.0
2022-04-12,Beras Medium,8200.0,9000.0,Padi,Q1-2022,2022.0,38556.619999999995,55.20358781,212846.3758,12,4,2022,0.0030272722396809115,0.20831345515498256,1.0,0.204491273721775,1.0,-0.9749279121818235,-0.2225209339563148,0.8660254037844387,-0.4999999999999998,0.0
2022-04-13,Beras Medium,8200.0,9000.0,Padi,Q1-2022,2022.0,38556.619999999995,55.20358781,212846.3758,13,4,2022,0.0030272722396809115,0.20831345515498256,1.0,0.204491273721775,1.0,-0.781831482468029,0.6234898018587346,0.8660254037844387,-0.4999999999999998,0.0
2022-04-14,Beras Medium,8200.0,9000.0,Padi,Q1-2022,2022.0,38556.619999999995,55.20358781,212846.3758,14,4,2022,0.0030272722396809115,0.20831345515498256,1.0,0.204491273721775,1.0,-4.898587196589413e-16,1.0,0.8660254037844387,-0.4999999999999998,0.0
2022-04-15,Beras Medium,8253.193503715933,9000.000019488489,Padi,Q1-2022,2022.0,38556.619999999995,55.20358781,212846.3758,15,4,2022,0.03497867532889032,0.2083134613264921,1.0,0.204491273721775,1.0,0.7818314824680284,0.6234898018587354,0.8660254037844387,-0.4999999999999998,0.0
2022-04-16,Beras Medium,8241.987479150608,9000.001062861651,Padi,Q1-2022,2022.0,38556.619999999995,55.20358781,212846.3758,16,4,2022,0.028247623924072762,0.20831379173628983,1.0,0.204491273721775,1.0,0.9749279121818237,-0.22252093395631387,0.8660254037844387,-0.4999999999999998,0.0
2022-04-17,Beras Medium,8233.057924110872,9000.002143825763,Padi,Q1-2022,2022.0,38556.619999999995,55.20358781,212846.3758,17,4,2022,0.022883964970424664,0.20831413405018706,1.0,0.204491273721775,1.0,0.43388373911755707,-0.9009688679024196,0.8660254037844387,-0.4999999999999998,0.0
2022-04-18,Beras Medium,8200.0,9000.0,Padi,Q1-2022,2022.0,38556.619999999995,55.20358781,212846.3758,18,4,2022,0.0030272722396809115,0.20831345515498256,1.0,0.204491273721775,1.0,-0.43388373911755757,-0.9009688679024194,0.8660254037844387,-0.4999999999999998,0.0
2022-04-19,Beras Medium,8200.0,9000.0,Padi,Q1-2022,2022.0,38556.619999999995,55.20358781,212846.3758,19,4,2022,0.0030272722396809115,0.20831345515498256,1.0,0.204491273721775,1.0,-0.9749279121818235,-0.22252093395631506,0.8660254037844387,-0.4999999999999998,0.0
2022-04-20,Beras Medium,8200.0,9000.0,Padi,Q1-2022,2022.0,38556.619999999995,55.20358781,212846.3758,20,4,2022,0.0030272722396809115,0.20831345515498256,1.0,0.204491273721775,1.0,-0.7818314824680302,0.6234898018587329,0.8660254037844387,-0.4999999999999998,0.0
2022-04-21,Beras Medium,8200.0,9000.0,Padi,Q1-2022,2022.0,38556.619999999995,55.20358781,212846.3758,21,4,2022,0.0030272722396809115,0.20831345515498256,1.0,0.204491273721775,1.0,-7.347880794884119e-16,1.0,0.8660254037844387,-0.4999999999999998,0.0
2022-04-22,Beras Medium,8200.0,9000.0,Padi,Q1-2022,2022.0,38556.619999999995,55.20358781,212846.3758,22,4,2022,0.0030272722396809115,0.20831345515498256,1.0,0.204491273721775,1.0,0.7818314824680271,0.6234898018587369,0.8660254037844387,-0.4999999999999998,0.0
2022-04-23,Beras Medium,8203.382941455797,9000.008493640233,Padi,Q1-2022,2022.0,38556.619999999995,55.20358781,212846.3758,23,4,2022,0.005059282138081045,0.20831614487525796,1.0,0.204491273721775,1.0,0.9749279121818238,-0.22252093395631362,0.8660254037844387,-0.4999999999999998,0.0
2022-04-24,Beras Medium,8202.863727064154,9000.009331617459,Padi,Q1-2022,2022.0,38556.619999999995,55.20358781,212846.3758,24,4,2022,0.004747408936313313,0.20831641024137593,1.0,0.204491273721775,1.0,0.4338837391175589,-0.9009688679024188,0.8660254037844387,-0.4999999999999998,0.0
2022-04-25,Beras Medium,8200.0,9000.0,Padi,Q1-2022,2022.0,38556.619999999995,55.20358781,212846.3758,25,4,2022,0.0030272722396809115,0.20831345515498256,1.0,0.204491273721775,1.0,-0.43388373911755734,-0.9009688679024195,0.8660254037844387,-0.4999999999999998,0.0
2022-04-26,Beras Medium,8200.0,9000.0,Padi,Q1-2022,2022.0,38556.619999999995,55.20358781,212846.3758,26,4,2022,0.0030272722396809115,0.20831345515498256,1.0,0.204491273721775,1.0,-0.9749279121818242,-0.22252093395631184,0.8660254037844387,-0.4999999999999998,0.0
2022-04-27,Beras Medium,8200.0,9000.0,Padi,Q1-2022,2022.0,38556.619999999995,55.20358781,212846.3758,27,4,2022,0.0030272722396809115,0.20831345515498256,1.0,0.204491273721775,1.0,-0.7818314824680304,0.6234898018587328,0.8660254037844387,-0.4999999999999998,0.0
2022-04-28,Beras Medium,8200.0,9000.0,Padi,Q1-2022,2022.0,38556.619999999995,55.20358781,212846.3758,28,4,2022,0.0030272722396809115,0.20831345515498256,1.0,0.204491273721775,1.0,-9.797174393178826e-16,1.0,0.8660254037844387,-0.4999999999999998,0.0
2022-04-29,Beras Medium,8200.0,9000.0,Padi,Q1-2022,2022.0,38556.619999999995,55.20358781,212846.3758,29,4,2022,0.0030272722396809115,0.20831345515498256,1.0,0.204491273721775,1.0,0.7818314824680291,0.6234898018587344,0.8660254037844387,-0.4999999999999998,0.0
2022-04-30,Beras Medium,8194.960120634421,9000.009212302906,Padi,Q1-2022,2022.0,38556.619999999995,55.20358781,212846.3758,30,4,2022,0.0,0.2083163724574857,1.0,0.204491273721775,1.0,0.9749279121818246,-0.22252093395630992,0.8660254037844387,-0.4999999999999998,0.0
2022-05-01,Beras Medium,8200.27989851893,9000.00770888052,Padi,Q2-2022,2022.0,12599.0,54.27975236000001,68387.06,1,5,2022,0.003195397100380859,0.20831589636177572,0.18031580458481872,0.0,0.1735371405660902,0.7818314824680298,0.6234898018587336,0.49999999999999994,-0.8660254037844387,0.0
2022-05-02,Beras Medium,8200.295509293792,9000.005632783388,Padi,Q2-2022,2022.0,12599.0,54.27975236000001,68387.06,2,5,2022,0.0032047739250931073,0.20831523891450976,0.18031580458481872,0.0,0.1735371405660902,0.9749279121818236,-0.22252093395631434,0.49999999999999994,-0.8660254037844387,0.0
2022-05-03,Beras Medium,8200.30908865876,9000.002983915325,Padi,Q2-2022,2022.0,12599.0,54.27975236000001,68387.06,3,5,2022,0.0032129305557617727,0.20831440008522817,0.18031580458481872,0.0,0.1735371405660902,0.43388373911755823,-0.900968867902419,0.49999999999999994,-0.8660254037844387,0.0
2022-05-04,Beras Medium,8200.0,9000.0,Padi,Q2-2022,2022.0,12599.0,54.27975236000001,68387.06,4,5,2022,0.0030272722396809115,0.20831345515498256,0.18031580458481872,0.0,0.1735371405660902,-0.433883739117558,-0.9009688679024191,0.49999999999999994,-0.8660254037844387,0.0
2022-05-05,Beras Medium,8200.0,9000.0,Padi,Q2-2022,2022.0,12599.0,54.27975236000001,68387.06,5,5,2022,0.0030272722396809115,0.20831345515498256,0.18031580458481872,0.0,0.1735371405660902,-0.9749279121818236,-0.2225209339563146,0.49999999999999994,-0.8660254037844387,0.0
2022-05-06,Beras Medium,8200.0,9000.0,Padi,Q2-2022,2022.0,12599.0,54.27975236000001,68387.06,6,5,2022,0.0030272722396809115,0.20831345515498256,0.18031580458481872,0.0,0.1735371405660902,-0.7818314824680299,0.6234898018587334,0.49999999999999994,-0.8660254037844387,0.0
2022-05-07,Beras Medium,8200.352081244757,8999.988401138517,Padi,Q2-2022,2022.0,12599.0,54.27975236000001,68387.06,7,5,2022,0.0032387546385734822,0.208309782089954,0.18031580458481872,0.0,0.1735371405660902,-2.4492935982947064e-16,1.0,0.49999999999999994,-0.8660254037844387,0.0
2022-05-08,Beras Medium,8200.361608956762,8999.984442054565,Padi,Q2-2022,2022.0,12599.0,54.27975236000001,68387.06,8,5,2022,0.00324447758866242,0.20830852834855618,0.18031580458481872,0.0,0.1735371405660902,0.7818314824680296,0.6234898018587337,0.49999999999999994,-0.8660254037844387,0.0
2022-05-09,Beras Medium,8200.0,9000.0,Padi,Q2-2022,2022.0,12599.0,54.27975236000001,68387.06,9,5,2022,0.0030272722396809115,0.20831345515498256,0.18031580458481872,0.0,0.1735371405660902,0.9749279121818237,-0.2225209339563141,0.49999999999999994,-0.8660254037844387,0.0
2022-05-10,Beras Medium,8200.0,9000.0,Padi,Q2-2022,2022.0,12599.0,54.27975236000001,68387.06,10,5,2022,0.0030272722396809115,0.20831345515498256,0.18031580458481872,0.0,0.1735371405660902,0.43388373911755845,-0.9009688679024189,0.49999999999999994,-0.8660254037844387,0.0
2022-05-11,Beras Medium,8200.0,9000.0,Padi,Q2-2022,2022.0,12599.0,54.27975236000001,68387.06,11,5,2022,0.0030272722396809115,0.20831345515498256,0.18031580458481872,0.0,0.1735371405660902,-0.4338837391175562,-0.90096886790242,0.49999999999999994,-0.8660254037844387,0.0
2022-05-12,Beras Medium,8200.0,9000.0,Padi,Q2-2022,2022.0,12599.0,54.27975236000001,68387.06,12,5,2022,0.0030272722396809115,0.20831345515498256,0.18031580458481872,0.0,0.1735371405660902,-0.9749279121818235,-0.2225209339563148,0.49999999999999994,-0.8660254037844387,0.0
2022-05-13,Beras Medium,8200.0,9000.0,Padi,Q2-2022,2022.0,12599.0,54.27975236000001,68387.06,13,5,2022,0.0030272722396809115,0.20831345515498256,0.18031580458481872,0.0,0.1735371405660902,-0.781831482468029,0.6234898018587346,0.49999999999999994,-0.8660254037844387,0.0
2022-05-14,Beras Medium,8200.413002572303,8999.969052775486,Padi,Q2-2022,2022.0,12599.0,54.27975236000001,68387.06,14,5,2022,0.00327534786438477,0.20830365495448344,0.18031580458481872,0.0,0.1735371405660902,-4.898587196589413e-16,1.0,0.49999999999999994,-0.8660254037844387,0.0
2022-05-15,Beras Medium,8200.418969211814,8999.969228018937,Padi,Q2-2022,2022.0,12599.0,54.27975236000001,68387.06,15,5,2022,0.0032789318077384166,0.20830371044963636,0.18031580458481872,0.0,0.1735371405660902,0.7818314824680284,0.6234898018587354,0.49999999999999994,-0.8660254037844387,0.0
2022-05-16,Beras Medium,8200.423399439267,8999.970500606147,Padi,Q2-2022,2022.0,12599.0,54.27975236000001,68387.06,16,5,2022,0.0032815928842468978,0.20830411344570487,0.18031580458481872,0.0,0.1735371405660902,0.9749279121818237,-0.22252093395631387,0.49999999999999994,-0.8660254037844387,0.0
2022-05-17,Beras Medium,8200.0,9000.0,Padi,Q2-2022,2022.0,12599.0,54.27975236000001,68387.06,17,5,2022,0.0030272722396809115,0.20831345515498256,0.18031580458481872,0.0,0.1735371405660902,0.43388373911755707,-0.9009688679024196,0.49999999999999994,-0.8660254037844387,0.0
2022-05-18,Beras Medium,8200.0,9000.0,Padi,Q2-2022,2022.0,12599.0,54.27975236000001,68387.06,18,5,2022,0.0030272722396809115,0.20831345515498256,0.18031580458481872,0.0,0.1735371405660902,-0.43388373911755757,-0.9009688679024194,0.49999999999999994,-0.8660254037844387,0.0
2022-05-19,Beras Medium,8200.0,9000.0,Padi,Q2-2022,2022.0,12599.0,54.27975236000001,68387.06,19,5,2022,0.0030272722396809115,0.20831345515498256,0.18031580458481872,0.0,0.1735371405660902,-0.9749279121818235,-0.22252093395631506,0.49999999999999994,-0.8660254037844387,0.0
2022-05-20,Beras Medium,8200.0,9000.0,Padi,Q2-2022,2022.0,12599.0,54.27975236000001,68387.06,20,5,2022,0.0030272722396809115,0.20831345515498256,0.18031580458481872,0.0,0.1735371405660902,-0.7818314824680302,0.6234898018587329,0.49999999999999994,-0.8660254037844387,0.0
2022-05-21,Beras Medium,8197.00190687048,8999.994847616359,Padi,Q2-2022,2022.0,12599.0,54.27975236000001,68387.06,21,5,2022,0.0012264267343375934,0.20831182352586142,0.18031580458481872,0.0,0.1735371405660902,-7.347880794884119e-16,1.0,0.49999999999999994,-0.8660254037844387,0.0
2022-05-22,Beras Medium,8197.855757753778,9000.003154394251,Padi,Q2-2022,2022.0,12599.0,54.27975236000001,68387.06,22,5,2022,0.0017393039062572058,0.2083144540715769,0.18031580458481872,0.0,0.1735371405660902,0.7818314824680271,0.6234898018587369,0.49999999999999994,-0.8660254037844387,0.0
2022-05-23,Beras Medium,8200.0,9000.0,Padi,Q2-2022,2022.0,12599.0,54.27975236000001,68387.06,23,5,2022,0.0030272722396809115,0.20831345515498256,0.18031580458481872,0.0,0.1735371405660902,0.9749279121818238,-0.22252093395631362,0.49999999999999994,-0.8660254037844387,0.0
2022-05-24,Beras Medium,8200.0,9000.0,Padi,Q2-2022,2022.0,12599.0,54.27975236000001,68387.06,24,5,2022,0.0030272722396809115,0.20831345515498256,0.18031580458481872,0.0,0.1735371405660902,0.4338837391175589,-0.9009688679024188,0.49999999999999994,-0.8660254037844387,0.0
2022-05-25,Beras Medium,8200.0,9000.0,Padi,Q2-2022,2022.0,12599.0,54.27975236000001,68387.06,25,5,2022,0.0030272722396809115,0.20831345515498256,0.18031580458481872,0.0,0.1735371405660902,-0.43388373911755734,-0.9009688679024195,0.49999999999999994,-0.8660254037844387,0.0
2022-05-26,Beras Medium,8200.06664491138,9000.0,Padi,Q2-2022,2022.0,12599.0,54.27975236000001,68387.06,26,5,2022,0.0030673034141397437,0.20831345515498256,0.18031580458481872,0.0,0.1735371405660902,-0.9749279121818242,-0.22252093395631184,0.49999999999999994,-0.8660254037844387,0.0
2022-05-27,Beras Medium,8200.0,9000.0,Padi,Q2-2022,2022.0,12599.0,54.27975236000001,68387.06,27,5,2022,0.0030272722396809115,0.20831345515498256,0.18031580458481872,0.0,0.1735371405660902,-0.7818314824680304,0.6234898018587328,0.49999999999999994,-0.8660254037844387,0.0
2022-05-28,Beras Medium,8200.27240656996,9000.058750617507,Padi,Q2-2022,2022.0,12599.0,54.27975236000001,68387.06,28,5,2022,0.003190896959109679,0.20833205998433524,0.18031580458481872,0.0,0.1735371405660902,-9.797174393178826e-16,1.0,0.49999999999999994,-0.8660254037844387,0.0
2022-05-29,Beras Medium,8200.29501588685,9000.064766567384,Padi,Q2-2022,2022.0,12599.0,54.27975236000001,68387.06,29,5,2022,0.003204477553487628,0.2083339650829643,0.18031580458481872,0.0,0.1735371405660902,0.7818314824680291,0.6234898018587344,0.49999999999999994,-0.8660254037844387,0.0
2022-05-30,Beras Medium,8200.0,9000.0,Padi,Q2-2022,2022.0,12599.0,54.27975236000001,68387.06,30,5,2022,0.0030272722396809115,0.20831345515498256,0.18031580458481872,0.0,0.1735371405660902,0.9749279121818246,-0.22252093395630992,0.49999999999999994,-0.8660254037844387,0.0
2022-05-31,Beras Medium,8200.0,9000.0,Padi,Q2-2022,2022.0,12599.0,54.27975236000001,68387.06,31,5,2022,0.0030272722396809115,0.20831345515498256,0.18031580458481872,0.0,0.1735371405660902,0.4338837391175591,-0.9009688679024187,0.49999999999999994,-0.8660254037844387,0.0
2022-06-01,Beras Medium,8200.312560409484,9000.065973366849,Padi,Q2-2022,2022.0,12599.0,54.27975236000001,68387.06,1,6,2022,0.0032150159101576037,0.20833434724572353,0.18031580458481872,0.0,0.1735371405660902,0.7818314824680298,0.6234898018587336,1.2246467991473532e-16,-1.0,0.0
2022-06-02,Beras Medium,8200.0,9000.0,Padi,Q2-2022,2022.0,12599.0,54.27975236000001,68387.06,2,6,2022,0.0030272722396809115,0.20831345515498256,0.18031580458481872,0.0,0.1735371405660902,0.9749279121818236,-0.22252093395631434,1.2246467991473532e-16,-1.0,0.0
2022-06-03,Beras Medium,8200.0,9000.0,Padi,Q2-2022,2022.0,12599.0,54.27975236000001,68387.06,3,6,2022,0.0030272722396809115,0.20831345515498256,0.18031580458481872,0.0,0.1735371405660902,0.43388373911755823,-0.900968867902419,1.2246467991473532e-16,-1.0,0.0
2022-06-04,Beras Medium,8200.290908480187,9000.035222417982,Padi,Q2-2022,2022.0,12599.0,54.27975236000001,68387.06,4,6,2022,0.0032020103836867264,0.2083246092007398,0.18031580458481872,0.0,0.1735371405660902,-0.433883739117558,-0.9009688679024191,1.2246467991473532e-16,-1.0,0.0
2022-06-05,Beras Medium,8200.278204426639,9000.018579118814,Padi,Q2-2022,2022.0,12599.0,54.27975236000001,68387.06,5,6,2022,0.003194379520754076,0.2083193386903348,0.18031580458481872,0.0,0.1735371405660902,-0.9749279121818236,-0.2225209339563146,1.2246467991473532e-16,-1.0,0.0
2022-06-06,Beras Medium,8200.0,9000.0,Padi,Q2-2022,2022.0,12599.0,54.27975236000001,68387.06,6,6,2022,0.0030272722396809115,0.20831345515498256,0.18031580458481872,0.0,0.1735371405660902,-0.7818314824680299,0.6234898018587334,1.2246467991473532e-16,-1.0,0.0
2022-06-07,Beras Medium,8200.0,9000.0,Padi,Q2-2022,2022.0,12599.0,54.27975236000001,68387.06,7,6,2022,0.0030272722396809115,0.20831345515498256,0.18031580458481872,0.0,0.1735371405660902,-2.4492935982947064e-16,1.0,1.2246467991473532e-16,-1.0,0.0
2022-06-08,Beras Medium,8200.0,9000.0,Padi,Q2-2022,2022.0,12599.0,54.27975236000001,68387.06,8,6,2022,0.0030272722396809115,0.20831345515498256,0.18031580458481872,0.0,0.1735371405660902,0.7818314824680296,0.6234898018587337,1.2246467991473532e-16,-1.0,0.0
2022-06-09,Beras Medium,8200.0,9000.0,Padi,Q2-2022,2022.0,12599.0,54.27975236000001,68387.06,9,6,2022,0.0030272722396809115,0.20831345515498256,0.18031580458481872,0.0,0.1735371405660902,0.9749279121818237,-0.2225209339563141,1.2246467991473532e-16,-1.0,0.0
2022-06-10,Beras Medium,8200.0,9000.0,Padi,Q2-2022,2022.0,12599.0,54.27975236000001,68387.06,10,6,2022,0.0030272722396809115,0.20831345515498256,0.18031580458481872,0.0,0.1735371405660902,0.43388373911755845,-0.9009688679024189,1.2246467991473532e-16,-1.0,0.0
2022-06-11,Beras Medium,8200.184557558716,8999.896760665064,Padi,Q2-2022,2022.0,12599.0,54.27975236000001,68387.06,11,6,2022,0.0031381292530330285,0.20828076187803557,0.18031580458481872,0.0,0.1735371405660902,-0.4338837391175562,-0.90096886790242,1.2246467991473532e-16,-1.0,0.0
2022-06-12,Beras Medium,8200.169645661099,8999.878552628556,Padi,Q2-2022,2022.0,12599.0,54.27975236000001,68387.06,12,6,2022,0.0031291722184647597,0.20827499585503073,0.18031580458481872,0.0,0.1735371405660902,-0.9749279121818235,-0.2225209339563148,1.2246467991473532e-16,-1.0,0.0
2022-06-13,Beras Medium,8200.0,9000.0,Padi,Q2-2022,2022.0,12599.0,54.27975236000001,68387.06,13,6,2022,0.0030272722396809115,0.20831345515498256,0.18031580458481872,0.0,0.1735371405660902,-0.781831482468029,0.6234898018587346,1.2246467991473532e-16,-1.0,0.0
2022-06-14,Beras Medium,8200.0,9000.0,Padi,Q2-2022,2022.0,12599.0,54.27975236000001,68387.06,14,6,2022,0.0030272722396809115,0.20831345515498256,0.18031580458481872,0.0,0.1735371405660902,-4.898587196589413e-16,1.0,1.2246467991473532e-16,-1.0,0.0
2022-06-15,Beras Medium,8200.0,9000.0,Padi,Q2-2022,2022.0,12599.0,54.27975236000001,68387.06,15,6,2022,0.0030272722396809115,0.20831345515498256,0.18031580458481872,0.0,0.1735371405660902,0.7818314824680284,0.6234898018587354,1.2246467991473532e-16,-1.0,0.0
2022-06-16,Beras Medium,8200.0,9000.0,Padi,Q2-2022,2022.0,12599.0,54.27975236000001,68387.06,16,6,2022,0.0030272722396809115,0.20831345515498256,0.18031580458481872,0.0,0.1735371405660902,0.9749279121818237,-0.22252093395631387,1.2246467991473532e-16,-1.0,0.0
2022-06-17,Beras Medium,8200.0,9000.0,Padi,Q2-2022,2022.0,12599.0,54.27975236000001,68387.06,17,6,2022,0.0030272722396809115,0.20831345515498256,0.18031580458481872,0.0,0.1735371405660902,0.43388373911755707,-0.9009688679024196,1.2246467991473532e-16,-1.0,0.0
2022-06-18,Beras Medium,8200.104606475987,8999.837635497313,Padi,Q2-2022,2022.0,12599.0,54.27975236000001,68387.06,18,6,2022,0.003090105545376254,0.20826203843812774,0.18031580458481872,0.0,0.1735371405660902,-0.43388373911755757,-0.9009688679024194,1.2246467991473532e-16,-1.0,0.0
2022-06-19,Beras Medium,8199.961415843834,8999.846300129448,Padi,Q2-2022,2022.0,12599.0,54.27975236000001,68387.06,19,6,2022,0.0030040961403381417,0.20826478230719836,0.18031580458481872,0.0,0.1735371405660902,-0.9749279121818235,-0.22252093395631506,1.2246467991473532e-16,-1.0,0.0
2022-06-20,Beras Medium,8200.0,9000.0,Padi,Q2-2022,2022.0,12599.0,54.27975236000001,68387.06,20,6,2022,0.0030272722396809115,0.20831345515498256,0.18031580458481872,0.0,0.1735371405660902,-0.7818314824680302,0.6234898018587329,1.2246467991473532e-16,-1.0,0.0
2022-06-21,Beras Medium,8200.0,9000.0,Padi,Q2-2022,2022.0,12599.0,54.27975236000001,68387.06,21,6,2022,0.0030272722396809115,0.20831345515498256,0.18031580458481872,0.0,0.1735371405660902,-7.347880794884119e-16,1.0,1.2246467991473532e-16,-1.0,0.0
2022-06-22,Beras Medium,8200.0,9000.0,Padi,Q2-2022,2022.0,12599.0,54.27975236000001,68387.06,22,6,2022,0.0030272722396809115,0.20831345515498256,0.18031580458481872,0.0,0.1735371405660902,0.7818314824680271,0.6234898018587369,1.2246467991473532e-16,-1.0,0.0
2022-06-23,Beras Medium,8200.0,9000.0,Padi,Q2-2022,2022.0,12599.0,54.27975236000001,68387.06,23,6,2022,0.0030272722396809115,0.20831345515498256,0.18031580458481872,0.0,0.1735371405660902,0.9749279121818238,-0.22252093395631362,1.2246467991473532e-16,-1.0,0.0
2022-06-24,Beras Medium,8200.0,9000.0,Padi,Q2-2022,2022.0,12599.0,54.27975236000001,68387.06,24,6,2022,0.0030272722396809115,0.20831345515498256,0.18031580458481872,0.0,0.1735371405660902,0.4338837391175589,-0.9009688679024188,1.2246467991473532e-16,-1.0,0.0
2022-06-25,Beras Medium,8199.9958558365,9000.00192074474,Padi,Q2-2022,2022.0,12599.0,54.27975236000001,68387.06,25,6,2022,0.0030247829913845337,0.20831406340608938,0.18031580458481872,0.0,0.1735371405660902,-0.43388373911755734,-0.9009688679024195,1.2246467991473532e-16,-1.0,0.0
2022-06-26,Beras Medium,8200.034319369033,9000.041448651826,Padi,Q2-2022,2022.0,12599.0,54.27975236000001,68387.06,26,6,2022,0.003047886636498909,0.20832658089096334,0.18031580458481872,0.0,0.1735371405660902,-0.9749279121818242,-0.22252093395631184,1.2246467991473532e-16,-1.0,0.0
2022-06-27,Beras Medium,8200.0,9000.0,Padi,Q2-2022,2022.0,12599.0,54.27975236000001,68387.06,27,6,2022,0.0030272722396809115,0.20831345515498256,0.18031580458481872,0.0,0.1735371405660902,-0.7818314824680304,0.6234898018587328,1.2246467991473532e-16,-1.0,0.0
2022-06-28,Beras Medium,8200.0,9000.0,Padi,Q2-2022,2022.0,12599.0,54.27975236000001,68387.06,28,6,2022,0.0030272722396809115,0.20831345515498256,0.18031580458481872,0.0,0.1735371405660902,-9.797174393178826e-16,1.0,1.2246467991473532e-16,-1.0,0.0
2022-06-29,Beras Medium,8200.0,9000.0,Padi,Q2-2022,2022.0,12599.0,54.27975236000001,68387.06,29,6,2022,0.0030272722396809115,0.20831345515498256,0.18031580458481872,0.0,0.1735371405660902,0.7818314824680291,0.6234898018587344,1.2246467991473532e-16,-1.0,0.0
2022-06-30,Beras Medium,8200.0,9000.0,Padi,Q2-2022,2022.0,12599.0,54.27975236000001,68387.06,30,6,2022,0.0030272722396809115,0.20831345515498256,0.18031580458481872,0.0,0.1735371405660902,0.9749279121818246,-0.22252093395630992,1.2246467991473532e-16,-1.0,0.0
2022-07-01,Beras Medium,8200.060550133692,9000.249371193215,Padi,Q2-2022,2022.0,12599.0,54.27975236000001,68387.06,1,7,2022,0.003063642502843855,0.20839242468231856,0.18031580458481872,0.0,0.1735371405660902,0.7818314824680298,0.6234898018587336,-0.4999999999999997,-0.8660254037844388,0.0
2022-07-02,Beras Medium,8200.059421599086,9000.289166404458,Padi,Q2-2022,2022.0,12599.0,54.27975236000001,68387.06,2,7,2022,0.0030629646331492566,0.208405026815635,0.18031580458481872,0.0,0.1735371405660902,0.9749279121818236,-0.22252093395631434,-0.4999999999999997,-0.8660254037844388,0.0
2022-07-03,Beras Medium,8200.057448800055,9000.327231684118,Padi,Q2-2022,2022.0,12599.0,54.27975236000001,68387.06,3,7,2022,0.003061779644520257,0.20841708112352775,0.18031580458481872,0.0,0.1735371405660902,0.43388373911755823,-0.900968867902419,-0.4999999999999997,-0.8660254037844388,0.0
2022-07-04,Beras Medium,8200.0,9000.0,Padi,Q2-2022,2022.0,12599.0,54.27975236000001,68387.06,4,7,2022,0.0030272722396809115,0.20831345515498256,0.18031580458481872,0.0,0.1735371405660902,-0.433883739117558,-0.9009688679024191,-0.4999999999999997,-0.8660254037844388,0.0
2022-07-05,Beras Medium,8200.0,9000.0,Padi,Q2-2022,2022.0,12599.0,54.27975236000001,68387.06,5,7,2022,0.0030272722396809115,0.20831345515498256,0.18031580458481872,0.0,0.1735371405660902,-0.9749279121818236,-0.2225209339563146,-0.4999999999999997,-0.8660254037844388,0.0
2022-07-06,Beras Medium,8200.0,9000.0,Padi,Q2-2022,2022.0,12599.0,54.27975236000001,68387.06,6,7,2022,0.0030272722396809115,0.20831345515498256,0.18031580458481872,0.0,0.1735371405660902,-0.7818314824680299,0.6234898018587334,-0.4999999999999997,-0.8660254037844388,0.0
2022-07-07,Beras Medium,8200.0,9000.0,Padi,Q2-2022,2022.0,12599.0,54.27975236000001,68387.06,7,7,2022,0.0030272722396809115,0.20831345515498256,0.18031580458481872,0.0,0.1735371405660902,-2.4492935982947064e-16,1.0,-0.4999999999999997,-0.8660254037844388,0.0
2022-07-08,Beras Medium,8200.0,9000.0,Padi,Q2-2022,2022.0,12599.0,54.27975236000001,68387.06,8,7,2022,0.0030272722396809115,0.20831345515498256,0.18031580458481872,0.0,0.1735371405660902,0.7818314824680296,0.6234898018587337,-0.4999999999999997,-0.8660254037844388,0.0
2022-07-09,Beras Medium,8200.037751080443,9000.517904277294,Padi,Q2-2022,2022.0,12599.0,54.27975236000001,68387.06,9,7,2022,0.003049947940734654,0.20847746229412323,0.18031580458481872,0.0,0.1735371405660902,0.9749279121818237,-0.2225209339563141,-0.4999999999999997,-0.8660254037844388,0.0
2022-07-10,Beras Medium,8200.033656442887,9000.539309482849,Padi,Q2-2022,2022.0,12599.0,54.27975236000001,68387.06,10,7,2022,0.003047488440873103,0.20848424077941408,0.18031580458481872,0.0,0.1735371405660902,0.43388373911755845,-0.9009688679024189,-0.4999999999999997,-0.8660254037844388,0.0
2022-07-11,Beras Medium,8200.0,9000.0,Padi,Q2-2022,2022.0,12599.0,54.27975236000001,68387.06,11,7,2022,0.0030272722396809115,0.20831345515498256,0.18031580458481872,0.0,0.1735371405660902,-0.4338837391175562,-0.90096886790242,-0.4999999999999997,-0.8660254037844388,0.0
2022-07-12,Beras Medium,8200.0,9000.0,Padi,Q2-2022,2022.0,12599.0,54.27975236000001,68387.06,12,7,2022,0.0030272722396809115,0.20831345515498256,0.18031580458481872,0.0,0.1735371405660902,-0.9749279121818235,-0.2225209339563148,-0.4999999999999997,-0.8660254037844388,0.0
2022-07-13,Beras Medium,8200.0,9000.0,Padi,Q2-2022,2022.0,12599.0,54.27975236000001,68387.06,13,7,2022,0.0030272722396809115,0.20831345515498256,0.18031580458481872,0.0,0.1735371405660902,-0.781831482468029,0.6234898018587346,-0.4999999999999997,-0.8660254037844388,0.0
2022-07-14,Beras Medium,8200.0,9000.0,Padi,Q2-2022,2022.0,12599.0,54.27975236000001,68387.06,14,7,2022,0.0030272722396809115,0.20831345515498256,0.18031580458481872,0.0,0.1735371405660902,-4.898587196589413e-16,1.0,-0.4999999999999997,-0.8660254037844388,0.0
2022-07-15,Beras Medium,8200.0,9000.0,Padi,Q2-2022,2022.0,12599.0,54.27975236000001,68387.06,15,7,2022,0.0030272722396809115,0.20831345515498256,0.18031580458481872,0.0,0.1735371405660902,0.7818314824680284,0.6234898018587354,-0.4999999999999997,-0.8660254037844388,0.0
2022-07-16,Beras Medium,8199.990814851633,9000.398934251833,Padi,Q2-2022,2022.0,12599.0,54.27975236000001,68387.06,16,7,2022,0.0030217550551112637,0.20843978750676406,0.18031580458481872,0.0,0.1735371405660902,0.9749279121818237,-0.22252093395631387,-0.4999999999999997,-0.8660254037844388,0.0
2022-07-17,Beras Medium,8199.979618308698,9000.257467670906,Padi,Q2-2022,2022.0,12599.0,54.27975236000001,68387.06,17,7,2022,0.0030150296989770453,0.20839498863129835,0.18031580458481872,0.0,0.1735371405660902,0.43388373911755707,-0.9009688679024196,-0.4999999999999997,-0.8660254037844388,0.0
2022-07-18,Beras Medium,8200.0,9000.0,Padi,Q2-2022,2022.0,12599.0,54.27975236000001,68387.06,18,7,2022,0.0030272722396809115,0.20831345515498256,0.18031580458481872,0.0,0.1735371405660902,-0.43388373911755757,-0.9009688679024194,-0.4999999999999997,-0.8660254037844388,0.0
2022-07-19,Beras Medium,8200.0,9000.0,Padi,Q2-2022,2022.0,12599.0,54.27975236000001,68387.06,19,7,2022,0.0030272722396809115,0.20831345515498256,0.18031580458481872,0.0,0.1735371405660902,-0.9749279121818235,-0.22252093395631506,-0.4999999999999997,-0.8660254037844388,0.0
2022-07-20,Beras Medium,8200.0,9000.0,Padi,Q2-2022,2022.0,12599.0,54.27975236000001,68387.06,20,7,2022,0.0030272722396809115,0.20831345515498256,0.18031580458481872,0.0,0.1735371405660902,-0.7818314824680302,0.6234898018587329,-0.4999999999999997,-0.8660254037844388,0.0
2022-07-21,Beras Medium,8200.0,9000.0,Padi,Q2-2022,2022.0,12599.0,54.27975236000001,68387.06,21,7,2022,0.0030272722396809115,0.20831345515498256,0.18031580458481872,0.0,0.1735371405660902,-7.347880794884119e-16,1.0,-0.4999999999999997,-0.8660254037844388,0.0
2022-07-22,Beras Medium,8200.0,9000.0,Padi,Q2-2022,2022.0,12599.0,54.27975236000001,68387.06,22,7,2022,0.0030272722396809115,0.20831345515498256,0.18031580458481872,0.0,0.1735371405660902,0.7818314824680271,0.6234898018587369,-0.4999999999999997,-0.8660254037844388,0.0
2022-07-23,Beras Medium,8200.056314286843,8997.903068739628,Padi,Q2-2022,2022.0,12599.0,54.27975236000001,68387.06,23,7,2022,0.0030610981836947104,0.2076494102492621,0.18031580458481872,0.0,0.1735371405660902,0.9749279121818238,-0.22252093395631362,-0.4999999999999997,-0.8660254037844388,0.0
2022-07-24,Beras Medium,8200.059365671343,8997.209048441451,Padi,Q2-2022,2022.0,12599.0,54.27975236000001,68387.06,24,7,2022,0.0030629310393877063,0.20742963163649542,0.18031580458481872,0.0,0.1735371405660902,0.4338837391175589,-0.9009688679024188,-0.4999999999999997,-0.8660254037844388,0.0
2022-07-25,Beras Medium,8200.0,9000.0,Padi,Q2-2022,2022.0,12599.0,54.27975236000001,68387.06,25,7,2022,0.0030272722396809115,0.20831345515498256,0.18031580458481872,0.0,0.1735371405660902,-0.43388373911755734,-0.9009688679024195,-0.4999999999999997,-0.8660254037844388,0.0
2022-07-26,Beras Medium,8200.0,9000.0,Padi,Q2-2022,2022.0,12599.0,54.27975236000001,68387.06,26,7,2022,0.0030272722396809115,0.20831345515498256,0.18031580458481872,0.0,0.1735371405660902,-0.9749279121818242,-0.22252093395631184,-0.4999999999999997,-0.8660254037844388,0.0
2022-07-27,Beras Medium,8200.0,9000.0,Padi,Q2-2022,2022.0,12599.0,54.27975236000001,68387.06,27,7,2022,0.0030272722396809115,0.20831345515498256,0.18031580458481872,0.0,0.1735371405660902,-0.7818314824680304,0.6234898018587328,-0.4999999999999997,-0.8660254037844388,0.0
2022-07-28,Beras Medium,8200.0,9000.0,Padi,Q2-2022,2022.0,12599.0,54.27975236000001,68387.06,28,7,2022,0.0030272722396809115,0.20831345515498256,0.18031580458481872,0.0,0.1735371405660902,-9.797174393178826e-16,1.0,-0.4999999999999997,-0.8660254037844388,0.0
2022-07-29,Beras Medium,8200.0,9000.0,Padi,Q2-2022,2022.0,12599.0,54.27975236000001,68387.06,29,7,2022,0.0030272722396809115,0.20831345515498256,0.18031580458481872,0.0,0.1735371405660902,0.7818314824680291,0.6234898018587344,-0.4999999999999997,-0.8660254037844388,0.0
2022-07-30,Beras Medium,8200.09539218551,9000.165501557945,Padi,Q2-2022,2022.0,12599.0,54.27975236000001,68387.06,30,7,2022,0.0030845708562017293,0.20836586529761325,0.18031580458481872,0.0,0.1735371405660902,0.9749279121818246,-0.22252093395630992,-0.4999999999999997,-0.8660254037844388,0.0
2022-07-31,Beras Medium,8200.10589649832,9000.525083968349,Padi,Q2-2022,2022.0,12599.0,54.27975236000001,68387.06,31,7,2022,0.0030908804148754854,0.20847973592004454,0.18031580458481872,0.0,0.1735371405660902,0.4338837391175591,-0.9009688679024187,-0.4999999999999997,-0.8660254037844388,0.0
2022-08-01,Beras Medium,8200.0,9000.0,Padi,Q2-2022,2022.0,12599.0,54.27975236000001,68387.06,1,8,2022,0.0030272722396809115,0.20831345515498256,0.18031580458481872,0.0,0.1735371405660902,0.7818314824680298,0.6234898018587336,-0.8660254037844384,-0.5000000000000004,0.0
2022-08-02,Beras Medium,8200.0,9000.0,Padi,Q2-2022,2022.0,12599.0,54.27975236000001,68387.06,2,8,2022,0.0030272722396809115,0.20831345515498256,0.18031580458481872,0.0,0.1735371405660902,0.9749279121818236,-0.22252093395631434,-0.8660254037844384,-0.5000000000000004,0.0
2022-08-03,Beras Medium,8200.0,9000.0,Padi,Q2-2022,2022.0,12599.0,54.27975236000001,68387.06,3,8,2022,0.0030272722396809115,0.20831345515498256,0.18031580458481872,0.0,0.1735371405660902,0.43388373911755823,-0.900968867902419,-0.8660254037844384,-0.5000000000000004,0.0
2022-08-04,Beras Medium,8200.0,9000.0,Padi,Q2-2022,2022.0,12599.0,54.27975236000001,68387.06,4,8,2022,0.0030272722396809115,0.20831345515498256,0.18031580458481872,0.0,0.1735371405660902,-0.433883739117558,-0.9009688679024191,-0.8660254037844384,-0.5000000000000004,0.0
2022-08-05,Beras Medium,8200.0,9000.0,Padi,Q2-2022,2022.0,12599.0,54.27975236000001,68387.06,5,8,2022,0.0030272722396809115,0.20831345515498256,0.18031580458481872,0.0,0.1735371405660902,-0.9749279121818236,-0.2225209339563146,-0.8660254037844384,-0.5000000000000004,0.0
2022-08-06,Beras Medium,8200.186348407417,9000.999838585538,Padi,Q2-2022,2022.0,12599.0,54.27975236000001,68387.06,6,8,2022,0.003139204950715957,0.20863007865705763,0.18031580458481872,0.0,0.1735371405660902,-0.7818314824680299,0.6234898018587334,-0.8660254037844384,-0.5000000000000004,0.0
2022-08-07,Beras Medium,8200.199625691565,9001.117659014213,Padi,Q2-2022,2022.0,12599.0,54.27975236000001,68387.06,7,8,2022,0.0031471801324229887,0.2086673893962936,0.18031580458481872,0.0,0.1735371405660902,-2.4492935982947064e-16,1.0,-0.8660254037844384,-0.5000000000000004,0.0
2022-08-08,Beras Medium,8200.0,9000.0,Padi,Q2-2022,2022.0,12599.0,54.27975236000001,68387.06,8,8,2022,0.0030272722396809115,0.20831345515498256,0.18031580458481872,0.0,0.1735371405660902,0.7818314824680296,0.6234898018587337,-0.8660254037844384,-0.5000000000000004,0.0
2022-08-09,Beras Medium,8200.0,9000.0,Padi,Q2-2022,2022.0,12599.0,54.27975236000001,68387.06,9,8,2022,0.0030272722396809115,0.20831345515498256,0.18031580458481872,0.0,0.1735371405660902,0.9749279121818237,-0.2225209339563141,-0.8660254037844384,-0.5000000000000004,0.0
2022-08-10,Beras Medium,8200.0,9000.0,Padi,Q2-2022,2022.0,12599.0,54.27975236000001,68387.06,10,8,2022,0.0030272722396809115,0.20831345515498256,0.18031580458481872,0.0,0.1735371405660902,0.43388373911755845,-0.9009688679024189,-0.8660254037844384,-0.5000000000000004,0.0
2022-08-11,Beras Medium,8200.0,9000.0,Padi,Q2-2022,2022.0,12599.0,54.27975236000001,68387.06,11,8,2022,0.0030272722396809115,0.20831345515498256,0.18031580458481872,0.0,0.1735371405660902,-0.4338837391175562,-0.90096886790242,-0.8660254037844384,-0.5000000000000004,0.0
2022-08-12,Beras Medium,8200.0,9000.0,Padi,Q2-2022,2022.0,12599.0,54.27975236000001,68387.06,12,8,2022,0.0030272722396809115,0.20831345515498256,0.18031580458481872,0.0,0.1735371405660902,-0.9749279121818235,-0.2225209339563148,-0.8660254037844384,-0.5000000000000004,0.0
2022-08-13,Beras Medium,8200.226550682686,9005.007679262251,Padi,Q2-2022,2022.0,12599.0,54.27975236000001,68387.06,13,8,2022,0.0031633529953554174,0.2098992600721119,0.18031580458481872,0.0,0.1735371405660902,-0.781831482468029,0.6234898018587346,-0.8660254037844384,-0.5000000000000004,0.0
2022-08-14,Beras Medium,8200.214670148493,9004.884351005154,Padi,Q2-2022,2022.0,12599.0,54.27975236000001,68387.06,14,8,2022,0.0031562167905478944,0.20986020514341464,0.18031580458481872,0.0,0.1735371405660902,-4.898587196589413e-16,1.0,-0.8660254037844384,-0.5000000000000004,0.0
2022-08-15,Beras Medium,8200.0,9000.0,Padi,Q2-2022,2022.0,12599.0,54.27975236000001,68387.06,15,8,2022,0.0030272722396809115,0.20831345515498256,0.18031580458481872,0.0,0.1735371405660902,0.7818314824680284,0.6234898018587354,-0.8660254037844384,-0.5000000000000004,0.0
2022-08-16,Beras Medium,8200.0,9000.0,Padi,Q2-2022,2022.0,12599.0,54.27975236000001,68387.06,16,8,2022,0.0030272722396809115,0.20831345515498256,0.18031580458481872,0.0,0.1735371405660902,0.9749279121818237,-0.22252093395631387,-0.8660254037844384,-0.5000000000000004,0.0
2022-08-17,Beras Medium,8200.0,9000.0,Padi,Q2-2022,2022.0,12599.0,54.27975236000001,68387.06,17,8,2022,0.0030272722396809115,0.20831345515498256,0.18031580458481872,0.0,0.1735371405660902,0.43388373911755707,-0.9009688679024196,-0.8660254037844384,-0.5000000000000004,0.0
2022-08-18,Beras Medium,8200.0,9000.0,Padi,Q2-2022,2022.0,12599.0,54.27975236000001,68387.06,18,8,2022,0.0030272722396809115,0.20831345515498256,0.18031580458481872,0.0,0.1735371405660902,-0.43388373911755757,-0.9009688679024194,-0.8660254037844384,-0.5000000000000004,0.0
2022-08-19,Beras Medium,8200.0,9000.0,Padi,Q2-2022,2022.0,12599.0,54.27975236000001,68387.06,19,8,2022,0.0030272722396809115,0.20831345515498256,0.18031580458481872,0.0,0.1735371405660902,-0.9749279121818235,-0.22252093395631506,-0.8660254037844384,-0.5000000000000004,0.0
2022-08-20,Beras Medium,8197.46573295922,8998.733361071067,Padi,Q2-2022,2022.0,12599.0,54.27975236000001,68387.06,20,8,2022,0.0015050301969656843,0.20791234275609716,0.18031580458481872,0.0,0.1735371405660902,-0.7818314824680302,0.6234898018587329,-0.8660254037844384,-0.5000000000000004,0.0
2022-08-21,Beras Medium,8198.58472759507,8996.99325403103,Padi,Q2-2022,2022.0,12599.0,54.27975236000001,68387.06,21,8,2022,0.0021771695780383737,0.20736129502402223,0.18031580458481872,0.0,0.1735371405660902,-7.347880794884119e-16,1.0,-0.8660254037844384,-0.5000000000000004,0.0
2022-08-22,Beras Medium,8200.0,9000.0,Padi,Q2-2022,2022.0,12599.0,54.27975236000001,68387.06,22,8,2022,0.0030272722396809115,0.20831345515498256,0.18031580458481872,0.0,0.1735371405660902,0.7818314824680271,0.6234898018587369,-0.8660254037844384,-0.5000000000000004,0.0
2022-08-23,Beras Medium,8200.0,9000.0,Padi,Q2-2022,2022.0,12599.0,54.27975236000001,68387.06,23,8,2022,0.0030272722396809115,0.20831345515498256,0.18031580458481872,0.0,0.1735371405660902,0.9749279121818238,-0.22252093395631362,-0.8660254037844384,-0.5000000000000004,0.0
2022-08-24,Beras Medium,8200.0,9000.0,Padi,Q2-2022,2022.0,12599.0,54.27975236000001,68387.06,24,8,2022,0.0030272722396809115,0.20831345515498256,0.18031580458481872,0.0,0.1735371405660902,0.4338837391175589,-0.9009688679024188,-0.8660254037844384,-0.5000000000000004,0.0
2022-08-25,Beras Medium,8200.0,9000.0,Padi,Q2-2022,2022.0,12599.0,54.27975236000001,68387.06,25,8,2022,0.0030272722396809115,0.20831345515498256,0.18031580458481872,0.0,0.1735371405660902,-0.43388373911755734,-0.9009688679024195,-0.8660254037844384,-0.5000000000000004,0.0
2022-08-26,Beras Medium,8200.0,9000.0,Padi,Q2-2022,2022.0,12599.0,54.27975236000001,68387.06,26,8,2022,0.0030272722396809115,0.20831345515498256,0.18031580458481872,0.0,0.1735371405660902,-0.9749279121818242,-0.22252093395631184,-0.8660254037844384,-0.5000000000000004,0.0
2022-08-27,Beras Medium,8200.108316480106,8989.845727377311,Padi,Q2-2022,2022.0,12599.0,54.27975236000001,68387.06,27,8,2022,0.0030923340099215935,0.20509785475175413,0.18031580458481872,0.0,0.1735371405660902,-0.7818314824680304,0.6234898018587328,-0.8660254037844384,-0.5000000000000004,0.0
2022-08-28,Beras Medium,8200.14913189915,8989.17693537063,Padi,Q2-2022,2022.0,12599.0,54.27975236000001,68387.06,28,8,2022,0.003116850347726796,0.20488606529855824,0.18031580458481872,0.0,0.1735371405660902,-9.797174393178826e-16,1.0,-0.8660254037844384,-0.5000000000000004,0.0
2022-08-29,Beras Medium,8200.0,9000.0,Padi,Q2-2022,2022.0,12599.0,54.27975236000001,68387.06,29,8,2022,0.0030272722396809115,0.20831345515498256,0.18031580458481872,0.0,0.1735371405660902,0.7818314824680291,0.6234898018587344,-0.8660254037844384,-0.5000000000000004,0.0
2022-08-30,Beras Medium,8200.0,9000.0,Padi,Q2-2022,2022.0,12599.0,54.27975236000001,68387.06,30,8,2022,0.0030272722396809115,0.20831345515498256,0.18031580458481872,0.0,0.1735371405660902,0.9749279121818246,-0.22252093395630992,-0.8660254037844384,-0.5000000000000004,0.0
2022-08-31,Beras Medium,8200.0,9000.0,Padi,Q2-2022,2022.0,12599.0,54.27975236000001,68387.06,31,8,2022,0.0030272722396809115,0.20831345515498256,0.18031580458481872,0.0,0.1735371405660902,0.4338837391175591,-0.9009688679024187,-0.8660254037844384,-0.5000000000000004,0.0
2022-09-01,Beras Medium,8200.0,9000.0,Padi,Q3-2022,2022.0,6888.789699999999,55.24063247,38054.11,1,9,2022,0.0030272722396809115,0.20831345515498256,0.0,0.21269112111666644,0.0,0.7818314824680298,0.6234898018587336,-1.0,-1.8369701987210297e-16,0.0
2022-09-02,Beras Medium,8200.0,9000.0,Padi,Q3-2022,2022.0,6888.789699999999,55.24063247,38054.11,2,9,2022,0.0030272722396809115,0.20831345515498256,0.0,0.21269112111666644,0.0,0.9749279121818236,-0.22252093395631434,-1.0,-1.8369701987210297e-16,0.0
2022-09-03,Beras Medium,8200.499226186308,8997.588994378468,Padi,Q3-2022,2022.0,6888.789699999999,55.24063247,38054.11,3,9,2022,0.003327139253453737,0.2075499508709373,0.0,0.21269112111666644,0.0,0.43388373911755823,-0.900968867902419,-1.0,-1.8369701987210297e-16,0.0
2022-09-04,Beras Medium,8200.532184841883,8993.979318756576,Padi,Q3-2022,2022.0,6888.789699999999,55.24063247,38054.11,4,9,2022,0.003346936319184479,0.20640685822249472,0.0,0.21269112111666644,0.0,-0.433883739117558,-0.9009688679024191,-1.0,-1.8369701987210297e-16,0.0
2022-09-05,Beras Medium,8200.0,9000.0,Padi,Q3-2022,2022.0,6888.789699999999,55.24063247,38054.11,5,9,2022,0.0030272722396809115,0.20831345515498256,0.0,0.21269112111666644,0.0,-0.9749279121818236,-0.2225209339563146,-1.0,-1.8369701987210297e-16,0.0
2022-09-06,Beras Medium,8200.0,9000.0,Padi,Q3-2022,2022.0,6888.789699999999,55.24063247,38054.11,6,9,2022,0.0030272722396809115,0.20831345515498256,0.0,0.21269112111666644,0.0,-0.7818314824680299,0.6234898018587334,-1.0,-1.8369701987210297e-16,0.0
2022-09-07,Beras Medium,8200.0,9000.0,Padi,Q3-2022,2022.0,6888.789699999999,55.24063247,38054.11,7,9,2022,0.0030272722396809115,0.20831345515498256,0.0,0.21269112111666644,0.0,-2.4492935982947064e-16,1.0,-1.0,-1.8369701987210297e-16,0.0
2022-09-08,Beras Medium,8200.0,9000.0,Padi,Q3-2022,2022.0,6888.789699999999,55.24063247,38054.11,8,9,2022,0.0030272722396809115,0.20831345515498256,0.0,0.21269112111666644,0.0,0.7818314824680296,0.6234898018587337,-1.0,-1.8369701987210297e-16,0.0
2022-09-09,Beras Medium,8200.0,9000.0,Padi,Q3-2022,2022.0,6888.789699999999,55.24063247,38054.11,9,9,2022,0.0030272722396809115,0.20831345515498256,0.0,0.21269112111666644,0.0,0.9749279121818237,-0.2225209339563141,-1.0,-1.8369701987210297e-16,0.0
2022-09-10,Beras Medium,8200.770868571351,9006.236905703014,Padi,Q3-2022,2022.0,6888.789699999999,55.24063247,38054.11,10,9,2022,0.003490304954794965,0.21028852488559968,0.0,0.21269112111666644,0.0,0.43388373911755845,-0.9009688679024189,-1.0,-1.8369701987210297e-16,0.0
2022-09-11,Beras Medium,8200.647385094704,9008.921888710267,Padi,Q3-2022,2022.0,6888.789699999999,55.24063247,38054.11,11,9,2022,0.0034161329213402425,0.211138790853592,0.0,0.21269112111666644,0.0,-0.4338837391175562,-0.90096886790242,-1.0,-1.8369701987210297e-16,0.0
2022-09-12,Beras Medium,8200.0,9000.0,Padi,Q3-2022,2022.0,6888.789699999999,55.24063247,38054.11,12,9,2022,0.0030272722396809115,0.20831345515498256,0.0,0.21269112111666644,0.0,-0.9749279121818235,-0.2225209339563148,-1.0,-1.8369701987210297e-16,0.0
2022-09-13,Beras Medium,8200.0,9000.0,Padi,Q3-2022,2022.0,6888.789699999999,55.24063247,38054.11,13,9,2022,0.0030272722396809115,0.20831345515498256,0.0,0.21269112111666644,0.0,-0.781831482468029,0.6234898018587346,-1.0,-1.8369701987210297e-16,0.0
2022-09-14,Beras Medium,8200.0,9000.0,Padi,Q3-2022,2022.0,6888.789699999999,55.24063247,38054.11,14,9,2022,0.0030272722396809115,0.20831345515498256,0.0,0.21269112111666644,0.0,-4.898587196589413e-16,1.0,-1.0,-1.8369701987210297e-16,0.0
2022-09-15,Beras Medium,8200.0,9000.0,Padi,Q3-2022,2022.0,6888.789699999999,55.24063247,38054.11,15,9,2022,0.0030272722396809115,0.20831345515498256,0.0,0.21269112111666644,0.0,0.7818314824680284,0.6234898018587354,-1.0,-1.8369701987210297e-16,0.0
2022-09-16,Beras Medium,8200.0,9000.0,Padi,Q3-2022,2022.0,6888.789699999999,55.24063247,38054.11,16,9,2022,0.0030272722396809115,0.20831345515498256,0.0,0.21269112111666644,0.0,0.9749279121818237,-0.22252093395631387,-1.0,-1.8369701987210297e-16,0.0
2022-09-17,Beras Medium,8199.499850913742,9012.793137700937,Padi,Q3-2022,2022.0,6888.789699999999,55.24063247,38054.11,17,9,2022,0.002726850873473019,0.21236471714865512,0.0,0.21269112111666644,0.0,0.43388373911755707,-0.9009688679024196,-1.0,-1.8369701987210297e-16,0.0
2022-09-18,Beras Medium,8200.691096460401,9014.438147191608,Padi,Q3-2022,2022.0,6888.789699999999,55.24063247,38054.11,18,9,2022,0.0034423887489767324,0.21288564990061776,0.0,0.21269112111666644,0.0,-0.43388373911755757,-0.9009688679024194,-1.0,-1.8369701987210297e-16,0.0
2022-09-19,Beras Medium,8200.0,9000.0,Padi,Q3-2022,2022.0,6888.789699999999,55.24063247,38054.11,19,9,2022,0.0030272722396809115,0.20831345515498256,0.0,0.21269112111666644,0.0,-0.9749279121818235,-0.22252093395631506,-1.0,-1.8369701987210297e-16,0.0
2022-09-20,Beras Medium,8200.0,9000.0,Padi,Q3-2022,2022.0,6888.789699999999,55.24063247,38054.11,20,9,2022,0.0030272722396809115,0.20831345515498256,0.0,0.21269112111666644,0.0,-0.7818314824680302,0.6234898018587329,-1.0,-1.8369701987210297e-16,0.0
2022-09-21,Beras Medium,8200.0,9000.0,Padi,Q3-2022,2022.0,6888.789699999999,55.24063247,38054.11,21,9,2022,0.0030272722396809115,0.20831345515498256,0.0,0.21269112111666644,0.0,-7.347880794884119e-16,1.0,-1.0,-1.8369701987210297e-16,0.0
2022-09-22,Beras Medium,8200.0,9000.0,Padi,Q3-2022,2022.0,6888.789699999999,55.24063247,38054.11,22,9,2022,0.0030272722396809115,0.20831345515498256,0.0,0.21269112111666644,0.0,0.7818314824680271,0.6234898018587369,-1.0,-1.8369701987210297e-16,0.0
2022-09-23,Beras Medium,8200.0,9000.0,Padi,Q3-2022,2022.0,6888.789699999999,55.24063247,38054.11,23,9,2022,0.0030272722396809115,0.20831345515498256,0.0,0.21269112111666644,0.0,0.9749279121818238,-0.22252093395631362,-1.0,-1.8369701987210297e-16,0.0
2022-09-24,Beras Medium,8355.512660530841,9030.342089900467,Padi,Q3-2022,2022.0,6888.789699999999,55.24063247,38054.11,24,9,2022,0.09643807158524087,0.21792202488165335,0.0,0.21269112111666644,0.0,0.4338837391175589,-0.9009688679024188,-1.0,-1.8369701987210297e-16,0.0
2022-09-25,Beras Medium,8383.824467313652,9045.176225131656,Padi,Q3-2022,2022.0,6888.789699999999,55.24063247,38054.11,25,9,2022,0.1134439442484183,0.22261961898843108,0.0,0.21269112111666644,0.0,-0.43388373911755734,-0.9009688679024195,-1.0,-1.8369701987210297e-16,0.0
2022-09-26,Beras Medium,8200.0,9000.0,Padi,Q3-2022,2022.0,6888.789699999999,55.24063247,38054.11,26,9,2022,0.0030272722396809115,0.20831345515498256,0.0,0.21269112111666644,0.0,-0.9749279121818242,-0.22252093395631184,-1.0,-1.8369701987210297e-16,0.0
2022-09-27,Beras Medium,8200.0,9000.0,Padi,Q3-2022,2022.0,6888.789699999999,55.24063247,38054.11,27,9,2022,0.0030272722396809115,0.20831345515498256,0.0,0.21269112111666644,0.0,-0.7818314824680304,0.6234898018587328,-1.0,-1.8369701987210297e-16,0.0
2022-09-28,Beras Medium,8200.0,9000.0,Padi,Q3-2022,2022.0,6888.789699999999,55.24063247,38054.11,28,9,2022,0.0030272722396809115,0.20831345515498256,0.0,0.21269112111666644,0.0,-9.797174393178826e-16,1.0,-1.0,-1.8369701987210297e-16,0.0
2022-09-29,Beras Medium,8200.0,9000.0,Padi,Q3-2022,2022.0,6888.789699999999,55.24063247,38054.11,29,9,2022,0.0030272722396809115,0.20831345515498256,0.0,0.21269112111666644,0.0,0.7818314824680291,0.6234898018587344,-1.0,-1.8369701987210297e-16,0.0
2022-09-30,Beras Medium,8200.0,9000.0,Padi,Q3-2022,2022.0,6888.789699999999,55.24063247,38054.11,30,9,2022,0.0030272722396809115,0.20831345515498256,0.0,0.21269112111666644,0.0,0.9749279121818246,-0.22252093395630992,-1.0,-1.8369701987210297e-16,0.0
2022-10-01,Beras Medium,8489.887627243448,9105.065355011915,Padi,Q3-2022,2022.0,6888.789699999999,55.24063247,38054.11,1,10,2022,0.17715222701034428,0.24158498631190195,0.0,0.21269112111666644,0.0,0.7818314824680298,0.6234898018587336,-0.8660254037844386,0.5000000000000001,0.0
2022-10-02,Beras Medium,8503.342298910628,9097.160121751653,Padi,Q3-2022,2022.0,6888.789699999999,55.24063247,38054.11,2,10,2022,0.1852339589482659,0.23908159958949726,0.0,0.21269112111666644,0.0,0.9749279121818236,-0.22252093395631434,-0.8660254037844386,0.5000000000000001,0.0
2022-10-03,Beras Medium,8200.0,9000.0,Padi,Q3-2022,2022.0,6888.789699999999,55.24063247,38054.11,3,10,2022,0.0030272722396809115,0.20831345515498256,0.0,0.21269112111666644,0.0,0.43388373911755823,-0.900968867902419,-0.8660254037844386,0.5000000000000001,0.0
2022-10-04,Beras Medium,8800.0,9200.0,Padi,Q3-2022,2022.0,6888.789699999999,55.24063247,38054.11,4,10,2022,0.3634254508575623,0.27164837874258385,0.0,0.21269112111666644,0.0,-0.433883739117558,-0.9009688679024191,-0.8660254037844386,0.5000000000000001,0.0
2022-10-05,Beras Medium,8800.0,9200.0,Padi,Q3-2022,2022.0,6888.789699999999,55.24063247,38054.11,5,10,2022,0.3634254508575623,0.27164837874258385,0.0,0.21269112111666644,0.0,-0.9749279121818236,-0.2225209339563146,-0.8660254037844386,0.5000000000000001,0.0
2022-10-06,Beras Medium,8800.0,9200.0,Padi,Q3-2022,2022.0,6888.789699999999,55.24063247,38054.11,6,10,2022,0.3634254508575623,0.27164837874258385,0.0,0.21269112111666644,0.0,-0.7818314824680299,0.6234898018587334,-0.8660254037844386,0.5000000000000001,0.0
2022-10-07,Beras Medium,8800.0,9200.0,Padi,Q3-2022,2022.0,6888.789699999999,55.24063247,38054.11,7,10,2022,0.3634254508575623,0.27164837874258385,0.0,0.21269112111666644,0.0,-2.4492935982947064e-16,1.0,-0.8660254037844386,0.5000000000000001,0.0
2022-10-08,Beras Medium,8603.752776828122,9122.566849031484,Padi,Q3-2022,2022.0,6888.789699999999,55.24063247,38054.11,8,10,2022,0.24554688120762602,0.24712726524389295,0.0,0.21269112111666644,0.0,0.7818314824680296,0.6234898018587337,-0.8660254037844386,0.5000000000000001,0.0
2022-10-09,Beras Medium,8623.508189180355,9131.9990638988,Padi,Q3-2022,2022.0,6888.789699999999,55.24063247,38054.11,9,10,2022,0.25741323892360946,0.25011420828330966,0.0,0.21269112111666644,0.0,0.9749279121818237,-0.2225209339563141,-0.8660254037844386,0.5000000000000001,0.0
2022-10-10,Beras Medium,8800.0,9200.0,Padi,Q3-2022,2022.0,6888.789699999999,55.24063247,38054.11,10,10,2022,0.3634254508575623,0.27164837874258385,0.0,0.21269112111666644,0.0,0.43388373911755845,-0.9009688679024189,-0.8660254037844386,0.5000000000000001,0.0
2022-10-11,Beras Medium,8800.0,9200.0,Padi,Q3-2022,2022.0,6888.789699999999,55.24063247,38054.11,11,10,2022,0.3634254508575623,0.27164837874258385,0.0,0.21269112111666644,0.0,-0.4338837391175562,-0.90096886790242,-0.8660254037844386,0.5000000000000001,0.0
2022-10-12,Beras Medium,8800.0,9200.0,Padi,Q3-2022,2022.0,6888.789699999999,55.24063247,38054.11,12,10,2022,0.3634254508575623,0.27164837874258385,0.0,0.21269112111666644,0.0,-0.9749279121818235,-0.2225209339563148,-0.8660254037844386,0.5000000000000001,0.0
2022-10-13,Beras Medium,8800.0,9200.0,Padi,Q3-2022,2022.0,6888.789699999999,55.24063247,38054.11,13,10,2022,0.3634254508575623,0.27164837874258385,0.0,0.21269112111666644,0.0,-0.781831482468029,0.6234898018587346,-0.8660254037844386,0.5000000000000001,0.0
2022-10-14,Beras Medium,8800.0,9200.0,Padi,Q3-2022,2022.0,6888.789699999999,55.24063247,38054.11,14,10,2022,0.3634254508575623,0.27164837874258385,0.0,0.21269112111666644,0.0,-4.898587196589413e-16,1.0,-0.8660254037844386,0.5000000000000001,0.0
2022-10-15,Beras Medium,8796.616361774539,9189.790602194133,Padi,Q3-2022,2022.0,6888.789699999999,55.24063247,38054.11,15,10,2022,0.3613930224349655,0.2684153215930336,0.0,0.21269112111666644,0.0,0.7818314824680284,0.6234898018587354,-0.8660254037844386,0.5000000000000001,0.0
2022-10-16,Beras Medium,8801.104899320135,9195.096253157863,Padi,Q3-2022,2022.0,6888.789699999999,55.24063247,38054.11,16,10,2022,0.36408912369511715,0.27009548658488525,0.0,0.21269112111666644,0.0,0.9749279121818237,-0.22252093395631387,-0.8660254037844386,0.5000000000000001,0.0
2022-10-17,Beras Medium,8800.0,9200.0,Padi,Q3-2022,2022.0,6888.789699999999,55.24063247,38054.11,17,10,2022,0.3634254508575623,0.27164837874258385,0.0,0.21269112111666644,0.0,0.43388373911755707,-0.9009688679024196,-0.8660254037844386,0.5000000000000001,0.0
2022-10-18,Beras Medium,8800.0,9200.0,Padi,Q3-2022,2022.0,6888.789699999999,55.24063247,38054.11,18,10,2022,0.3634254508575623,0.27164837874258385,0.0,0.21269112111666644,0.0,-0.43388373911755757,-0.9009688679024194,-0.8660254037844386,0.5000000000000001,0.0
2022-10-19,Beras Medium,8800.0,9200.0,Padi,Q3-2022,2022.0,6888.789699999999,55.24063247,38054.11,19,10,2022,0.3634254508575623,0.27164837874258385,0.0,0.21269112111666644,0.0,-0.9749279121818235,-0.22252093395631506,-0.8660254037844386,0.5000000000000001,0.0
2022-10-20,Beras Medium,8800.0,9200.0,Padi,Q3-2022,2022.0,6888.789699999999,55.24063247,38054.11,20,10,2022,0.3634254508575623,0.27164837874258385,0.0,0.21269112111666644,0.0,-0.7818314824680302,0.6234898018587329,-0.8660254037844386,0.5000000000000001,0.0
2022-10-21,Beras Medium,8800.0,9200.0,Padi,Q3-2022,2022.0,6888.789699999999,55.24063247,38054.11,21,10,2022,0.3634254508575623,0.27164837874258385,0.0,0.21269112111666644,0.0,-7.347880794884119e-16,1.0,-0.8660254037844386,0.5000000000000001,0.0
2022-10-22,Beras Medium,8796.807315587588,9201.621187847502,Padi,Q3-2022,2022.0,6888.789699999999,55.24063247,38054.11,22,10,2022,0.3615077214456708,0.2721617677847976,0.0,0.21269112111666644,0.0,0.7818314824680271,0.6234898018587369,-0.8660254037844386,0.5000000000000001,0.0
2022-10-23,Beras Medium,8796.044309835008,9200.86239912626,Padi,Q3-2022,2022.0,6888.789699999999,55.24063247,38054.11,23,10,2022,0.3610494116398293,0.27192147865640237,0.0,0.21269112111666644,0.0,0.9749279121818238,-0.22252093395631362,-0.8660254037844386,0.5000000000000001,0.0
2022-10-24,Beras Medium,8800.0,9200.0,Padi,Q3-2022,2022.0,6888.789699999999,55.24063247,38054.11,24,10,2022,0.3634254508575623,0.27164837874258385,0.0,0.21269112111666644,0.0,0.4338837391175589,-0.9009688679024188,-0.8660254037844386,0.5000000000000001,0.0
2022-10-25,Beras Medium,8800.0,9200.0,Padi,Q3-2022,2022.0,6888.789699999999,55.24063247,38054.11,25,10,2022,0.3634254508575623,0.27164837874258385,0.0,0.21269112111666644,0.0,-0.43388373911755734,-0.9009688679024195,-0.8660254037844386,0.5000000000000001,0.0
2022-10-26,Beras Medium,8800.0,9200.0,Padi,Q3-2022,2022.0,6888.789699999999,55.24063247,38054.11,26,10,2022,0.3634254508575623,0.27164837874258385,0.0,0.21269112111666644,0.0,-0.9749279121818242,-0.22252093395631184,-0.8660254037844386,0.5000000000000001,0.0
2022-10-27,Beras Medium,8800.0,9200.0,Padi,Q3-2022,2022.0,6888.789699999999,55.24063247,38054.11,27,10,2022,0.3634254508575623,0.27164837874258385,0.0,0.21269112111666644,0.0,-0.7818314824680304,0.6234898018587328,-0.8660254037844386,0.5000000000000001,0.0
2022-10-28,Beras Medium,8800.0,9200.0,Padi,Q3-2022,2022.0,6888.789699999999,55.24063247,38054.11,28,10,2022,0.3634254508575623,0.27164837874258385,0.0,0.21269112111666644,0.0,-9.797174393178826e-16,1.0,-0.8660254037844386,0.5000000000000001,0.0
2022-10-29,Beras Medium,8802.201421158847,9263.396384040381,Padi,Q3-2022,2022.0,6888.789699999999,55.24063247,38054.11,29,10,2022,0.36474776448426116,0.2917244044372227,0.0,0.21269112111666644,0.0,0.7818314824680291,0.6234898018587344,-0.8660254037844386,0.5000000000000001,0.0
2022-10-30,Beras Medium,8802.196498402744,9276.0667242724,Padi,Q3-2022,2022.0,6888.789699999999,55.24063247,38054.11,30,10,2022,0.36474480756370564,0.29573677958934175,0.0,0.21269112111666644,0.0,0.9749279121818246,-0.22252093395630992,-0.8660254037844386,0.5000000000000001,0.0
2022-10-31,Beras Medium,8800.0,9200.0,Padi,Q3-2022,2022.0,6888.789699999999,55.24063247,38054.11,31,10,2022,0.3634254508575623,0.27164837874258385,0.0,0.21269112111666644,0.0,0.4338837391175591,-0.9009688679024187,-0.8660254037844386,0.5000000000000001,0.0
2022-11-01,Beras Medium,8802.180612792246,9125.892182939566,Padi,Q3-2022,2022.0,6888.789699999999,55.24063247,38054.11,1,11,2022,0.36473526565522363,0.24818031408875108,0.0,0.21269112111666644,0.0,0.7818314824680298,0.6234898018587336,-0.5000000000000004,0.8660254037844384,0.0
2022-11-02,Beras Medium,8802.169810699283,9277.078257287396,Padi,Q3-2022,2022.0,6888.789699999999,55.24063247,38054.11,2,11,2022,0.36472877723084096,0.2960571064203976,0.0,0.21269112111666644,0.0,0.9749279121818236,-0.22252093395631434,-0.5000000000000004,0.8660254037844384,0.0
2022-11-03,Beras Medium,8802.15720787358,9234.476288321417,Padi,Q3-2022,2022.0,6888.789699999999,55.24063247,38054.11,3,11,2022,0.3647212071717938,0.28256614417468917,0.0,0.21269112111666644,0.0,0.43388373911755823,-0.900968867902419,-0.5000000000000004,0.8660254037844384,0.0
2022-11-04,Beras Medium,8804.460786198964,9243.91399641508,Padi,Q3-2022,2022.0,6888.789699999999,55.24063247,38054.11,4,11,2022,0.3661048828930804,0.2855548267794603,0.0,0.21269112111666644,0.0,-0.433883739117558,-0.9009688679024191,-0.5000000000000004,0.8660254037844384,0.0
2022-11-05,Beras Medium,8826.315613175146,9253.391316540054,Padi,Q3-2022,2022.0,6888.789699999999,55.24063247,38054.11,5,11,2022,0.3792322826201211,0.2885560535091125,0.0,0.21269112111666644,0.0,-0.9749279121818236,-0.2225209339563146,-0.5000000000000004,0.8660254037844384,0.0
2022-11-06,Beras Medium,8824.082740973327,9214.828701219667,Padi,Q3-2022,2022.0,6888.789699999999,55.24063247,38054.11,6,11,2022,0.3778910774957511,0.2763442520358388,0.0,0.21269112111666644,0.0,-0.7818314824680299,0.6234898018587334,-0.5000000000000004,0.8660254037844384,0.0
2022-11-07,Beras Medium,8819.704326981888,9279.522604748241,Padi,Q3-2022,2022.0,6888.789699999999,55.24063247,38054.11,7,11,2022,0.37526112344950135,0.2968311692186685,0.0,0.21269112111666644,0.0,-2.4492935982947064e-16,1.0,-0.5000000000000004,0.8660254037844384,0.0
2022-11-08,Beras Medium,8815.758139635014,9287.710331766108,Padi,Q3-2022,2022.0,6888.789699999999,55.24063247,38054.11,8,11,2022,0.372890792229005,0.29942401454383205,0.0,0.21269112111666644,0.0,0.7818314824680296,0.6234898018587337,-0.5000000000000004,0.8660254037844384,0.0
2022-11-09,Beras Medium,8813.290433355147,9293.010126253816,Padi,Q3-2022,2022.0,6888.789699999999,55.24063247,38054.11,9,11,2022,0.3714085308146249,0.30110232493837685,0.0,0.21269112111666644,0.0,0.9749279121818237,-0.2225209339563141,-0.5000000000000004,0.8660254037844384,0.0
2022-11-10,Beras Medium,8811.56858331905,9298.43027701411,Padi,Q3-2022,2022.0,6888.789699999999,55.24063247,38054.11,10,11,2022,0.37037427811985335,0.3028187491095591,0.0,0.21269112111666644,0.0,0.43388373911755845,-0.9009688679024189,-0.5000000000000004,0.8660254037844384,0.0
2022-11-11,Beras Medium,8810.376451216489,9302.455598548351,Padi,Q3-2022,2022.0,6888.789699999999,55.24063247,38054.11,11,11,2022,0.3696582077224626,0.30409346626849265,0.0,0.21269112111666644,0.0,-0.4338837391175562,-0.90096886790242,-0.5000000000000004,0.8660254037844384,0.0
2022-11-12,Beras Medium,8809.547021717883,9305.301213807657,Padi,Q3-2022,2022.0,6888.789699999999,55.24063247,38054.11,12,11,2022,0.36915999958814627,0.30499460039353243,0.0,0.21269112111666644,0.0,-0.9749279121818235,-0.2225209339563148,-0.5000000000000004,0.8660254037844384,0.0
2022-11-13,Beras Medium,8809.019249247982,9307.000182971438,Padi,Q3-2022,2022.0,6888.789699999999,55.24063247,38054.11,13,11,2022,0.3688429858600184,0.30553262080436117,0.0,0.21269112111666644,0.0,-0.781831482468029,0.6234898018587346,-0.5000000000000004,0.8660254037844384,0.0
2022-11-14,Beras Medium,8811.851419504159,9346.520616615879,Padi,Q3-2022,2022.0,6888.789699999999,55.24063247,38054.11,14,11,2022,0.370544167529788,0.3180477390294585,0.0,0.21269112111666644,0.0,-4.898587196589413e-16,1.0,-0.5000000000000004,0.8660254037844384,0.0
2022-11-15,Beras Medium,8809.495334841165,9355.044050137225,Padi,Q3-2022,2022.0,6888.789699999999,55.24063247,38054.11,15,11,2022,0.36912895316110106,0.32074689408335066,0.0,0.21269112111666644,0.0,0.7818314824680284,0.6234898018587354,-0.5000000000000004,0.8660254037844384,0.0
2022-11-16,Beras Medium,8809.16781287791,9363.415716917785,Padi,Q3-2022,2022.0,6888.789699999999,55.24063247,38054.11,16,11,2022,0.36893222262940917,0.32339798846258905,0.0,0.21269112111666644,0.0,0.9749279121818237,-0.22252093395631387,-0.5000000000000004,0.8660254037844384,0.0
2022-11-17,Beras Medium,8809.492882509374,9372.013355513564,Padi,Q3-2022,2022.0,6888.789699999999,55.24063247,38054.11,17,11,2022,0.3691274801345825,0.3261206423800762,0.0,0.21269112111666644,0.0,0.43388373911755707,-0.9009688679024196,-0.5000000000000004,0.8660254037844384,0.0
2022-11-18,Beras Medium,8809.628969265967,9380.84194588857,Padi,Q3-2022,2022.0,6888.789699999999,55.24063247,38054.11,18,11,2022,0.36920922249993193,0.3289164328640122,0.0,0.21269112111666644,0.0,-0.43388373911755757,-0.9009688679024194,-0.5000000000000004,0.8660254037844384,0.0
2022-11-19,Beras Medium,8810.446244594406,9389.863178555846,Padi,Q3-2022,2022.0,6888.789699999999,55.24063247,38054.11,19,11,2022,0.36970013006626434,0.3317732282722523,0.0,0.21269112111666644,0.0,-0.9749279121818235,-0.22252093395631506,-0.5000000000000004,0.8660254037844384,0.0
2022-11-20,Beras Medium,8812.125757884869,9399.01630055287,Padi,Q3-2022,2022.0,6888.789699999999,55.24063247,38054.11,20,11,2022,0.3707089526176759,0.33467178968359956,0.0,0.21269112111666644,0.0,-0.7818314824680302,0.6234898018587329,-0.5000000000000004,0.8660254037844384,0.0
2022-11-21,Beras Medium,8813.271668510286,9582.776302032225,Padi,Q3-2022,2022.0,6888.789699999999,55.24063247,38054.11,21,11,2022,0.371397259454775,0.39286391794436204,0.0,0.21269112111666644,0.0,-7.347880794884119e-16,1.0,-0.5000000000000004,0.8660254037844384,0.0
2022-11-22,Beras Medium,8814.51021714734,9584.53795764837,Padi,Q3-2022,2022.0,6888.789699999999,55.24063247,38054.11,22,11,2022,0.37214121057631555,0.393421789563543,0.0,0.21269112111666644,0.0,0.7818314824680271,0.6234898018587369,-0.5000000000000004,0.8660254037844384,0.0
2022-11-23,Beras Medium,8815.86383846526,9586.456261506855,Padi,Q3-2022,2022.0,6888.789699999999,55.24063247,38054.11,23,11,2022,0.37295428167217626,0.3940292677050179,0.0,0.21269112111666644,0.0,0.9749279121818238,-0.22252093395631362,-0.5000000000000004,0.8660254037844384,0.0
2022-11-24,Beras Medium,8817.357262927051,9436.056942574836,Padi,Q3-2022,2022.0,6888.789699999999,55.24063247,38054.11,24,11,2022,0.37385132743206384,0.3464016208440843,0.0,0.21269112111666644,0.0,0.4338837391175589,-0.9009688679024188,-0.5000000000000004,0.8660254037844384,0.0
2022-11-25,Beras Medium,8819.001265408962,9445.507267085854,Padi,Q3-2022,2022.0,6888.789699999999,55.24063247,38054.11,25,11,2022,0.374838819932271,0.34939429874800076,0.0,0.21269112111666644,0.0,-0.43388373911755734,-0.9009688679024195,-0.5000000000000004,0.8660254037844384,0.0
2022-11-26,Beras Medium,8842.987613205687,9591.19124480138,Padi,Q3-2022,2022.0,6888.789699999999,55.24063247,38054.11,26,11,2022,0.38924654669499503,0.3955287167307544,0.0,0.21269112111666644,0.0,-0.9749279121818242,-0.22252093395631184,-0.5000000000000004,0.8660254037844384,0.0
2022-11-27,Beras Medium,8845.721809077975,9545.718448542631,Padi,Q3-2022,2022.0,6888.789699999999,55.24063247,38054.11,27,11,2022,0.3908888787155904,0.38112863634894234,0.0,0.21269112111666644,0.0,-0.7818314824680304,0.6234898018587328,-0.5000000000000004,0.8660254037844384,0.0
2022-11-28,Beras Medium,8848.533955288194,9505.72042266578,Padi,Q3-2022,2022.0,6888.789699999999,55.24063247,38054.11,28,11,2022,0.3925780326692072,0.36846227678611587,0.0,0.21269112111666644,0.0,-9.797174393178826e-16,1.0,-0.5000000000000004,0.8660254037844384,0.0
2022-11-29,Beras Medium,8851.419627898827,9484.714930287588,Padi,Q3-2022,2022.0,6888.789699999999,55.24063247,38054.11,29,11,2022,0.39431135125747385,0.36181037051265186,0.0,0.21269112111666644,0.0,0.7818314824680291,0.6234898018587344,-0.5000000000000004,0.8660254037844384,0.0
2022-11-30,Beras Medium,8854.367438901267,9494.041898857902,Padi,Q3-2022,2022.0,6888.789699999999,55.24063247,38054.11,30,11,2022,0.39608199411778866,0.3647639847211761,0.0,0.21269112111666644,0.0,0.9749279121818246,-0.22252093395630992,-0.5000000000000004,0.8660254037844384,0.0
2022-12-01,Beras Medium,8800.0,9500.0,Padi,Q3-2022,2022.0,6888.789699999999,55.24063247,38054.11,1,12,2022,0.3634254508575623,0.36665076412398623,0.0,0.21269112111666644,0.0,0.7818314824680298,0.6234898018587336,-2.4492935982947064e-16,1.0,0.0
2022-12-02,Beras Medium,8800.0,9500.0,Padi,Q3-2022,2022.0,6888.789699999999,55.24063247,38054.11,2,12,2022,0.3634254508575623,0.36665076412398623,0.0,0.21269112111666644,0.0,0.9749279121818236,-0.22252093395631434,-2.4492935982947064e-16,1.0,0.0
2022-12-03,Beras Medium,8863.421207731366,9144.469096487093,Padi,Q3-2022,2022.0,6888.789699999999,55.24063247,38054.11,3,12,2022,0.4015202637777797,0.2540631510888818,0.0,0.21269112111666644,0.0,0.43388373911755823,-0.900968867902419,-2.4492935982947064e-16,1.0,0.0
2022-12-04,Beras Medium,8867.251305504707,9159.948295062204,Padi,Q3-2022,2022.0,6888.789699999999,55.24063247,38054.11,4,12,2022,0.4038208642135146,0.2589650203836418,0.0,0.21269112111666644,0.0,-0.433883739117558,-0.9009688679024191,-2.4492935982947064e-16,1.0,0.0
2022-12-05,Beras Medium,8900.0,9500.0,Padi,Q3-2022,2022.0,6888.789699999999,55.24063247,38054.11,5,12,2022,0.4234918139605428,0.36665076412398623,0.0,0.21269112111666644,0.0,-0.9749279121818236,-0.2225209339563146,-2.4492935982947064e-16,1.0,0.0
2022-12-06,Beras Medium,8900.0,9500.0,Padi,Q3-2022,2022.0,6888.789699999999,55.24063247,38054.11,6,12,2022,0.4234918139605428,0.36665076412398623,0.0,0.21269112111666644,0.0,-0.7818314824680299,0.6234898018587334,-2.4492935982947064e-16,1.0,0.0
2022-12-07,Beras Medium,8900.0,9500.0,Padi,Q3-2022,2022.0,6888.789699999999,55.24063247,38054.11,7,12,2022,0.4234918139605428,0.36665076412398623,0.0,0.21269112111666644,0.0,-2.4492935982947064e-16,1.0,-2.4492935982947064e-16,1.0,0.0
2022-12-08,Beras Medium,8900.0,9500.0,Padi,Q3-2022,2022.0,6888.789699999999,55.24063247,38054.11,8,12,2022,0.4234918139605428,0.36665076412398623,0.0,0.21269112111666644,0.0,0.7818314824680296,0.6234898018587337,-2.4492935982947064e-16,1.0,0.0
2022-12-09,Beras Medium,8900.0,9500.0,Padi,Q3-2022,2022.0,6888.789699999999,55.24063247,38054.11,9,12,2022,0.4234918139605428,0.36665076412398623,0.0,0.21269112111666644,0.0,0.9749279121818237,-0.2225209339563141,-2.4492935982947064e-16,1.0,0.0
2022-12-10,Beras Medium,8893.286953489998,9496.742830850122,Padi,Q3-2022,2022.0,6888.789699999999,55.24063247,38054.11,10,12,2022,0.4194595310685729,0.365619301327889,0.0,0.21269112111666644,0.0,0.43388373911755845,-0.9009688679024189,-2.4492935982947064e-16,1.0,0.0
2022-12-11,Beras Medium,8894.52991963005,9498.21078484942,Padi,Q3-2022,2022.0,6888.789699999999,55.24063247,38054.11,11,12,2022,0.42020613562350295,0.36608416509976704,0.0,0.21269112111666644,0.0,-0.4338837391175562,-0.90096886790242,-2.4492935982947064e-16,1.0,0.0
2022-12-12,Beras Medium,8900.0,9500.0,Padi,Q3-2022,2022.0,6888.789699999999,55.24063247,38054.11,12,12,2022,0.4234918139605428,0.36665076412398623,0.0,0.21269112111666644,0.0,-0.9749279121818235,-0.2225209339563148,-2.4492935982947064e-16,1.0,0.0
2022-12-13,Beras Medium,8900.0,9500.0,Padi,Q3-2022,2022.0,6888.789699999999,55.24063247,38054.11,13,12,2022,0.4234918139605428,0.36665076412398623,0.0,0.21269112111666644,0.0,-0.781831482468029,0.6234898018587346,-2.4492935982947064e-16,1.0,0.0
2022-12-14,Beras Medium,8900.0,9500.0,Padi,Q3-2022,2022.0,6888.789699999999,55.24063247,38054.11,14,12,2022,0.4234918139605428,0.36665076412398623,0.0,0.21269112111666644,0.0,-4.898587196589413e-16,1.0,-2.4492935982947064e-16,1.0,0.0
2022-12-15,Beras Medium,8900.0,9500.0,Padi,Q3-2022,2022.0,6888.789699999999,55.24063247,38054.11,15,12,2022,0.4234918139605428,0.36665076412398623,0.0,0.21269112111666644,0.0,0.7818314824680284,0.6234898018587354,-2.4492935982947064e-16,1.0,0.0
2022-12-16,Beras Medium,8900.0,9500.0,Padi,Q3-2022,2022.0,6888.789699999999,55.24063247,38054.11,16,12,2022,0.4234918139605428,0.36665076412398623,0.0,0.21269112111666644,0.0,0.9749279121818237,-0.22252093395631387,-2.4492935982947064e-16,1.0,0.0
2022-12-17,Beras Medium,8901.995847555685,9635.468213658649,Padi,Q3-2022,2022.0,6888.789699999999,55.24063247,38054.11,17,12,2022,0.42469064700032266,0.40955010892708277,0.0,0.21269112111666644,0.0,0.43388373911755707,-0.9009688679024196,-2.4492935982947064e-16,1.0,0.0
2022-12-18,Beras Medium,8903.063495372606,9957.47432832341,Padi,Q3-2022,2022.0,6888.789699999999,55.24063247,38054.11,18,12,2022,0.4253319442146948,0.511521272262248,0.0,0.21269112111666644,0.0,-0.43388373911755757,-0.9009688679024194,-2.4492935982947064e-16,1.0,0.0
2022-12-19,Beras Medium,8900.0,9500.0,Padi,Q3-2022,2022.0,6888.789699999999,55.24063247,38054.11,19,12,2022,0.4234918139605428,0.36665076412398623,0.0,0.21269112111666644,0.0,-0.9749279121818235,-0.22252093395631506,-2.4492935982947064e-16,1.0,0.0
2022-12-20,Beras Medium,8900.0,9500.0,Padi,Q3-2022,2022.0,6888.789699999999,55.24063247,38054.11,20,12,2022,0.4234918139605428,0.36665076412398623,0.0,0.21269112111666644,0.0,-0.7818314824680302,0.6234898018587329,-2.4492935982947064e-16,1.0,0.0
2022-12-21,Beras Medium,8900.0,9500.0,Padi,Q3-2022,2022.0,6888.789699999999,55.24063247,38054.11,21,12,2022,0.4234918139605428,0.36665076412398623,0.0,0.21269112111666644,0.0,-7.347880794884119e-16,1.0,-2.4492935982947064e-16,1.0,0.0
2022-12-22,Beras Medium,8900.0,9500.0,Padi,Q3-2022,2022.0,6888.789699999999,55.24063247,38054.11,22,12,2022,0.4234918139605428,0.36665076412398623,0.0,0.21269112111666644,0.0,0.7818314824680271,0.6234898018587369,-2.4492935982947064e-16,1.0,0.0
2022-12-23,Beras Medium,8900.0,9500.0,Padi,Q3-2022,2022.0,6888.789699999999,55.24063247,38054.11,23,12,2022,0.4234918139605428,0.36665076412398623,0.0,0.21269112111666644,0.0,0.9749279121818238,-0.22252093395631362,-2.4492935982947064e-16,1.0,0.0
2022-12-24,Beras Medium,8899.618337366579,9772.177189862861,Padi,Q3-2022,2022.0,6888.789699999999,55.24063247,38054.11,24,12,2022,0.4232625630973237,0.4528423717352479,0.0,0.21269112111666644,0.0,0.4338837391175589,-0.9009688679024188,-2.4492935982947064e-16,1.0,0.0
2022-12-25,Beras Medium,8899.85784842942,9791.077147645683,Padi,Q3-2022,2022.0,6888.789699999999,55.24063247,38054.11,25,12,2022,0.42340642868200096,0.45882750864516764,0.0,0.21269112111666644,0.0,-0.43388373911755734,-0.9009688679024195,-2.4492935982947064e-16,1.0,0.0
2022-12-26,Beras Medium,8900.0,9500.0,Padi,Q3-2022,2022.0,6888.789699999999,55.24063247,38054.11,26,12,2022,0.4234918139605428,0.36665076412398623,0.0,0.21269112111666644,0.0,-0.9749279121818242,-0.22252093395631184,-2.4492935982947064e-16,1.0,0.0
2022-12-27,Beras Medium,8900.0,9500.0,Padi,Q3-2022,2022.0,6888.789699999999,55.24063247,38054.11,27,12,2022,0.4234918139605428,0.36665076412398623,0.0,0.21269112111666644,0.0,-0.7818314824680304,0.6234898018587328,-2.4492935982947064e-16,1.0,0.0
2022-12-28,Beras Medium,8900.0,9500.0,Padi,Q3-2022,2022.0,6888.789699999999,55.24063247,38054.11,28,12,2022,0.4234918139605428,0.36665076412398623,0.0,0.21269112111666644,0.0,-9.797174393178826e-16,1.0,-2.4492935982947064e-16,1.0,0.0
2022-12-29,Beras Medium,8900.0,9500.0,Padi,Q3-2022,2022.0,6888.789699999999,55.24063247,38054.11,29,12,2022,0.4234918139605428,0.36665076412398623,0.0,0.21269112111666644,0.0,0.7818314824680291,0.6234898018587344,-2.4492935982947064e-16,1.0,0.0
2022-12-30,Beras Medium,8900.0,9500.0,Padi,Q3-2022,2022.0,6888.789699999999,55.24063247,38054.11,30,12,2022,0.4234918139605428,0.36665076412398623,0.0,0.21269112111666644,0.0,0.9749279121818246,-0.22252093395630992,-2.4492935982947064e-16,1.0,0.0
2022-12-31,Beras Medium,8981.629136154163,9490.132732846227,Padi,Q3-2022,2022.0,6888.789699999999,55.24063247,38054.11,31,12,2022,0.4725234672807286,0.36352605106797276,0.0,0.21269112111666644,0.0,0.4338837391175591,-0.9009688679024187,-2.4492935982947064e-16,1.0,0.0
2023-01-01,Beras Medium,9006.021924323844,9694.629952245905,Padi,Q1-2023,2023.0,27965.3606,55.22955171000001,154451.4329,1,1,2023,0.48717532799367014,0.4282851298907504,0.6655514665935293,0.21023839132998923,0.6659180391493043,0.7818314824680298,0.6234898018587336,0.49999999999999994,0.8660254037844387,1.0
2023-01-02,Beras Medium,8800.0,9500.0,Padi,Q1-2023,2023.0,27965.3606,55.22955171000001,154451.4329,2,1,2023,0.3634254508575623,0.36665076412398623,0.6655514665935293,0.21023839132998923,0.6659180391493043,0.9749279121818236,-0.22252093395631434,0.49999999999999994,0.8660254037844387,1.0
2023-01-03,Beras Medium,8800.0,9500.0,Padi,Q1-2023,2023.0,27965.3606,55.22955171000001,154451.4329,3,1,2023,0.3634254508575623,0.36665076412398623,0.6655514665935293,0.21023839132998923,0.6659180391493043,0.43388373911755823,-0.900968867902419,0.49999999999999994,0.8660254037844387,1.0
2023-01-04,Beras Medium,8800.0,9500.0,Padi,Q1-2023,2023.0,27965.3606,55.22955171000001,154451.4329,4,1,2023,0.3634254508575623,0.36665076412398623,0.6655514665935293,0.21023839132998923,0.6659180391493043,-0.433883739117558,-0.9009688679024191,0.49999999999999994,0.8660254037844387,1.0
2023-01-05,Beras Medium,8800.0,9500.0,Padi,Q1-2023,2023.0,27965.3606,55.22955171000001,154451.4329,5,1,2023,0.3634254508575623,0.36665076412398623,0.6655514665935293,0.21023839132998923,0.6659180391493043,-0.9749279121818236,-0.2225209339563146,0.49999999999999994,0.8660254037844387,1.0
2023-01-06,Beras Medium,8800.0,9500.0,Padi,Q1-2023,2023.0,27965.3606,55.22955171000001,154451.4329,6,1,2023,0.3634254508575623,0.36665076412398623,0.6655514665935293,0.21023839132998923,0.6659180391493043,-0.7818314824680299,0.6234898018587334,0.49999999999999994,0.8660254037844387,1.0
2023-01-07,Beras Medium,9098.692934770832,9819.669113881127,Padi,Q1-2023,2023.0,27965.3606,55.22955171000001,154451.4329,7,1,2023,0.5428394336199585,0.4678818586288731,0.6655514665935293,0.21023839132998923,0.6659180391493043,-2.4492935982947064e-16,1.0,0.49999999999999994,0.8660254037844387,1.0
2023-01-08,Beras Medium,9104.705697286994,9792.954366720769,Padi,Q1-2023,2023.0,27965.3606,55.22955171000001,154451.4329,8,1,2023,0.5464510813854364,0.4594219762785565,0.6655514665935293,0.21023839132998923,0.6659180391493043,0.7818314824680296,0.6234898018587337,0.49999999999999994,0.8660254037844387,1.0
2023-01-09,Beras Medium,9300.0,10500.0,Padi,Q1-2023,2023.0,27965.3606,55.22955171000001,154451.4329,9,1,2023,0.663757266372464,0.6833253820619931,0.6655514665935293,0.21023839132998923,0.6659180391493043,0.9749279121818237,-0.2225209339563141,0.49999999999999994,0.8660254037844387,1.0
2023-01-10,Beras Medium,9300.0,10500.0,Padi,Q1-2023,2023.0,27965.3606,55.22955171000001,154451.4329,10,1,2023,0.663757266372464,0.6833253820619931,0.6655514665935293,0.21023839132998923,0.6659180391493043,0.43388373911755845,-0.9009688679024189,0.49999999999999994,0.8660254037844387,1.0
2023-01-11,Beras Medium,9300.0,10500.0,Padi,Q1-2023,2023.0,27965.3606,55.22955171000001,154451.4329,11,1,2023,0.663757266372464,0.6833253820619931,0.6655514665935293,0.21023839132998923,0.6659180391493043,-0.4338837391175562,-0.90096886790242,0.49999999999999994,0.8660254037844387,1.0
2023-01-12,Beras Medium,9300.0,10500.0,Padi,Q1-2023,2023.0,27965.3606,55.22955171000001,154451.4329,12,1,2023,0.663757266372464,0.6833253820619931,0.6655514665935293,0.21023839132998923,0.6659180391493043,-0.9749279121818235,-0.2225209339563148,0.49999999999999994,0.8660254037844387,1.0
2023-01-13,Beras Medium,9300.0,10500.0,Padi,Q1-2023,2023.0,27965.3606,55.22955171000001,154451.4329,13,1,2023,0.663757266372464,0.6833253820619931,0.6655514665935293,0.21023839132998923,0.6659180391493043,-0.781831482468029,0.6234898018587346,0.49999999999999994,0.8660254037844387,1.0
2023-01-14,Beras Medium,9146.158863952962,9879.76295298443,Padi,Q1-2023,2023.0,27965.3606,55.22955171000001,154451.4329,14,1,2023,0.5713504909927005,0.48691205216734,0.6655514665935293,0.21023839132998923,0.6659180391493043,-4.898587196589413e-16,1.0,0.49999999999999994,0.8660254037844387,1.0
2023-01-15,Beras Medium,9156.800195694226,9891.249326482626,Padi,Q1-2023,2023.0,27965.3606,55.22955171000001,154451.4329,15,1,2023,0.5777423519554006,0.49054949510637424,0.6655514665935293,0.21023839132998923,0.6659180391493043,0.7818314824680284,0.6234898018587354,0.49999999999999994,0.8660254037844387,1.0
2023-01-16,Beras Medium,9300.0,10500.0,Padi,Q1-2023,2023.0,27965.3606,55.22955171000001,154451.4329,16,1,2023,0.663757266372464,0.6833253820619931,0.6655514665935293,0.21023839132998923,0.6659180391493043,0.9749279121818237,-0.22252093395631387,0.49999999999999994,0.8660254037844387,1.0
2023-01-17,Beras Medium,9300.0,10500.0,Padi,Q1-2023,2023.0,27965.3606,55.22955171000001,154451.4329,17,1,2023,0.663757266372464,0.6833253820619931,0.6655514665935293,0.21023839132998923,0.6659180391493043,0.43388373911755707,-0.9009688679024196,0.49999999999999994,0.8660254037844387,1.0
2023-01-18,Beras Medium,9300.0,10500.0,Padi,Q1-2023,2023.0,27965.3606,55.22955171000001,154451.4329,18,1,2023,0.663757266372464,0.6833253820619931,0.6655514665935293,0.21023839132998923,0.6659180391493043,-0.43388373911755757,-0.9009688679024194,0.49999999999999994,0.8660254037844387,1.0
2023-01-19,Beras Medium,9300.0,10500.0,Padi,Q1-2023,2023.0,27965.3606,55.22955171000001,154451.4329,19,1,2023,0.663757266372464,0.6833253820619931,0.6655514665935293,0.21023839132998923,0.6659180391493043,-0.9749279121818235,-0.22252093395631506,0.49999999999999994,0.8660254037844387,1.0
2023-01-20,Beras Medium,9300.0,10500.0,Padi,Q1-2023,2023.0,27965.3606,55.22955171000001,154451.4329,20,1,2023,0.663757266372464,0.6833253820619931,0.6655514665935293,0.21023839132998923,0.6659180391493043,-0.7818314824680302,0.6234898018587329,0.49999999999999994,0.8660254037844387,1.0
2023-01-21,Beras Medium,9270.188744574423,10465.796492160636,Padi,Q1-2023,2023.0,27965.3606,55.22955171000001,154451.4329,21,1,2023,0.64585072944298,0.6724939992848227,0.6655514665935293,0.21023839132998923,0.6659180391493043,-7.347880794884119e-16,1.0,0.49999999999999994,0.8660254037844387,1.0
2023-01-22,Beras Medium,9271.698686377245,10464.064630237504,Padi,Q1-2023,2023.0,27965.3606,55.22955171000001,154451.4329,22,1,2023,0.6467576965689066,0.6719455625719934,0.6655514665935293,0.21023839132998923,0.6659180391493043,0.7818314824680271,0.6234898018587369,0.49999999999999994,0.8660254037844387,1.0
2023-01-23,Beras Medium,9300.0,10500.0,Padi,Q1-2023,2023.0,27965.3606,55.22955171000001,154451.4329,23,1,2023,0.663757266372464,0.6833253820619931,0.6655514665935293,0.21023839132998923,0.6659180391493043,0.9749279121818238,-0.22252093395631362,0.49999999999999994,0.8660254037844387,1.0
2023-01-24,Beras Medium,9300.0,10500.0,Padi,Q1-2023,2023.0,27965.3606,55.22955171000001,154451.4329,24,1,2023,0.663757266372464,0.6833253820619931,0.6655514665935293,0.21023839132998923,0.6659180391493043,0.4338837391175589,-0.9009688679024188,0.49999999999999994,0.8660254037844387,1.0
2023-01-25,Beras Medium,9300.0,10500.0,Padi,Q1-2023,2023.0,27965.3606,55.22955171000001,154451.4329,25,1,2023,0.663757266372464,0.6833253820619931,0.6655514665935293,0.21023839132998923,0.6659180391493043,-0.43388373911755734,-0.9009688679024195,0.49999999999999994,0.8660254037844387,1.0
2023-01-26,Beras Medium,9300.0,10500.0,Padi,Q1-2023,2023.0,27965.3606,55.22955171000001,154451.4329,26,1,2023,0.663757266372464,0.6833253820619931,0.6655514665935293,0.21023839132998923,0.6659180391493043,-0.9749279121818242,-0.22252093395631184,0.49999999999999994,0.8660254037844387,1.0
2023-01-27,Beras Medium,9300.0,10500.0,Padi,Q1-2023,2023.0,27965.3606,55.22955171000001,154451.4329,27,1,2023,0.663757266372464,0.6833253820619931,0.6655514665935293,0.21023839132998923,0.6659180391493043,-0.7818314824680304,0.6234898018587328,0.49999999999999994,0.8660254037844387,1.0
2023-01-28,Beras Medium,9299.802996318764,9962.172510697688,Padi,Q1-2023,2023.0,27965.3606,55.22955171000001,154451.4329,28,1,2023,0.6636389334259665,0.5130090673706258,0.6655514665935293,0.21023839132998923,0.6659180391493043,-9.797174393178826e-16,1.0,0.49999999999999994,0.8660254037844387,1.0
2023-01-29,Beras Medium,9299.711517946642,9955.734927988944,Padi,Q1-2023,2023.0,27965.3606,55.22955171000001,154451.4329,29,1,2023,0.6635839856948067,0.5109704483258901,0.6655514665935293,0.21023839132998923,0.6659180391493043,0.7818314824680291,0.6234898018587344,0.49999999999999994,0.8660254037844387,1.0
2023-01-30,Beras Medium,9300.0,10500.0,Padi,Q1-2023,2023.0,27965.3606,55.22955171000001,154451.4329,30,1,2023,0.663757266372464,0.6833253820619931,0.6655514665935293,0.21023839132998923,0.6659180391493043,0.9749279121818246,-0.22252093395630992,0.49999999999999994,0.8660254037844387,1.0
2023-01-31,Beras Medium,9300.0,10500.0,Padi,Q1-2023,2023.0,27965.3606,55.22955171000001,154451.4329,31,1,2023,0.663757266372464,0.6833253820619931,0.6655514665935293,0.21023839132998923,0.6659180391493043,0.4338837391175591,-0.9009688679024187,0.49999999999999994,0.8660254037844387,1.0
2023-02-01,Beras Medium,9300.0,9000.0,Padi,Q1-2023,2023.0,27965.3606,55.22955171000001,154451.4329,1,2,2023,0.663757266372464,0.20831345515498256,0.6655514665935293,0.21023839132998923,0.6659180391493043,0.7818314824680298,0.6234898018587336,0.8660254037844386,0.5000000000000001,1.0
2023-02-02,Beras Medium,9300.0,9000.0,Padi,Q1-2023,2023.0,27965.3606,55.22955171000001,154451.4329,2,2,2023,0.663757266372464,0.20831345515498256,0.6655514665935293,0.21023839132998923,0.6659180391493043,0.9749279121818236,-0.22252093395631434,0.8660254037844386,0.5000000000000001,1.0
2023-02-03,Beras Medium,9300.0,9000.0,Padi,Q1-2023,2023.0,27965.3606,55.22955171000001,154451.4329,3,2,2023,0.663757266372464,0.20831345515498256,0.6655514665935293,0.21023839132998923,0.6659180391493043,0.43388373911755823,-0.900968867902419,0.8660254037844386,0.5000000000000001,1.0
2023-02-04,Beras Medium,9302.674597829777,9630.070273340034,Padi,Q1-2023,2023.0,27965.3606,55.22955171000001,154451.4329,4,2,2023,0.6653638000164417,0.40784071823903334,0.6655514665935293,0.21023839132998923,0.6659180391493043,-0.433883739117558,-0.9009688679024191,0.8660254037844386,0.5000000000000001,1.0
2023-02-05,Beras Medium,9302.027986351786,9885.913701122287,Padi,Q1-2023,2023.0,27965.3606,55.22955171000001,154451.4329,5,2,2023,0.6649754040182065,0.4888598379839282,0.6655514665935293,0.21023839132998923,0.6659180391493043,-0.9749279121818236,-0.2225209339563146,0.8660254037844386,0.5000000000000001,1.0
2023-02-06,Beras Medium,9300.0,10500.0,Padi,Q1-2023,2023.0,27965.3606,55.22955171000001,154451.4329,6,2,2023,0.663757266372464,0.6833253820619931,0.6655514665935293,0.21023839132998923,0.6659180391493043,-0.7818314824680299,0.6234898018587334,0.8660254037844386,0.5000000000000001,1.0
2023-02-07,Beras Medium,9300.0,10500.0,Padi,Q1-2023,2023.0,27965.3606,55.22955171000001,154451.4329,7,2,2023,0.663757266372464,0.6833253820619931,0.6655514665935293,0.21023839132998923,0.6659180391493043,-2.4492935982947064e-16,1.0,0.8660254037844386,0.5000000000000001,1.0
2023-02-08,Beras Medium,9300.0,10500.0,Padi,Q1-2023,2023.0,27965.3606,55.22955171000001,154451.4329,8,2,2023,0.663757266372464,0.6833253820619931,0.6655514665935293,0.21023839132998923,0.6659180391493043,0.7818314824680296,0.6234898018587337,0.8660254037844386,0.5000000000000001,1.0
2023-02-09,Beras Medium,9300.0,10500.0,Padi,Q1-2023,2023.0,27965.3606,55.22955171000001,154451.4329,9,2,2023,0.663757266372464,0.6833253820619931,0.6655514665935293,0.21023839132998923,0.6659180391493043,0.9749279121818237,-0.2225209339563141,0.8660254037844386,0.5000000000000001,1.0
2023-02-10,Beras Medium,9300.0,10500.0,Padi,Q1-2023,2023.0,27965.3606,55.22955171000001,154451.4329,10,2,2023,0.663757266372464,0.6833253820619931,0.6655514665935293,0.21023839132998923,0.6659180391493043,0.43388373911755845,-0.9009688679024189,0.8660254037844386,0.5000000000000001,1.0
2023-02-11,Beras Medium,9298.716889811196,9642.048608822091,Padi,Q1-2023,2023.0,27965.3606,55.22955171000001,154451.4329,11,2,2023,0.6629865487474458,0.4116339530513473,0.6655514665935293,0.21023839132998923,0.6659180391493043,-0.4338837391175562,-0.90096886790242,0.8660254037844386,0.5000000000000001,1.0
2023-02-12,Beras Medium,9298.0632453901,9626.249829991912,Padi,Q1-2023,2023.0,27965.3606,55.22955171000001,154451.4329,12,2,2023,0.6625939283160678,0.40663088080141296,0.6655514665935293,0.21023839132998923,0.6659180391493043,-0.9749279121818235,-0.2225209339563148,0.8660254037844386,0.5000000000000001,1.0
2023-02-13,Beras Medium,9300.0,10500.0,Padi,Q1-2023,2023.0,27965.3606,55.22955171000001,154451.4329,13,2,2023,0.663757266372464,0.6833253820619931,0.6655514665935293,0.21023839132998923,0.6659180391493043,-0.781831482468029,0.6234898018587346,0.8660254037844386,0.5000000000000001,1.0
2023-02-14,Beras Medium,9300.0,10500.0,Padi,Q1-2023,2023.0,27965.3606,55.22955171000001,154451.4329,14,2,2023,0.663757266372464,0.6833253820619931,0.6655514665935293,0.21023839132998923,0.6659180391493043,-4.898587196589413e-16,1.0,0.8660254037844386,0.5000000000000001,1.0
2023-02-15,Beras Medium,9300.0,10500.0,Padi,Q1-2023,2023.0,27965.3606,55.22955171000001,154451.4329,15,2,2023,0.663757266372464,0.6833253820619931,0.6655514665935293,0.21023839132998923,0.6659180391493043,0.7818314824680284,0.6234898018587354,0.8660254037844386,0.5000000000000001,1.0
2023-02-16,Beras Medium,9300.0,10500.0,Padi,Q1-2023,2023.0,27965.3606,55.22955171000001,154451.4329,16,2,2023,0.663757266372464,0.6833253820619931,0.6655514665935293,0.21023839132998923,0.6659180391493043,0.9749279121818237,-0.22252093395631387,0.8660254037844386,0.5000000000000001,1.0
2023-02-17,Beras Medium,9300.0,10500.0,Padi,Q1-2023,2023.0,27965.3606,55.22955171000001,154451.4329,17,2,2023,0.663757266372464,0.6833253820619931,0.6655514665935293,0.21023839132998923,0.6659180391493043,0.43388373911755707,-0.9009688679024196,0.8660254037844386,0.5000000000000001,1.0
2023-02-18,Beras Medium,9290.982528487863,9367.319095431609,Padi,Q1-2023,2023.0,27965.3606,55.22955171000001,154451.4329,18,2,2023,0.6583407991912757,0.32463408936212135,0.6655514665935293,0.21023839132998923,0.6659180391493043,-0.43388373911755757,-0.9009688679024194,0.8660254037844386,0.5000000000000001,1.0
2023-02-19,Beras Medium,9290.001310657064,9817.45505732875,Padi,Q1-2023,2023.0,27965.3606,55.22955171000001,154451.4329,19,2,2023,0.6577514173261969,0.4671807231160563,0.6655514665935293,0.21023839132998923,0.6659180391493043,-0.9749279121818235,-0.22252093395631506,0.8660254037844386,0.5000000000000001,1.0
2023-02-20,Beras Medium,9600.0,11500.0,Padi,Q1-2023,2023.0,27965.3606,55.22955171000001,154451.4329,20,2,2023,0.8439563556814047,1.0,0.6655514665935293,0.21023839132998923,0.6659180391493043,-0.7818314824680302,0.6234898018587329,0.8660254037844386,0.5000000000000001,1.0
2023-02-21,Beras Medium,9600.0,11500.0,Padi,Q1-2023,2023.0,27965.3606,55.22955171000001,154451.4329,21,2,2023,0.8439563556814047,1.0,0.6655514665935293,0.21023839132998923,0.6659180391493043,-7.347880794884119e-16,1.0,0.8660254037844386,0.5000000000000001,1.0
2023-02-22,Beras Medium,9600.0,11500.0,Padi,Q1-2023,2023.0,27965.3606,55.22955171000001,154451.4329,22,2,2023,0.8439563556814047,1.0,0.6655514665935293,0.21023839132998923,0.6659180391493043,0.7818314824680271,0.6234898018587369,0.8660254037844386,0.5000000000000001,1.0
2023-02-23,Beras Medium,9600.0,11500.0,Padi,Q1-2023,2023.0,27965.3606,55.22955171000001,154451.4329,23,2,2023,0.8439563556814047,1.0,0.6655514665935293,0.21023839132998923,0.6659180391493043,0.9749279121818238,-0.22252093395631362,0.8660254037844386,0.5000000000000001,1.0
2023-02-24,Beras Medium,9600.0,11500.0,Padi,Q1-2023,2023.0,27965.3606,55.22955171000001,154451.4329,24,2,2023,0.8439563556814047,1.0,0.6655514665935293,0.21023839132998923,0.6659180391493043,0.4338837391175589,-0.9009688679024188,0.8660254037844386,0.5000000000000001,1.0
2023-02-25,Beras Medium,9303.71979388134,9937.124832813814,Padi,Q1-2023,2023.0,27965.3606,55.22955171000001,154451.4329,25,2,2023,0.6659916112719122,0.5050771035465154,0.6655514665935293,0.21023839132998923,0.6659180391493043,-0.43388373911755734,-0.9009688679024195,0.8660254037844386,0.5000000000000001,1.0
2023-02-26,Beras Medium,9303.547940553974,9917.442812520274,Padi,Q1-2023,2023.0,27965.3606,55.22955171000001,154451.4329,26,2,2023,0.6658883852282917,0.498844307289811,0.6655514665935293,0.21023839132998923,0.6659180391493043,-0.9749279121818242,-0.22252093395631184,0.8660254037844386,0.5000000000000001,1.0
2023-02-27,Beras Medium,9600.0,11500.0,Padi,Q1-2023,2023.0,27965.3606,55.22955171000001,154451.4329,27,2,2023,0.8439563556814047,1.0,0.6655514665935293,0.21023839132998923,0.6659180391493043,-0.7818314824680304,0.6234898018587328,0.8660254037844386,0.5000000000000001,1.0
2023-02-28,Beras Medium,9600.0,11500.0,Padi,Q1-2023,2023.0,27965.3606,55.22955171000001,154451.4329,28,2,2023,0.8439563556814047,1.0,0.6655514665935293,0.21023839132998923,0.6659180391493043,-9.797174393178826e-16,1.0,0.8660254037844386,0.5000000000000001,1.0
2023-03-01,Beras Medium,9300.0,9000.0,Padi,Q1-2023,2023.0,27965.3606,55.22955171000001,154451.4329,1,3,2023,0.663757266372464,0.20831345515498256,0.6655514665935293,0.21023839132998923,0.6659180391493043,0.7818314824680298,0.6234898018587336,1.0,6.123233995736766e-17,1.0
2023-03-02,Beras Medium,9300.0,9000.0,Padi,Q1-2023,2023.0,27965.3606,55.22955171000001,154451.4329,2,3,2023,0.663757266372464,0.20831345515498256,0.6655514665935293,0.21023839132998923,0.6659180391493043,0.9749279121818236,-0.22252093395631434,1.0,6.123233995736766e-17,1.0
2023-03-03,Beras Medium,9300.0,9000.0,Padi,Q1-2023,2023.0,27965.3606,55.22955171000001,154451.4329,3,3,2023,0.663757266372464,0.20831345515498256,0.6655514665935293,0.21023839132998923,0.6659180391493043,0.43388373911755823,-0.900968867902419,1.0,6.123233995736766e-17,1.0
2023-03-04,Beras Medium,9300.815889947065,8342.184553623547,Padi,Q1-2023,2023.0,27965.3606,55.22955171000001,154451.4329,4,3,2023,0.6642473417905892,0.0,0.6655514665935293,0.21023839132998923,0.6659180391493043,-0.433883739117558,-0.9009688679024191,1.0,6.123233995736766e-17,1.0
2023-03-05,Beras Medium,9300.680169814055,8458.108578262867,Padi,Q1-2023,2023.0,27965.3606,55.22955171000001,154451.4329,5,3,2023,0.6641658196426912,0.03671019621249272,0.6655514665935293,0.21023839132998923,0.6659180391493043,-0.9749279121818236,-0.2225209339563146,1.0,6.123233995736766e-17,1.0
2023-03-06,Beras Medium,9300.0,9000.0,Padi,Q1-2023,2023.0,27965.3606,55.22955171000001,154451.4329,6,3,2023,0.663757266372464,0.20831345515498256,0.6655514665935293,0.21023839132998923,0.6659180391493043,-0.7818314824680299,0.6234898018587334,1.0,6.123233995736766e-17,1.0
2023-03-07,Beras Medium,9300.0,9000.0,Padi,Q1-2023,2023.0,27965.3606,55.22955171000001,154451.4329,7,3,2023,0.663757266372464,0.20831345515498256,0.6655514665935293,0.21023839132998923,0.6659180391493043,-2.4492935982947064e-16,1.0,1.0,6.123233995736766e-17,1.0
2023-03-08,Beras Medium,9300.0,9000.0,Padi,Q1-2023,2023.0,27965.3606,55.22955171000001,154451.4329,8,3,2023,0.663757266372464,0.20831345515498256,0.6655514665935293,0.21023839132998923,0.6659180391493043,0.7818314824680296,0.6234898018587337,1.0,6.123233995736766e-17,1.0
2023-03-09,Beras Medium,9300.0,9000.0,Padi,Q1-2023,2023.0,27965.3606,55.22955171000001,154451.4329,9,3,2023,0.663757266372464,0.20831345515498256,0.6655514665935293,0.21023839132998923,0.6659180391493043,0.9749279121818237,-0.2225209339563141,1.0,6.123233995736766e-17,1.0
2023-03-10,Beras Medium,9300.0,9000.0,Padi,Q1-2023,2023.0,27965.3606,55.22955171000001,154451.4329,10,3,2023,0.663757266372464,0.20831345515498256,0.6655514665935293,0.21023839132998923,0.6659180391493043,0.43388373911755845,-0.9009688679024189,1.0,6.123233995736766e-17,1.0
2023-03-11,Beras Medium,9299.910728113646,9049.237135839685,Padi,Q1-2023,2023.0,27965.3606,55.22955171000001,154451.4329,11,3,2023,0.6637036439970574,0.22390560633537637,0.6655514665935293,0.21023839132998923,0.6659180391493043,-0.4338837391175562,-0.90096886790242,1.0,6.123233995736766e-17,1.0
2023-03-12,Beras Medium,9299.861646596,9050.794138920111,Padi,Q1-2023,2023.0,27965.3606,55.22955171000001,154451.4329,12,3,2023,0.663674162514452,0.22439866969099898,0.6655514665935293,0.21023839132998923,0.6659180391493043,-0.9749279121818235,-0.2225209339563148,1.0,6.123233995736766e-17,1.0
2023-03-13,Beras Medium,9300.0,9000.0,Padi,Q1-2023,2023.0,27965.3606,55.22955171000001,154451.4329,13,3,2023,0.663757266372464,0.20831345515498256,0.6655514665935293,0.21023839132998923,0.6659180391493043,-0.781831482468029,0.6234898018587346,1.0,6.123233995736766e-17,1.0
2023-03-14,Beras Medium,9300.0,9000.0,Padi,Q1-2023,2023.0,27965.3606,55.22955171000001,154451.4329,14,3,2023,0.663757266372464,0.20831345515498256,0.6655514665935293,0.21023839132998923,0.6659180391493043,-4.898587196589413e-16,1.0,1.0,6.123233995736766e-17,1.0
2023-03-15,Beras Medium,9300.0,9000.0,Padi,Q1-2023,2023.0,27965.3606,55.22955171000001,154451.4329,15,3,2023,0.663757266372464,0.20831345515498256,0.6655514665935293,0.21023839132998923,0.6659180391493043,0.7818314824680284,0.6234898018587354,1.0,6.123233995736766e-17,1.0
2023-03-16,Beras Medium,9300.0,9000.0,Padi,Q1-2023,2023.0,27965.3606,55.22955171000001,154451.4329,16,3,2023,0.663757266372464,0.20831345515498256,0.6655514665935293,0.21023839132998923,0.6659180391493043,0.9749279121818237,-0.22252093395631387,1.0,6.123233995736766e-17,1.0
2023-03-17,Beras Medium,9300.0,9000.0,Padi,Q1-2023,2023.0,27965.3606,55.22955171000001,154451.4329,17,3,2023,0.663757266372464,0.20831345515498256,0.6655514665935293,0.21023839132998923,0.6659180391493043,0.43388373911755707,-0.9009688679024196,1.0,6.123233995736766e-17,1.0
2023-03-18,Beras Medium,9299.965495062574,9054.518887540944,Padi,Q1-2023,2023.0,27965.3606,55.22955171000001,154451.4329,18,3,2023,0.6637365405114606,0.22557820303741627,0.6655514665935293,0.21023839132998923,0.6659180391493043,-0.43388373911755757,-0.9009688679024194,1.0,6.123233995736766e-17,1.0
2023-03-19,Beras Medium,9300.025062068387,9054.352874596185,Padi,Q1-2023,2023.0,27965.3606,55.22955171000001,154451.4329,19,3,2023,0.6637723202454628,0.22552563095156186,0.6655514665935293,0.21023839132998923,0.6659180391493043,-0.9749279121818235,-0.22252093395631506,1.0,6.123233995736766e-17,1.0
2023-03-20,Beras Medium,9300.0,9000.0,Padi,Q1-2023,2023.0,27965.3606,55.22955171000001,154451.4329,20,3,2023,0.663757266372464,0.20831345515498256,0.6655514665935293,0.21023839132998923,0.6659180391493043,-0.7818314824680302,0.6234898018587329,1.0,6.123233995736766e-17,1.0
2023-03-21,Beras Medium,9300.0,9000.0,Padi,Q1-2023,2023.0,27965.3606,55.22955171000001,154451.4329,21,3,2023,0.663757266372464,0.20831345515498256,0.6655514665935293,0.21023839132998923,0.6659180391493043,-7.347880794884119e-16,1.0,1.0,6.123233995736766e-17,1.0
2023-03-22,Beras Medium,9300.0,9000.0,Padi,Q1-2023,2023.0,27965.3606,55.22955171000001,154451.4329,22,3,2023,0.663757266372464,0.20831345515498256,0.6655514665935293,0.21023839132998923,0.6659180391493043,0.7818314824680271,0.6234898018587369,1.0,6.123233995736766e-17,1.0
2023-03-23,Beras Medium,9299.390503764764,9052.201842150836,Padi,Q1-2023,2023.0,27965.3606,55.22955171000001,154451.4329,23,3,2023,0.663391164150708,0.22484445357375904,0.6655514665935293,0.21023839132998923,0.6659180391493043,0.9749279121818238,-0.22252093395631362,1.0,6.123233995736766e-17,1.0
2023-03-24,Beras Medium,9300.0,9000.0,Padi,Q1-2023,2023.0,27965.3606,55.22955171000001,154451.4329,24,3,2023,0.663757266372464,0.20831345515498256,0.6655514665935293,0.21023839132998923,0.6659180391493043,0.4338837391175589,-0.9009688679024188,1.0,6.123233995736766e-17,1.0
2023-03-25,Beras Medium,9297.401073008416,9050.35888084185,Padi,Q1-2023,2023.0,27965.3606,55.22955171000001,154451.4329,25,3,2023,0.6621961854489173,0.22426083450536094,0.6655514665935293,0.21023839132998923,0.6659180391493043,-0.43388373911755734,-0.9009688679024195,1.0,6.123233995736766e-17,1.0
2023-03-26,Beras Medium,9303.922750645494,9539.509962185646,Padi,Q1-2023,2023.0,27965.3606,55.22955171000001,154451.4329,26,3,2023,0.6661135200188104,0.37916256630387046,0.6655514665935293,0.21023839132998923,0.6659180391493043,-0.9749279121818242,-0.22252093395631184,1.0,6.123233995736766e-17,1.0
2023-03-27,Beras Medium,9300.0,9000.0,Padi,Q1-2023,2023.0,27965.3606,55.22955171000001,154451.4329,27,3,2023,0.663757266372464,0.20831345515498256,0.6655514665935293,0.21023839132998923,0.6659180391493043,-0.7818314824680304,0.6234898018587328,1.0,6.123233995736766e-17,1.0
2023-03-28,Beras Medium,9300.0,9000.0,Padi,Q1-2023,2023.0,27965.3606,55.22955171000001,154451.4329,28,3,2023,0.663757266372464,0.20831345515498256,0.6655514665935293,0.21023839132998923,0.6659180391493043,-9.797174393178826e-16,1.0,1.0,6.123233995736766e-17,1.0
2023-03-29,Beras Medium,9300.0,9000.0,Padi,Q1-2023,2023.0,27965.3606,55.22955171000001,154451.4329,29,3,2023,0.663757266372464,0.20831345515498256,0.6655514665935293,0.21023839132998923,0.6659180391493043,0.7818314824680291,0.6234898018587344,1.0,6.123233995736766e-17,1.0
2023-03-30,Beras Medium,9300.0,9000.0,Padi,Q1-2023,2023.0,27965.3606,55.22955171000001,154451.4329,30,3,2023,0.663757266372464,0.20831345515498256,0.6655514665935293,0.21023839132998923,0.6659180391493043,0.9749279121818246,-0.22252093395630992,1.0,6.123233995736766e-17,1.0
2023-03-31,Beras Medium,9300.0,9000.0,Padi,Q1-2023,2023.0,27965.3606,55.22955171000001,154451.4329,31,3,2023,0.663757266372464,0.20831345515498256,0.6655514665935293,0.21023839132998923,0.6659180391493043,0.4338837391175591,-0.9009688679024187,1.0,6.123233995736766e-17,1.0
2023-04-01,Beras Medium,9300.431202104146,8659.064256458083,Padi,Q1-2023,2023.0,27965.3606,55.22955171000001,154451.4329,1,4,2023,0.664016273794048,0.10034775882743574,0.6655514665935293,0.21023839132998923,0.6659180391493043,0.7818314824680298,0.6234898018587336,0.8660254037844387,-0.4999999999999998,1.0
2023-04-02,Beras Medium,9300.042812485697,8573.407610482833,Padi,Q1-2023,2023.0,27965.3606,55.22955171000001,154451.4329,2,4,2023,0.6637829822755759,0.07322247318937203,0.6655514665935293,0.21023839132998923,0.6659180391493043,0.9749279121818236,-0.22252093395631434,0.8660254037844387,-0.4999999999999998,1.0
2023-04-03,Beras Medium,9300.0,9000.0,Padi,Q1-2023,2023.0,27965.3606,55.22955171000001,154451.4329,3,4,2023,0.663757266372464,0.20831345515498256,0.6655514665935293,0.21023839132998923,0.6659180391493043,0.43388373911755823,-0.900968867902419,0.8660254037844387,-0.4999999999999998,1.0
2023-04-04,Beras Medium,9300.0,9000.0,Padi,Q1-2023,2023.0,27965.3606,55.22955171000001,154451.4329,4,4,2023,0.663757266372464,0.20831345515498256,0.6655514665935293,0.21023839132998923,0.6659180391493043,-0.433883739117558,-0.9009688679024191,0.8660254037844387,-0.4999999999999998,1.0
2023-04-05,Beras Medium,9300.0,9000.0,Padi,Q1-2023,2023.0,27965.3606,55.22955171000001,154451.4329,5,4,2023,0.663757266372464,0.20831345515498256,0.6655514665935293,0.21023839132998923,0.6659180391493043,-0.9749279121818236,-0.2225209339563146,0.8660254037844387,-0.4999999999999998,1.0
2023-04-06,Beras Medium,9300.0,9000.0,Padi,Q1-2023,2023.0,27965.3606,55.22955171000001,154451.4329,6,4,2023,0.663757266372464,0.20831345515498256,0.6655514665935293,0.21023839132998923,0.6659180391493043,-0.7818314824680299,0.6234898018587334,0.8660254037844387,-0.4999999999999998,1.0
2023-04-07,Beras Medium,9298.219111254148,9035.93965639618,Padi,Q1-2023,2023.0,27965.3606,55.22955171000001,154451.4329,7,4,2023,0.6626875512719206,0.21969463211306595,0.6655514665935293,0.21023839132998923,0.6659180391493043,-2.4492935982947064e-16,1.0,0.8660254037844387,-0.4999999999999998,1.0
2023-04-08,Beras Medium,9297.89068275399,9035.140351112856,Padi,Q1-2023,2023.0,27965.3606,55.22955171000001,154451.4329,8,4,2023,0.6624902762164817,0.2194415124178537,0.6655514665935293,0.21023839132998923,0.6659180391493043,0.7818314824680296,0.6234898018587337,0.8660254037844387,-0.4999999999999998,1.0
2023-04-09,Beras Medium,9297.61630768155,9034.389695811464,Padi,Q1-2023,2023.0,27965.3606,55.22955171000001,154451.4329,9,4,2023,0.6623254690892058,0.21920379893708208,0.6655514665935293,0.21023839132998923,0.6659180391493043,0.9749279121818237,-0.2225209339563141,0.8660254037844387,-0.4999999999999998,1.0
2023-04-10,Beras Medium,9300.0,9000.0,Padi,Q1-2023,2023.0,27965.3606,55.22955171000001,154451.4329,10,4,2023,0.663757266372464,0.20831345515498256,0.6655514665935293,0.21023839132998923,0.6659180391493043,0.43388373911755845,-0.9009688679024189,0.8660254037844387,-0.4999999999999998,1.0
2023-04-11,Beras Medium,9300.0,9000.0,Padi,Q1-2023,2023.0,27965.3606,55.22955171000001,154451.4329,11,4,2023,0.663757266372464,0.20831345515498256,0.6655514665935293,0.21023839132998923,0.6659180391493043,-0.4338837391175562,-0.90096886790242,0.8660254037844387,-0.4999999999999998,1.0
2023-04-12,Beras Medium,9300.0,9000.0,Padi,Q1-2023,2023.0,27965.3606,55.22955171000001,154451.4329,12,4,2023,0.663757266372464,0.20831345515498256,0.6655514665935293,0.21023839132998923,0.6659180391493043,-0.9749279121818235,-0.2225209339563148,0.8660254037844387,-0.4999999999999998,1.0
2023-04-13,Beras Medium,9300.0,9000.0,Padi,Q1-2023,2023.0,27965.3606,55.22955171000001,154451.4329,13,4,2023,0.663757266372464,0.20831345515498256,0.6655514665935293,0.21023839132998923,0.6659180391493043,-0.781831482468029,0.6234898018587346,0.8660254037844387,-0.4999999999999998,1.0
2023-04-14,Beras Medium,9300.0,9000.0,Padi,Q1-2023,2023.0,27965.3606,55.22955171000001,154451.4329,14,4,2023,0.663757266372464,0.20831345515498256,0.6655514665935293,0.21023839132998923,0.6659180391493043,-4.898587196589413e-16,1.0,0.8660254037844387,-0.4999999999999998,1.0
2023-04-15,Beras Medium,9297.08889391203,9152.291272450093,Padi,Q1-2023,2023.0,27965.3606,55.22955171000001,154451.4329,15,4,2023,0.6620086708193513,0.25654023567340856,0.6655514665935293,0.21023839132998923,0.6659180391493043,0.7818314824680284,0.6234898018587354,0.8660254037844387,-0.4999999999999998,1.0
2023-04-16,Beras Medium,9296.944316002706,9173.410910977324,Padi,Q1-2023,2023.0,27965.3606,55.22955171000001,154451.4329,16,4,2023,0.6619218281273698,0.2632282891350082,0.6655514665935293,0.21023839132998923,0.6659180391493043,0.9749279121818237,-0.22252093395631387,0.8660254037844387,-0.4999999999999998,1.0
2023-04-17,Beras Medium,9300.0,9000.0,Padi,Q1-2023,2023.0,27965.3606,55.22955171000001,154451.4329,17,4,2023,0.663757266372464,0.20831345515498256,0.6655514665935293,0.21023839132998923,0.6659180391493043,0.43388373911755707,-0.9009688679024196,0.8660254037844387,-0.4999999999999998,1.0
2023-04-18,Beras Medium,9300.0,9000.0,Padi,Q1-2023,2023.0,27965.3606,55.22955171000001,154451.4329,18,4,2023,0.663757266372464,0.20831345515498256,0.6655514665935293,0.21023839132998923,0.6659180391493043,-0.43388373911755757,-0.9009688679024194,0.8660254037844387,-0.4999999999999998,1.0
2023-04-19,Beras Medium,9300.0,9000.0,Padi,Q1-2023,2023.0,27965.3606,55.22955171000001,154451.4329,19,4,2023,0.663757266372464,0.20831345515498256,0.6655514665935293,0.21023839132998923,0.6659180391493043,-0.9749279121818235,-0.22252093395631506,0.8660254037844387,-0.4999999999999998,1.0
2023-04-20,Beras Medium,9300.0,9000.0,Padi,Q1-2023,2023.0,27965.3606,55.22955171000001,154451.4329,20,4,2023,0.663757266372464,0.20831345515498256,0.6655514665935293,0.21023839132998923,0.6659180391493043,-0.7818314824680302,0.6234898018587329,0.8660254037844387,-0.4999999999999998,1.0
2023-04-21,Beras Medium,9300.0,9000.0,Padi,Q1-2023,2023.0,27965.3606,55.22955171000001,154451.4329,21,4,2023,0.663757266372464,0.20831345515498256,0.6655514665935293,0.21023839132998923,0.6659180391493043,-7.347880794884119e-16,1.0,0.8660254037844387,-0.4999999999999998,1.0
2023-04-22,Beras Medium,9300.63517320684,9299.071814209028,Padi,Q1-2023,2023.0,27965.3606,55.22955171000001,154451.4329,22,4,2023,0.6641387918172175,0.30302190765565307,0.6655514665935293,0.21023839132998923,0.6659180391493043,0.7818314824680271,0.6234898018587369,0.8660254037844387,-0.4999999999999998,1.0
2023-04-23,Beras Medium,9300.63592700239,9319.537161819339,Padi,Q1-2023,2023.0,27965.3606,55.22955171000001,154451.4329,23,4,2023,0.6641392445947893,0.30950276379111674,0.6655514665935293,0.21023839132998923,0.6659180391493043,0.9749279121818238,-0.22252093395631362,0.8660254037844387,-0.4999999999999998,1.0
2023-04-24,Beras Medium,9300.0,9000.0,Padi,Q1-2023,2023.0,27965.3606,55.22955171000001,154451.4329,24,4,2023,0.663757266372464,0.20831345515498256,0.6655514665935293,0.21023839132998923,0.6659180391493043,0.4338837391175589,-0.9009688679024188,0.8660254037844387,-0.4999999999999998,1.0
2023-04-25,Beras Medium,9300.0,9000.0,Padi,Q1-2023,2023.0,27965.3606,55.22955171000001,154451.4329,25,4,2023,0.663757266372464,0.20831345515498256,0.6655514665935293,0.21023839132998923,0.6659180391493043,-0.43388373911755734,-0.9009688679024195,0.8660254037844387,-0.4999999999999998,1.0
2023-04-26,Beras Medium,9300.0,9000.0,Padi,Q1-2023,2023.0,27965.3606,55.22955171000001,154451.4329,26,4,2023,0.663757266372464,0.20831345515498256,0.6655514665935293,0.21023839132998923,0.6659180391493043,-0.9749279121818242,-0.22252093395631184,0.8660254037844387,-0.4999999999999998,1.0
2023-04-27,Beras Medium,9300.0,9000.0,Padi,Q1-2023,2023.0,27965.3606,55.22955171000001,154451.4329,27,4,2023,0.663757266372464,0.20831345515498256,0.6655514665935293,0.21023839132998923,0.6659180391493043,-0.7818314824680304,0.6234898018587328,0.8660254037844387,-0.4999999999999998,1.0
2023-04-28,Beras Medium,9300.0,9000.0,Padi,Q1-2023,2023.0,27965.3606,55.22955171000001,154451.4329,28,4,2023,0.663757266372464,0.20831345515498256,0.6655514665935293,0.21023839132998923,0.6659180391493043,-9.797174393178826e-16,1.0,0.8660254037844387,-0.4999999999999998,1.0
2023-04-29,Beras Medium,9303.847619413107,9461.879063249156,Padi,Q1-2023,2023.0,27965.3606,55.22955171000001,154451.4329,29,4,2023,0.6660683914199614,0.3545788310429736,0.6655514665935293,0.21023839132998923,0.6659180391493043,0.7818314824680291,0.6234898018587344,0.8660254037844387,-0.4999999999999998,1.0
2023-04-30,Beras Medium,9310.985986292753,9023.863548915222,Padi,Q1-2023,2023.0,27965.3606,55.22955171000001,154451.4329,30,4,2023,0.6703561487895131,0.21587043539035555,0.6655514665935293,0.21023839132998923,0.6659180391493043,0.9749279121818246,-0.22252093395630992,0.8660254037844387,-0.4999999999999998,1.0
2023-05-01,Beras Medium,9327.631501653586,9023.26091939514,Padi,Q2-2023,2023.0,21687.8044,58.797477900000004,127518.82,1,5,2023,0.6803545044865134,0.21567959791732516,0.46732013402257,1.0,0.5118344887317092,0.7818314824680298,0.6234898018587336,0.49999999999999994,-0.8660254037844387,1.0
2023-05-02,Beras Medium,9300.0,9000.0,Padi,Q2-2023,2023.0,21687.8044,58.797477900000004,127518.82,2,5,2023,0.663757266372464,0.20831345515498256,0.46732013402257,1.0,0.5118344887317092,0.9749279121818236,-0.22252093395631434,0.49999999999999994,-0.8660254037844387,1.0
2023-05-03,Beras Medium,9300.0,9000.0,Padi,Q2-2023,2023.0,21687.8044,58.797477900000004,127518.82,3,5,2023,0.663757266372464,0.20831345515498256,0.46732013402257,1.0,0.5118344887317092,0.43388373911755823,-0.900968867902419,0.49999999999999994,-0.8660254037844387,1.0
2023-05-04,Beras Medium,9300.0,9000.0,Padi,Q2-2023,2023.0,21687.8044,58.797477900000004,127518.82,4,5,2023,0.663757266372464,0.20831345515498256,0.46732013402257,1.0,0.5118344887317092,-0.433883739117558,-0.9009688679024191,0.49999999999999994,-0.8660254037844387,1.0
2023-05-05,Beras Medium,9300.0,9000.0,Padi,Q2-2023,2023.0,21687.8044,58.797477900000004,127518.82,5,5,2023,0.663757266372464,0.20831345515498256,0.46732013402257,1.0,0.5118344887317092,-0.9749279121818236,-0.2225209339563146,0.49999999999999994,-0.8660254037844387,1.0
2023-05-06,Beras Medium,9392.772859489804,9684.316509423228,Padi,Q2-2023,2023.0,21687.8044,58.797477900000004,127518.82,6,5,2023,0.7194825490146268,0.4250191243252539,0.46732013402257,1.0,0.5118344887317092,-0.7818314824680299,0.6234898018587334,0.49999999999999994,-0.8660254037844387,1.0
2023-05-07,Beras Medium,9401.59492067446,9715.860181130538,Padi,Q2-2023,2023.0,21687.8044,58.797477900000004,127518.82,7,5,2023,0.7247816403189704,0.435008204511528,0.46732013402257,1.0,0.5118344887317092,-2.4492935982947064e-16,1.0,0.49999999999999994,-0.8660254037844387,1.0
2023-05-08,Beras Medium,9300.0,9000.0,Padi,Q2-2023,2023.0,21687.8044,58.797477900000004,127518.82,8,5,2023,0.663757266372464,0.20831345515498256,0.46732013402257,1.0,0.5118344887317092,0.7818314824680296,0.6234898018587337,0.49999999999999994,-0.8660254037844387,1.0
2023-05-09,Beras Medium,9300.0,9000.0,Padi,Q2-2023,2023.0,21687.8044,58.797477900000004,127518.82,9,5,2023,0.663757266372464,0.20831345515498256,0.46732013402257,1.0,0.5118344887317092,0.9749279121818237,-0.2225209339563141,0.49999999999999994,-0.8660254037844387,1.0
2023-05-10,Beras Medium,9300.0,9000.0,Padi,Q2-2023,2023.0,21687.8044,58.797477900000004,127518.82,10,5,2023,0.663757266372464,0.20831345515498256,0.46732013402257,1.0,0.5118344887317092,0.43388373911755845,-0.9009688679024189,0.49999999999999994,-0.8660254037844387,1.0
2023-05-11,Beras Medium,9300.0,9000.0,Padi,Q2-2023,2023.0,21687.8044,58.797477900000004,127518.82,11,5,2023,0.663757266372464,0.20831345515498256,0.46732013402257,1.0,0.5118344887317092,-0.4338837391175562,-0.90096886790242,0.49999999999999994,-0.8660254037844387,1.0
2023-05-12,Beras Medium,9300.0,9000.0,Padi,Q2-2023,2023.0,21687.8044,58.797477900000004,127518.82,12,5,2023,0.663757266372464,0.20831345515498256,0.46732013402257,1.0,0.5118344887317092,-0.9749279121818235,-0.2225209339563148,0.49999999999999994,-0.8660254037844387,1.0
2023-05-13,Beras Medium,9442.873826093355,9933.182273342825,Padi,Q2-2023,2023.0,21687.8044,58.797477900000004,127518.82,13,5,2023,0.7495763775328195,0.5038285950323425,0.46732013402257,1.0,0.5118344887317092,-0.781831482468029,0.6234898018587346,0.49999999999999994,-0.8660254037844387,1.0
2023-05-14,Beras Medium,9449.463083008277,9973.268684880213,Padi,Q2-2023,2023.0,21687.8044,58.797477900000004,127518.82,14,5,2023,0.7535343045171246,0.5165229440904504,0.46732013402257,1.0,0.5118344887317092,-4.898587196589413e-16,1.0,0.49999999999999994,-0.8660254037844387,1.0
2023-05-15,Beras Medium,9600.0,10700.0,Padi,Q2-2023,2023.0,21687.8044,58.797477900000004,127518.82,15,5,2023,0.8439563556814047,0.7466603056495944,0.46732013402257,1.0,0.5118344887317092,0.7818314824680284,0.6234898018587354,0.49999999999999994,-0.8660254037844387,1.0
2023-05-16,Beras Medium,9600.0,10700.0,Padi,Q2-2023,2023.0,21687.8044,58.797477900000004,127518.82,16,5,2023,0.8439563556814047,0.7466603056495944,0.46732013402257,1.0,0.5118344887317092,0.9749279121818237,-0.22252093395631387,0.49999999999999994,-0.8660254037844387,1.0
2023-05-17,Beras Medium,9600.0,10700.0,Padi,Q2-2023,2023.0,21687.8044,58.797477900000004,127518.82,17,5,2023,0.8439563556814047,0.7466603056495944,0.46732013402257,1.0,0.5118344887317092,0.43388373911755707,-0.9009688679024196,0.49999999999999994,-0.8660254037844387,1.0
2023-05-18,Beras Medium,9512.075500449186,10127.80723746984,Padi,Q2-2023,2023.0,21687.8044,58.797477900000004,127518.82,18,5,2023,0.7911433065247344,0.5654613811884635,0.46732013402257,1.0,0.5118344887317092,-0.43388373911755757,-0.9009688679024194,0.49999999999999994,-0.8660254037844387,1.0
2023-05-19,Beras Medium,9600.0,10700.0,Padi,Q2-2023,2023.0,21687.8044,58.797477900000004,127518.82,19,5,2023,0.8439563556814047,0.7466603056495944,0.46732013402257,1.0,0.5118344887317092,-0.9749279121818235,-0.22252093395631506,0.49999999999999994,-0.8660254037844387,1.0
2023-05-20,Beras Medium,9532.35703516428,10204.73231284999,Padi,Q2-2023,2023.0,21687.8044,58.797477900000004,127518.82,20,5,2023,0.8033256868095595,0.5898216000443246,0.46732013402257,1.0,0.5118344887317092,-0.7818314824680302,0.6234898018587329,0.49999999999999994,-0.8660254037844387,1.0
2023-05-21,Beras Medium,9544.987940175346,10246.309190405085,Padi,Q2-2023,2023.0,21687.8044,58.797477900000004,127518.82,21,5,2023,0.8109126120766996,0.6029879418591397,0.46732013402257,1.0,0.5118344887317092,-7.347880794884119e-16,1.0,0.49999999999999994,-0.8660254037844387,1.0
2023-05-22,Beras Medium,9600.0,10700.0,Padi,Q2-2023,2023.0,21687.8044,58.797477900000004,127518.82,22,5,2023,0.8439563556814047,0.7466603056495944,0.46732013402257,1.0,0.5118344887317092,0.7818314824680271,0.6234898018587369,0.49999999999999994,-0.8660254037844387,1.0
2023-05-23,Beras Medium,9600.0,10700.0,Padi,Q2-2023,2023.0,21687.8044,58.797477900000004,127518.82,23,5,2023,0.8439563556814047,0.7466603056495944,0.46732013402257,1.0,0.5118344887317092,0.9749279121818238,-0.22252093395631362,0.49999999999999994,-0.8660254037844387,1.0
2023-05-24,Beras Medium,9600.0,10700.0,Padi,Q2-2023,2023.0,21687.8044,58.797477900000004,127518.82,24,5,2023,0.8439563556814047,0.7466603056495944,0.46732013402257,1.0,0.5118344887317092,0.4338837391175589,-0.9009688679024188,0.49999999999999994,-0.8660254037844387,1.0
2023-05-25,Beras Medium,9600.0,10700.0,Padi,Q2-2023,2023.0,21687.8044,58.797477900000004,127518.82,25,5,2023,0.8439563556814047,0.7466603056495944,0.46732013402257,1.0,0.5118344887317092,-0.43388373911755734,-0.9009688679024195,0.49999999999999994,-0.8660254037844387,1.0
2023-05-26,Beras Medium,9600.0,10700.0,Padi,Q2-2023,2023.0,21687.8044,58.797477900000004,127518.82,26,5,2023,0.8439563556814047,0.7466603056495944,0.46732013402257,1.0,0.5118344887317092,-0.9749279121818242,-0.22252093395631184,0.49999999999999994,-0.8660254037844387,1.0
2023-05-27,Beras Medium,9600.996405790227,10553.81273740367,Padi,Q2-2023,2023.0,21687.8044,58.797477900000004,127518.82,27,5,2023,0.8445548604013418,0.7003665101194985,0.46732013402257,1.0,0.5118344887317092,-0.7818314824680304,0.6234898018587328,0.49999999999999994,-0.8660254037844387,1.0
2023-05-28,Beras Medium,9601.093762122146,10680.204950918891,Padi,Q2-2023,2023.0,21687.8044,58.797477900000004,127518.82,28,5,2023,0.8446133388091761,0.7403917160447699,0.46732013402257,1.0,0.5118344887317092,-9.797174393178826e-16,1.0,0.49999999999999994,-0.8660254037844387,1.0
2023-05-29,Beras Medium,9600.0,10700.0,Padi,Q2-2023,2023.0,21687.8044,58.797477900000004,127518.82,29,5,2023,0.8439563556814047,0.7466603056495944,0.46732013402257,1.0,0.5118344887317092,0.7818314824680291,0.6234898018587344,0.49999999999999994,-0.8660254037844387,1.0
2023-05-30,Beras Medium,9600.0,10700.0,Padi,Q2-2023,2023.0,21687.8044,58.797477900000004,127518.82,30,5,2023,0.8439563556814047,0.7466603056495944,0.46732013402257,1.0,0.5118344887317092,0.9749279121818246,-0.22252093395630992,0.49999999999999994,-0.8660254037844387,1.0
2023-05-31,Beras Medium,9600.0,10700.0,Padi,Q2-2023,2023.0,21687.8044,58.797477900000004,127518.82,31,5,2023,0.8439563556814047,0.7466603056495944,0.46732013402257,1.0,0.5118344887317092,0.4338837391175591,-0.9009688679024187,0.49999999999999994,-0.8660254037844387,1.0
2023-06-01,Beras Medium,9600.636904829582,10709.502435712531,Padi,Q2-2023,2023.0,21687.8044,58.797477900000004,127518.82,1,6,2023,0.844338921248962,0.7496694858483406,0.46732013402257,1.0,0.5118344887317092,0.7818314824680298,0.6234898018587336,1.2246467991473532e-16,-1.0,1.0
2023-06-02,Beras Medium,9600.0,10700.0,Padi,Q2-2023,2023.0,21687.8044,58.797477900000004,127518.82,2,6,2023,0.8439563556814047,0.7466603056495944,0.46732013402257,1.0,0.5118344887317092,0.9749279121818236,-0.22252093395631434,1.2246467991473532e-16,-1.0,1.0
2023-06-03,Beras Medium,9593.283975642476,10278.021437190766,Padi,Q2-2023,2023.0,21687.8044,58.797477900000004,127518.82,3,6,2023,0.8399222841047305,0.613030405493951,0.46732013402257,1.0,0.5118344887317092,0.43388373911755823,-0.900968867902419,1.2246467991473532e-16,-1.0,1.0
2023-06-04,Beras Medium,9594.357788580006,10678.033472411864,Padi,Q2-2023,2023.0,21687.8044,58.797477900000004,127518.82,4,6,2023,0.8405672844828338,0.7397040639181967,0.46732013402257,1.0,0.5118344887317092,-0.433883739117558,-0.9009688679024191,1.2246467991473532e-16,-1.0,1.0
2023-06-05,Beras Medium,9600.0,10700.0,Padi,Q2-2023,2023.0,21687.8044,58.797477900000004,127518.82,5,6,2023,0.8439563556814047,0.7466603056495944,0.46732013402257,1.0,0.5118344887317092,-0.9749279121818236,-0.2225209339563146,1.2246467991473532e-16,-1.0,1.0
2023-06-06,Beras Medium,9600.0,10700.0,Padi,Q2-2023,2023.0,21687.8044,58.797477900000004,127518.82,6,6,2023,0.8439563556814047,0.7466603056495944,0.46732013402257,1.0,0.5118344887317092,-0.7818314824680299,0.6234898018587334,1.2246467991473532e-16,-1.0,1.0
2023-06-07,Beras Medium,9600.0,10700.0,Padi,Q2-2023,2023.0,21687.8044,58.797477900000004,127518.82,7,6,2023,0.8439563556814047,0.7466603056495944,0.46732013402257,1.0,0.5118344887317092,-2.4492935982947064e-16,1.0,1.2246467991473532e-16,-1.0,1.0
2023-06-08,Beras Medium,9600.0,10700.0,Padi,Q2-2023,2023.0,21687.8044,58.797477900000004,127518.82,8,6,2023,0.8439563556814047,0.7466603056495944,0.46732013402257,1.0,0.5118344887317092,0.7818314824680296,0.6234898018587337,1.2246467991473532e-16,-1.0,1.0
2023-06-09,Beras Medium,9600.0,10700.0,Padi,Q2-2023,2023.0,21687.8044,58.797477900000004,127518.82,9,6,2023,0.8439563556814047,0.7466603056495944,0.46732013402257,1.0,0.5118344887317092,0.9749279121818237,-0.2225209339563141,1.2246467991473532e-16,-1.0,1.0
2023-06-10,Beras Medium,9597.135404766306,10698.723087877746,Padi,Q2-2023,2023.0,21687.8044,58.797477900000004,127518.82,10,6,2023,0.8422356975069034,0.7462559399911393,0.46732013402257,1.0,0.5118344887317092,0.43388373911755845,-0.9009688679024189,1.2246467991473532e-16,-1.0,1.0
2023-06-11,Beras Medium,9596.60733613211,10710.622856415981,Padi,Q2-2023,2023.0,21687.8044,58.797477900000004,127518.82,11,6,2023,0.8419185058836547,0.7500242946465354,0.46732013402257,1.0,0.5118344887317092,-0.4338837391175562,-0.90096886790242,1.2246467991473532e-16,-1.0,1.0
2023-06-12,Beras Medium,9600.0,10700.0,Padi,Q2-2023,2023.0,21687.8044,58.797477900000004,127518.82,12,6,2023,0.8439563556814047,0.7466603056495944,0.46732013402257,1.0,0.5118344887317092,-0.9749279121818235,-0.2225209339563148,1.2246467991473532e-16,-1.0,1.0
2023-06-13,Beras Medium,9600.0,10700.0,Padi,Q2-2023,2023.0,21687.8044,58.797477900000004,127518.82,13,6,2023,0.8439563556814047,0.7466603056495944,0.46732013402257,1.0,0.5118344887317092,-0.781831482468029,0.6234898018587346,1.2246467991473532e-16,-1.0,1.0
2023-06-14,Beras Medium,9600.0,10700.0,Padi,Q2-2023,2023.0,21687.8044,58.797477900000004,127518.82,14,6,2023,0.8439563556814047,0.7466603056495944,0.46732013402257,1.0,0.5118344887317092,-4.898587196589413e-16,1.0,1.2246467991473532e-16,-1.0,1.0
2023-06-15,Beras Medium,9600.0,10700.0,Padi,Q2-2023,2023.0,21687.8044,58.797477900000004,127518.82,15,6,2023,0.8439563556814047,0.7466603056495944,0.46732013402257,1.0,0.5118344887317092,0.7818314824680284,0.6234898018587354,1.2246467991473532e-16,-1.0,1.0
2023-06-16,Beras Medium,9600.0,10700.0,Padi,Q2-2023,2023.0,21687.8044,58.797477900000004,127518.82,16,6,2023,0.8439563556814047,0.7466603056495944,0.46732013402257,1.0,0.5118344887317092,0.9749279121818237,-0.22252093395631387,1.2246467991473532e-16,-1.0,1.0
2023-06-17,Beras Medium,9651.20894454957,10710.705970573066,Padi,Q2-2023,2023.0,21687.8044,58.797477900000004,127518.82,17,6,2023,0.8747157062557527,0.7500506147904757,0.46732013402257,1.0,0.5118344887317092,0.43388373911755707,-0.9009688679024196,1.2246467991473532e-16,-1.0,1.0
2023-06-18,Beras Medium,9649.863170131739,10693.729894870425,Padi,Q2-2023,2023.0,21687.8044,58.797477900000004,127518.82,18,6,2023,0.8739073485073918,0.7446747225032548,0.46732013402257,1.0,0.5118344887317092,-0.43388373911755757,-0.9009688679024194,1.2246467991473532e-16,-1.0,1.0
2023-06-19,Beras Medium,9600.0,10700.0,Padi,Q2-2023,2023.0,21687.8044,58.797477900000004,127518.82,19,6,2023,0.8439563556814047,0.7466603056495944,0.46732013402257,1.0,0.5118344887317092,-0.9749279121818235,-0.22252093395631506,1.2246467991473532e-16,-1.0,1.0
2023-06-20,Beras Medium,9600.0,10700.0,Padi,Q2-2023,2023.0,21687.8044,58.797477900000004,127518.82,20,6,2023,0.8439563556814047,0.7466603056495944,0.46732013402257,1.0,0.5118344887317092,-0.7818314824680302,0.6234898018587329,1.2246467991473532e-16,-1.0,1.0
2023-06-21,Beras Medium,9600.0,10700.0,Padi,Q2-2023,2023.0,21687.8044,58.797477900000004,127518.82,21,6,2023,0.8439563556814047,0.7466603056495944,0.46732013402257,1.0,0.5118344887317092,-7.347880794884119e-16,1.0,1.2246467991473532e-16,-1.0,1.0
2023-06-22,Beras Medium,9600.0,10700.0,Padi,Q2-2023,2023.0,21687.8044,58.797477900000004,127518.82,22,6,2023,0.8439563556814047,0.7466603056495944,0.46732013402257,1.0,0.5118344887317092,0.7818314824680271,0.6234898018587369,1.2246467991473532e-16,-1.0,1.0
2023-06-23,Beras Medium,9600.0,10700.0,Padi,Q2-2023,2023.0,21687.8044,58.797477900000004,127518.82,23,6,2023,0.8439563556814047,0.7466603056495944,0.46732013402257,1.0,0.5118344887317092,0.9749279121818238,-0.22252093395631362,1.2246467991473532e-16,-1.0,1.0
2023-06-24,Beras Medium,9644.590532742533,10711.997505642996,Padi,Q2-2023,2023.0,21687.8044,58.797477900000004,127518.82,24,6,2023,0.8707402669880882,0.750459611165299,0.46732013402257,1.0,0.5118344887317092,0.4338837391175589,-0.9009688679024188,1.2246467991473532e-16,-1.0,1.0
2023-06-25,Beras Medium,9641.322346329676,10712.205260800729,Padi,Q2-2023,2023.0,21687.8044,58.797477900000004,127518.82,25,6,2023,0.8687771862704592,0.7505254019504988,0.46732013402257,1.0,0.5118344887317092,-0.43388373911755734,-0.9009688679024195,1.2246467991473532e-16,-1.0,1.0
2023-06-26,Beras Medium,9600.0,10700.0,Padi,Q2-2023,2023.0,21687.8044,58.797477900000004,127518.82,26,6,2023,0.8439563556814047,0.7466603056495944,0.46732013402257,1.0,0.5118344887317092,-0.9749279121818242,-0.22252093395631184,1.2246467991473532e-16,-1.0,1.0
2023-06-27,Beras Medium,9600.0,10700.0,Padi,Q2-2023,2023.0,21687.8044,58.797477900000004,127518.82,27,6,2023,0.8439563556814047,0.7466603056495944,0.46732013402257,1.0,0.5118344887317092,-0.7818314824680304,0.6234898018587328,1.2246467991473532e-16,-1.0,1.0
2023-06-28,Beras Medium,9600.0,10700.0,Padi,Q2-2023,2023.0,21687.8044,58.797477900000004,127518.82,28,6,2023,0.8439563556814047,0.7466603056495944,0.46732013402257,1.0,0.5118344887317092,-9.797174393178826e-16,1.0,1.2246467991473532e-16,-1.0,1.0
2023-06-29,Beras Medium,9600.0,10700.0,Padi,Q2-2023,2023.0,21687.8044,58.797477900000004,127518.82,29,6,2023,0.8439563556814047,0.7466603056495944,0.46732013402257,1.0,0.5118344887317092,0.7818314824680291,0.6234898018587344,1.2246467991473532e-16,-1.0,1.0
2023-06-30,Beras Medium,9600.0,10700.0,Padi,Q2-2023,2023.0,21687.8044,58.797477900000004,127518.82,30,6,2023,0.8439563556814047,0.7466603056495944,0.46732013402257,1.0,0.5118344887317092,0.9749279121818246,-0.22252093395630992,1.2246467991473532e-16,-1.0,1.0
2023-07-01,Beras Medium,9629.0543922719,10727.19443802016,Padi,Q2-2023,2023.0,21687.8044,58.797477900000004,127518.82,1,7,2023,0.8614082724408094,0.7552720939196673,0.46732013402257,1.0,0.5118344887317092,0.7818314824680298,0.6234898018587336,-0.4999999999999997,-0.8660254037844388,1.0
2023-07-02,Beras Medium,9617.668782198107,10725.697060450459,Padi,Q2-2023,2023.0,21687.8044,58.797477900000004,127518.82,2,7,2023,0.8545693505523948,0.7547979124498729,0.46732013402257,1.0,0.5118344887317092,0.9749279121818236,-0.22252093395631434,-0.4999999999999997,-0.8660254037844388,1.0
2023-07-03,Beras Medium,9600.0,10700.0,Padi,Q2-2023,2023.0,21687.8044,58.797477900000004,127518.82,3,7,2023,0.8439563556814047,0.7466603056495944,0.46732013402257,1.0,0.5118344887317092,0.43388373911755823,-0.900968867902419,-0.4999999999999997,-0.8660254037844388,1.0
2023-07-04,Beras Medium,9600.0,10700.0,Padi,Q2-2023,2023.0,21687.8044,58.797477900000004,127518.82,4,7,2023,0.8439563556814047,0.7466603056495944,0.46732013402257,1.0,0.5118344887317092,-0.433883739117558,-0.9009688679024191,-0.4999999999999997,-0.8660254037844388,1.0
2023-07-05,Beras Medium,9600.0,10700.0,Padi,Q2-2023,2023.0,21687.8044,58.797477900000004,127518.82,5,7,2023,0.8439563556814047,0.7466603056495944,0.46732013402257,1.0,0.5118344887317092,-0.9749279121818236,-0.2225209339563146,-0.4999999999999997,-0.8660254037844388,1.0
2023-07-06,Beras Medium,9600.0,10700.0,Padi,Q2-2023,2023.0,21687.8044,58.797477900000004,127518.82,6,7,2023,0.8439563556814047,0.7466603056495944,0.46732013402257,1.0,0.5118344887317092,-0.7818314824680299,0.6234898018587334,-0.4999999999999997,-0.8660254037844388,1.0
2023-07-07,Beras Medium,9600.0,10700.0,Padi,Q2-2023,2023.0,21687.8044,58.797477900000004,127518.82,7,7,2023,0.8439563556814047,0.7466603056495944,0.46732013402257,1.0,0.5118344887317092,-2.4492935982947064e-16,1.0,-0.4999999999999997,-0.8660254037844388,1.0
2023-07-08,Beras Medium,9602.616894551782,10712.79360529306,Padi,Q2-2023,2023.0,21687.8044,58.797477900000004,127518.82,8,7,2023,0.8455282290649002,0.7507117157178236,0.46732013402257,1.0,0.5118344887317092,0.7818314824680296,0.6234898018587337,-0.4999999999999997,-0.8660254037844388,1.0
2023-07-09,Beras Medium,9595.725287642319,10712.774904114058,Padi,Q2-2023,2023.0,21687.8044,58.797477900000004,127518.82,9,7,2023,0.8413886914350321,0.7507057935291082,0.46732013402257,1.0,0.5118344887317092,0.9749279121818237,-0.2225209339563141,-0.4999999999999997,-0.8660254037844388,1.0
2023-07-10,Beras Medium,9600.0,10700.0,Padi,Q2-2023,2023.0,21687.8044,58.797477900000004,127518.82,10,7,2023,0.8439563556814047,0.7466603056495944,0.46732013402257,1.0,0.5118344887317092,0.43388373911755845,-0.9009688679024189,-0.4999999999999997,-0.8660254037844388,1.0
2023-07-11,Beras Medium,9600.0,10700.0,Padi,Q2-2023,2023.0,21687.8044,58.797477900000004,127518.82,11,7,2023,0.8439563556814047,0.7466603056495944,0.46732013402257,1.0,0.5118344887317092,-0.4338837391175562,-0.90096886790242,-0.4999999999999997,-0.8660254037844388,1.0
2023-07-12,Beras Medium,9600.0,10700.0,Padi,Q2-2023,2023.0,21687.8044,58.797477900000004,127518.82,12,7,2023,0.8439563556814047,0.7466603056495944,0.46732013402257,1.0,0.5118344887317092,-0.9749279121818235,-0.2225209339563148,-0.4999999999999997,-0.8660254037844388,1.0
2023-07-13,Beras Medium,9600.0,10700.0,Padi,Q2-2023,2023.0,21687.8044,58.797477900000004,127518.82,13,7,2023,0.8439563556814047,0.7466603056495944,0.46732013402257,1.0,0.5118344887317092,-0.781831482468029,0.6234898018587346,-0.4999999999999997,-0.8660254037844388,1.0
2023-07-14,Beras Medium,9600.0,10700.0,Padi,Q2-2023,2023.0,21687.8044,58.797477900000004,127518.82,14,7,2023,0.8439563556814047,0.7466603056495944,0.46732013402257,1.0,0.5118344887317092,-4.898587196589413e-16,1.0,-0.4999999999999997,-0.8660254037844388,1.0
2023-07-15,Beras Medium,9636.834980767362,10781.750893400575,Padi,Q2-2023,2023.0,21687.8044,58.797477900000004,127518.82,15,7,2023,0.8660817889780414,0.7725487385833119,0.46732013402257,1.0,0.5118344887317092,0.7818314824680284,0.6234898018587354,-0.4999999999999997,-0.8660254037844388,1.0
2023-07-16,Beras Medium,9670.31578512828,10848.393291745504,Padi,Q2-2023,2023.0,21687.8044,58.797477900000004,127518.82,16,7,2023,0.8861924904952687,0.793652694617665,0.46732013402257,1.0,0.5118344887317092,0.9749279121818237,-0.22252093395631387,-0.4999999999999997,-0.8660254037844388,1.0
2023-07-17,Beras Medium,9700.0,10900.0,Padi,Q2-2023,2023.0,21687.8044,58.797477900000004,127518.82,17,7,2023,0.9040227187843852,0.8099952292371957,0.46732013402257,1.0,0.5118344887317092,0.43388373911755707,-0.9009688679024196,-0.4999999999999997,-0.8660254037844388,1.0
2023-07-18,Beras Medium,9700.0,10900.0,Padi,Q2-2023,2023.0,21687.8044,58.797477900000004,127518.82,18,7,2023,0.9040227187843852,0.8099952292371957,0.46732013402257,1.0,0.5118344887317092,-0.43388373911755757,-0.9009688679024194,-0.4999999999999997,-0.8660254037844388,1.0
2023-07-19,Beras Medium,9700.0,10900.0,Padi,Q2-2023,2023.0,21687.8044,58.797477900000004,127518.82,19,7,2023,0.9040227187843852,0.8099952292371957,0.46732013402257,1.0,0.5118344887317092,-0.9749279121818235,-0.22252093395631506,-0.4999999999999997,-0.8660254037844388,1.0
2023-07-20,Beras Medium,9700.0,10900.0,Padi,Q2-2023,2023.0,21687.8044,58.797477900000004,127518.82,20,7,2023,0.9040227187843852,0.8099952292371957,0.46732013402257,1.0,0.5118344887317092,-0.7818314824680302,0.6234898018587329,-0.4999999999999997,-0.8660254037844388,1.0
2023-07-21,Beras Medium,9700.0,10900.0,Padi,Q2-2023,2023.0,21687.8044,58.797477900000004,127518.82,21,7,2023,0.9040227187843852,0.8099952292371957,0.46732013402257,1.0,0.5118344887317092,-7.347880794884119e-16,1.0,-0.4999999999999997,-0.8660254037844388,1.0
2023-07-22,Beras Medium,9704.792300060846,10914.45229345208,Padi,Q2-2023,2023.0,21687.8044,58.797477900000004,127518.82,22,7,2023,0.9069012791399178,0.814571903744461,0.46732013402257,1.0,0.5118344887317092,0.7818314824680271,0.6234898018587369,-0.4999999999999997,-0.8660254037844388,1.0
2023-07-23,Beras Medium,9705.025114921244,10914.315639439117,Padi,Q2-2023,2023.0,21687.8044,58.797477900000004,127518.82,23,7,2023,0.9070411225593213,0.8145286288871163,0.46732013402257,1.0,0.5118344887317092,0.9749279121818238,-0.22252093395631362,-0.4999999999999997,-0.8660254037844388,1.0
2023-07-24,Beras Medium,9700.0,10900.0,Padi,Q2-2023,2023.0,21687.8044,58.797477900000004,127518.82,24,7,2023,0.9040227187843852,0.8099952292371957,0.46732013402257,1.0,0.5118344887317092,0.4338837391175589,-0.9009688679024188,-0.4999999999999997,-0.8660254037844388,1.0
2023-07-25,Beras Medium,9700.0,10900.0,Padi,Q2-2023,2023.0,21687.8044,58.797477900000004,127518.82,25,7,2023,0.9040227187843852,0.8099952292371957,0.46732013402257,1.0,0.5118344887317092,-0.43388373911755734,-0.9009688679024195,-0.4999999999999997,-0.8660254037844388,1.0
2023-07-26,Beras Medium,9700.0,10900.0,Padi,Q2-2023,2023.0,21687.8044,58.797477900000004,127518.82,26,7,2023,0.9040227187843852,0.8099952292371957,0.46732013402257,1.0,0.5118344887317092,-0.9749279121818242,-0.22252093395631184,-0.4999999999999997,-0.8660254037844388,1.0
2023-07-27,Beras Medium,9700.0,10900.0,Padi,Q2-2023,2023.0,21687.8044,58.797477900000004,127518.82,27,7,2023,0.9040227187843852,0.8099952292371957,0.46732013402257,1.0,0.5118344887317092,-0.7818314824680304,0.6234898018587328,-0.4999999999999997,-0.8660254037844388,1.0
2023-07-28,Beras Medium,9700.0,10900.0,Padi,Q2-2023,2023.0,21687.8044,58.797477900000004,127518.82,28,7,2023,0.9040227187843852,0.8099952292371957,0.46732013402257,1.0,0.5118344887317092,-9.797174393178826e-16,1.0,-0.4999999999999997,-0.8660254037844388,1.0
2023-07-29,Beras Medium,9752.726442231455,10913.878539250172,Padi,Q2-2023,2023.0,21687.8044,58.797477900000004,127518.82,29,7,2023,0.9356935750264137,0.8143902103517817,0.46732013402257,1.0,0.5118344887317092,0.7818314824680291,0.6234898018587344,-0.4999999999999997,-0.8660254037844388,1.0
2023-07-30,Beras Medium,9700.0,10900.0,Padi,Q2-2023,2023.0,21687.8044,58.797477900000004,127518.82,30,7,2023,0.9040227187843852,0.8099952292371957,0.46732013402257,1.0,0.5118344887317092,0.9749279121818246,-0.22252093395630992,-0.4999999999999997,-0.8660254037844388,1.0
2023-07-31,Beras Medium,9700.0,10900.0,Padi,Q2-2023,2023.0,21687.8044,58.797477900000004,127518.82,31,7,2023,0.9040227187843852,0.8099952292371957,0.46732013402257,1.0,0.5118344887317092,0.4338837391175591,-0.9009688679024187,-0.4999999999999997,-0.8660254037844388,1.0
2023-08-01,Beras Medium,9700.0,10900.0,Padi,Q2-2023,2023.0,21687.8044,58.797477900000004,127518.82,1,8,2023,0.9040227187843852,0.8099952292371957,0.46732013402257,1.0,0.5118344887317092,0.7818314824680298,0.6234898018587336,-0.8660254037844384,-0.5000000000000004,1.0
2023-08-02,Beras Medium,9700.0,10900.0,Padi,Q2-2023,2023.0,21687.8044,58.797477900000004,127518.82,2,8,2023,0.9040227187843852,0.8099952292371957,0.46732013402257,1.0,0.5118344887317092,0.9749279121818236,-0.22252093395631434,-0.8660254037844384,-0.5000000000000004,1.0
2023-08-03,Beras Medium,9700.0,10900.0,Padi,Q2-2023,2023.0,21687.8044,58.797477900000004,127518.82,3,8,2023,0.9040227187843852,0.8099952292371957,0.46732013402257,1.0,0.5118344887317092,0.43388373911755823,-0.900968867902419,-0.8660254037844384,-0.5000000000000004,1.0
2023-08-04,Beras Medium,9700.0,10900.0,Padi,Q2-2023,2023.0,21687.8044,58.797477900000004,127518.82,4,8,2023,0.9040227187843852,0.8099952292371957,0.46732013402257,1.0,0.5118344887317092,-0.433883739117558,-0.9009688679024191,-0.8660254037844384,-0.5000000000000004,1.0
2023-08-05,Beras Medium,9797.104558416499,10913.564734524034,Padi,Q2-2023,2023.0,21687.8044,58.797477900000004,127518.82,5,8,2023,0.9623498954323848,0.8142908363600245,0.46732013402257,1.0,0.5118344887317092,-0.9749279121818236,-0.2225209339563146,-0.8660254037844384,-0.5000000000000004,1.0
2023-08-06,Beras Medium,9859.785404438533,10914.789836253192,Padi,Q2-2023,2023.0,21687.8044,58.797477900000004,127518.82,6,8,2023,1.0,0.8146787949820409,0.46732013402257,1.0,0.5118344887317092,-0.7818314824680299,0.6234898018587334,-0.8660254037844384,-0.5000000000000004,1.0
2023-08-07,Beras Medium,9700.0,10900.0,Padi,Q2-2023,2023.0,21687.8044,58.797477900000004,127518.82,7,8,2023,0.9040227187843852,0.8099952292371957,0.46732013402257,1.0,0.5118344887317092,-2.4492935982947064e-16,1.0,-0.8660254037844384,-0.5000000000000004,1.0
2023-08-08,Beras Medium,9700.0,10900.0,Padi,Q2-2023,2023.0,21687.8044,58.797477900000004,127518.82,8,8,2023,0.9040227187843852,0.8099952292371957,0.46732013402257,1.0,0.5118344887317092,0.7818314824680296,0.6234898018587337,-0.8660254037844384,-0.5000000000000004,1.0
2023-08-09,Beras Medium,9700.0,10900.0,Padi,Q2-2023,2023.0,21687.8044,58.797477900000004,127518.82,9,8,2023,0.9040227187843852,0.8099952292371957,0.46732013402257,1.0,0.5118344887317092,0.9749279121818237,-0.2225209339563141,-0.8660254037844384,-0.5000000000000004,1.0
2023-08-10,Beras Medium,9700.0,10900.0,Padi,Q2-2023,2023.0,21687.8044,58.797477900000004,127518.82,10,8,2023,0.9040227187843852,0.8099952292371957,0.46732013402257,1.0,0.5118344887317092,0.43388373911755845,-0.9009688679024189,-0.8660254037844384,-0.5000000000000004,1.0
2023-08-11,Beras Medium,9700.0,10900.0,Padi,Q2-2023,2023.0,21687.8044,58.797477900000004,127518.82,11,8,2023,0.9040227187843852,0.8099952292371957,0.46732013402257,1.0,0.5118344887317092,-0.4338837391175562,-0.90096886790242,-0.8660254037844384,-0.5000000000000004,1.0
2023-08-12,Beras Medium,9991.631972530717,11129.993021129327,Padi,Q2-2023,2023.0,21687.8044,58.797477900000004,127518.82,12,8,2023,1.0791954383290694,0.8828281813317331,0.46732013402257,1.0,0.5118344887317092,-0.9749279121818235,-0.2225209339563148,-0.8660254037844384,-0.5000000000000004,1.0
2023-08-13,Beras Medium,10009.746117792683,11138.737606821654,Padi,Q2-2023,2023.0,21687.8044,58.797477900000004,127518.82,13,8,2023,1.0900759465951237,0.8855973696648771,0.46732013402257,1.0,0.5118344887317092,-0.781831482468029,0.6234898018587346,-0.8660254037844384,-0.5000000000000004,1.0
2023-08-14,Beras Medium,9700.0,10900.0,Padi,Q2-2023,2023.0,21687.8044,58.797477900000004,127518.82,14,8,2023,0.9040227187843852,0.8099952292371957,0.46732013402257,1.0,0.5118344887317092,-4.898587196589413e-16,1.0,-0.8660254037844384,-0.5000000000000004,1.0
2023-08-15,Beras Medium,9700.0,10900.0,Padi,Q2-2023,2023.0,21687.8044,58.797477900000004,127518.82,15,8,2023,0.9040227187843852,0.8099952292371957,0.46732013402257,1.0,0.5118344887317092,0.7818314824680284,0.6234898018587354,-0.8660254037844384,-0.5000000000000004,1.0
2023-08-16,Beras Medium,9700.0,10900.0,Padi,Q2-2023,2023.0,21687.8044,58.797477900000004,127518.82,16,8,2023,0.9040227187843852,0.8099952292371957,0.46732013402257,1.0,0.5118344887317092,0.9749279121818237,-0.22252093395631387,-0.8660254037844384,-0.5000000000000004,1.0
2023-08-17,Beras Medium,9700.0,10900.0,Padi,Q2-2023,2023.0,21687.8044,58.797477900000004,127518.82,17,8,2023,0.9040227187843852,0.8099952292371957,0.46732013402257,1.0,0.5118344887317092,0.43388373911755707,-0.9009688679024196,-0.8660254037844384,-0.5000000000000004,1.0
2023-08-18,Beras Medium,9700.0,10900.0,Padi,Q2-2023,2023.0,21687.8044,58.797477900000004,127518.82,18,8,2023,0.9040227187843852,0.8099952292371957,0.46732013402257,1.0,0.5118344887317092,-0.43388373911755757,-0.9009688679024194,-0.8660254037844384,-0.5000000000000004,1.0
2023-08-19,Beras Medium,10241.912917616279,11427.188279704162,Padi,Q2-2023,2023.0,21687.8044,58.797477900000004,127518.82,19,8,2023,1.2295300995817335,0.976942376293906,0.46732013402257,1.0,0.5118344887317092,-0.9749279121818235,-0.22252093395631506,-0.8660254037844384,-0.5000000000000004,1.0
2023-08-20,Beras Medium,10260.78158306854,11434.458805354736,Padi,Q2-2023,2023.0,21687.8044,58.797477900000004,127518.82,20,8,2023,1.2408638206849751,0.9792447672265103,0.46732013402257,1.0,0.5118344887317092,-0.7818314824680302,0.6234898018587329,-0.8660254037844384,-0.5000000000000004,1.0
2023-08-21,Beras Medium,9700.0,10900.0,Padi,Q2-2023,2023.0,21687.8044,58.797477900000004,127518.82,21,8,2023,0.9040227187843852,0.8099952292371957,0.46732013402257,1.0,0.5118344887317092,-7.347880794884119e-16,1.0,-0.8660254037844384,-0.5000000000000004,1.0
2023-08-22,Beras Medium,9700.0,10900.0,Padi,Q2-2023,2023.0,21687.8044,58.797477900000004,127518.82,22,8,2023,0.9040227187843852,0.8099952292371957,0.46732013402257,1.0,0.5118344887317092,0.7818314824680271,0.6234898018587369,-0.8660254037844384,-0.5000000000000004,1.0
2023-08-23,Beras Medium,9700.0,10900.0,Padi,Q2-2023,2023.0,21687.8044,58.797477900000004,127518.82,23,8,2023,0.9040227187843852,0.8099952292371957,0.46732013402257,1.0,0.5118344887317092,0.9749279121818238,-0.22252093395631362,-0.8660254037844384,-0.5000000000000004,1.0
2023-08-24,Beras Medium,9700.0,10900.0,Padi,Q2-2023,2023.0,21687.8044,58.797477900000004,127518.82,24,8,2023,0.9040227187843852,0.8099952292371957,0.46732013402257,1.0,0.5118344887317092,0.4338837391175589,-0.9009688679024188,-0.8660254037844384,-0.5000000000000004,1.0
2023-08-25,Beras Medium,9700.0,10900.0,Padi,Q2-2023,2023.0,21687.8044,58.797477900000004,127518.82,25,8,2023,0.9040227187843852,0.8099952292371957,0.46732013402257,1.0,0.5118344887317092,-0.43388373911755734,-0.9009688679024195,-0.8660254037844384,-0.5000000000000004,1.0
2023-08-26,Beras Medium,10393.297074633938,11492.186365818578,Padi,Q2-2023,2023.0,21687.8044,58.797477900000004,127518.82,26,8,2023,1.320461057016347,0.9975256203808907,0.46732013402257,1.0,0.5118344887317092,-0.9749279121818242,-0.22252093395631184,-0.8660254037844384,-0.5000000000000004,1.0
2023-08-27,Beras Medium,10239.023218395048,11262.461776908176,Padi,Q2-2023,2023.0,21687.8044,58.797477900000004,127518.82,27,8,2023,1.227794362354926,0.9247776739567235,0.46732013402257,1.0,0.5118344887317092,-0.7818314824680304,0.6234898018587328,-0.8660254037844384,-0.5000000000000004,1.0
2023-08-28,Beras Medium,10500.0,11400.0,Padi,Q2-2023,2023.0,21687.8044,58.797477900000004,127518.82,28,8,2023,1.3845536236082276,0.9683325382061989,0.46732013402257,1.0,0.5118344887317092,-9.797174393178826e-16,1.0,-0.8660254037844384,-0.5000000000000004,1.0
2023-08-29,Beras Medium,10500.0,11400.0,Padi,Q2-2023,2023.0,21687.8044,58.797477900000004,127518.82,29,8,2023,1.3845536236082276,0.9683325382061989,0.46732013402257,1.0,0.5118344887317092,0.7818314824680291,0.6234898018587344,-0.8660254037844384,-0.5000000000000004,1.0
2023-08-30,Beras Medium,10500.0,11400.0,Padi,Q2-2023,2023.0,21687.8044,58.797477900000004,127518.82,30,8,2023,1.3845536236082276,0.9683325382061989,0.46732013402257,1.0,0.5118344887317092,0.9749279121818246,-0.22252093395630992,-0.8660254037844384,-0.5000000000000004,1.0
2023-08-31,Beras Medium,10500.0,11400.0,Padi,Q2-2023,2023.0,21687.8044,58.797477900000004,127518.82,31,8,2023,1.3845536236082276,0.9683325382061989,0.46732013402257,1.0,0.5118344887317092,0.4338837391175591,-0.9009688679024187,-0.8660254037844384,-0.5000000000000004,1.0
2023-09-01,Beras Medium,10500.0,11400.0,Padi,Q3-2023,2023.0,8101.2824,54.17660789,43890.0,1,9,2023,1.3845536236082276,0.9683325382061989,0.03828783622097409,-0.022831061578832745,0.03338757566468942,0.7818314824680298,0.6234898018587336,-1.0,-1.8369701987210297e-16,1.0
2023-09-02,Beras Medium,10571.080218694158,11556.000055365163,Padi,Q3-2023,2023.0,8101.2824,54.17660789,43890.0,2,9,2023,1.427248925863453,1.0177337961372697,0.03828783622097409,-0.022831061578832745,0.03338757566468942,0.9749279121818236,-0.22252093395631434,-1.0,-1.8369701987210297e-16,1.0
2023-09-03,Beras Medium,10720.664634124878,11560.382471286297,Padi,Q3-2023,2023.0,8101.2824,54.17660789,43890.0,3,9,2023,1.5170988439815396,1.0191215960247404,0.03828783622097409,-0.022831061578832745,0.03338757566468942,0.43388373911755823,-0.900968867902419,-1.0,-1.8369701987210297e-16,1.0
2023-09-04,Beras Medium,10700.0,11400.0,Padi,Q3-2023,2023.0,8101.2824,54.17660789,43890.0,4,9,2023,1.5046863498141878,0.9683325382061989,0.03828783622097409,-0.022831061578832745,0.03338757566468942,-0.433883739117558,-0.9009688679024191,-1.0,-1.8369701987210297e-16,1.0
2023-09-05,Beras Medium,10700.0,11400.0,Padi,Q3-2023,2023.0,8101.2824,54.17660789,43890.0,5,9,2023,1.5046863498141878,0.9683325382061989,0.03828783622097409,-0.022831061578832745,0.03338757566468942,-0.9749279121818236,-0.2225209339563146,-1.0,-1.8369701987210297e-16,1.0
2023-09-06,Beras Medium,10700.0,11400.0,Padi,Q3-2023,2023.0,8101.2824,54.17660789,43890.0,6,9,2023,1.5046863498141878,0.9683325382061989,0.03828783622097409,-0.022831061578832745,0.03338757566468942,-0.7818314824680299,0.6234898018587334,-1.0,-1.8369701987210297e-16,1.0
2023-09-07,Beras Medium,10700.0,11400.0,Padi,Q3-2023,2023.0,8101.2824,54.17660789,43890.0,7,9,2023,1.5046863498141878,0.9683325382061989,0.03828783622097409,-0.022831061578832745,0.03338757566468942,-2.4492935982947064e-16,1.0,-1.0,-1.8369701987210297e-16,1.0
2023-09-08,Beras Medium,10700.0,11400.0,Padi,Q3-2023,2023.0,8101.2824,54.17660789,43890.0,8,9,2023,1.5046863498141878,0.9683325382061989,0.03828783622097409,-0.022831061578832745,0.03338757566468942,0.7818314824680296,0.6234898018587337,-1.0,-1.8369701987210297e-16,1.0
2023-09-09,Beras Medium,10847.667039929453,11920.444099795002,Padi,Q3-2023,2023.0,8101.2824,54.17660789,43890.0,9,9,2023,1.5933845702016365,1.1331439746668712,0.03828783622097409,-0.022831061578832745,0.03338757566468942,0.9749279121818237,-0.2225209339563141,-1.0,-1.8369701987210297e-16,1.0
2023-09-10,Beras Medium,10884.630653338547,11928.893609246694,Padi,Q3-2023,2023.0,8101.2824,54.17660789,43890.0,10,9,2023,1.6155872684479249,1.1358197198442492,0.03828783622097409,-0.022831061578832745,0.03338757566468942,0.43388373911755845,-0.9009688679024189,-1.0,-1.8369701987210297e-16,1.0
2023-09-11,Beras Medium,10700.0,11400.0,Padi,Q3-2023,2023.0,8101.2824,54.17660789,43890.0,11,9,2023,1.5046863498141878,0.9683325382061989,0.03828783622097409,-0.022831061578832745,0.03338757566468942,-0.4338837391175562,-0.90096886790242,-1.0,-1.8369701987210297e-16,1.0
2023-09-12,Beras Medium,10700.0,11400.0,Padi,Q3-2023,2023.0,8101.2824,54.17660789,43890.0,12,9,2023,1.5046863498141878,0.9683325382061989,0.03828783622097409,-0.022831061578832745,0.03338757566468942,-0.9749279121818235,-0.2225209339563148,-1.0,-1.8369701987210297e-16,1.0
2023-09-13,Beras Medium,10700.0,11800.0,Padi,Q3-2023,2023.0,8101.2824,54.17660789,43890.0,13,9,2023,1.5046863498141878,1.095002385381402,0.03828783622097409,-0.022831061578832745,0.03338757566468942,-0.781831482468029,0.6234898018587346,-1.0,-1.8369701987210297e-16,1.0
2023-09-14,Beras Medium,10700.0,11800.0,Padi,Q3-2023,2023.0,8101.2824,54.17660789,43890.0,14,9,2023,1.5046863498141878,1.095002385381402,0.03828783622097409,-0.022831061578832745,0.03338757566468942,-4.898587196589413e-16,1.0,-1.0,-1.8369701987210297e-16,1.0
2023-09-15,Beras Medium,10700.0,11800.0,Padi,Q3-2023,2023.0,8101.2824,54.17660789,43890.0,15,9,2023,1.5046863498141878,1.095002385381402,0.03828783622097409,-0.022831061578832745,0.03338757566468942,0.7818314824680284,0.6234898018587354,-1.0,-1.8369701987210297e-16,1.0
2023-09-16,Beras Medium,11191.60865143298,12226.354437409678,Padi,Q3-2023,2023.0,8101.2824,54.17660789,43890.0,16,9,2023,1.7999777874295866,1.2300180139542856,0.03828783622097409,-0.022831061578832745,0.03338757566468942,0.9749279121818237,-0.22252093395631387,-1.0,-1.8369701987210297e-16,1.0
2023-09-17,Beras Medium,11218.871606642586,12255.895262660673,Padi,Q3-2023,2023.0,8101.2824,54.17660789,43890.0,17,9,2023,1.8163536530983917,1.239372843504218,0.03828783622097409,-0.022831061578832745,0.03338757566468942,0.43388373911755707,-0.9009688679024196,-1.0,-1.8369701987210297e-16,1.0
2023-09-18,Beras Medium,12200.0,13000.0,Padi,Q3-2023,2023.0,8101.2824,54.17660789,43890.0,18,9,2023,2.405681796358893,1.4750119269070106,0.03828783622097409,-0.022831061578832745,0.03338757566468942,-0.43388373911755757,-0.9009688679024194,-1.0,-1.8369701987210297e-16,1.0
2023-09-19,Beras Medium,12200.0,13000.0,Padi,Q3-2023,2023.0,8101.2824,54.17660789,43890.0,19,9,2023,2.405681796358893,1.4750119269070106,0.03828783622097409,-0.022831061578832745,0.03338757566468942,-0.9749279121818235,-0.22252093395631506,-1.0,-1.8369701987210297e-16,1.0
2023-09-20,Beras Medium,12200.0,13000.0,Padi,Q3-2023,2023.0,8101.2824,54.17660789,43890.0,20,9,2023,2.405681796358893,1.4750119269070106,0.03828783622097409,-0.022831061578832745,0.03338757566468942,-0.7818314824680302,0.6234898018587329,-1.0,-1.8369701987210297e-16,1.0
2023-09-21,Beras Medium,12200.0,13000.0,Padi,Q3-2023,2023.0,8101.2824,54.17660789,43890.0,21,9,2023,2.405681796358893,1.4750119269070106,0.03828783622097409,-0.022831061578832745,0.03338757566468942,-7.347880794884119e-16,1.0,-1.0,-1.8369701987210297e-16,1.0
2023-09-22,Beras Medium,12200.0,13000.0,Padi,Q3-2023,2023.0,8101.2824,54.17660789,43890.0,22,9,2023,2.405681796358893,1.4750119269070106,0.03828783622097409,-0.022831061578832745,0.03338757566468942,0.7818314824680271,0.6234898018587369,-1.0,-1.8369701987210297e-16,1.0
2023-09-23,Beras Medium,11400.174550523967,12385.534872815531,Padi,Q3-2023,2023.0,8101.2824,54.17660789,43890.0,23,9,2023,1.9252557376865749,1.2804264175196396,0.03828783622097409,-0.022831061578832745,0.03338757566468942,0.9749279121818238,-0.22252093395631362,-1.0,-1.8369701987210297e-16,1.0
2023-09-24,Beras Medium,11429.008749433999,12410.616684196893,Padi,Q3-2023,2023.0,8101.2824,54.17660789,43890.0,24,9,2023,1.94257539230171,1.2883691905560255,0.03828783622097409,-0.022831061578832745,0.03338757566468942,0.4338837391175589,-0.9009688679024188,-1.0,-1.8369701987210297e-16,1.0
2023-09-25,Beras Medium,12200.0,13000.0,Padi,Q3-2023,2023.0,8101.2824,54.17660789,43890.0,25,9,2023,2.405681796358893,1.4750119269070106,0.03828783622097409,-0.022831061578832745,0.03338757566468942,-0.43388373911755734,-0.9009688679024195,-1.0,-1.8369701987210297e-16,1.0
2023-09-26,Beras Medium,12200.0,13000.0,Padi,Q3-2023,2023.0,8101.2824,54.17660789,43890.0,26,9,2023,2.405681796358893,1.4750119269070106,0.03828783622097409,-0.022831061578832745,0.03338757566468942,-0.9749279121818242,-0.22252093395631184,-1.0,-1.8369701987210297e-16,1.0
2023-09-27,Beras Medium,12200.0,13000.0,Padi,Q3-2023,2023.0,8101.2824,54.17660789,43890.0,27,9,2023,2.405681796358893,1.4750119269070106,0.03828783622097409,-0.022831061578832745,0.03338757566468942,-0.7818314824680304,0.6234898018587328,-1.0,-1.8369701987210297e-16,1.0
2023-09-28,Beras Medium,11557.65200196967,12473.5229507859,Padi,Q3-2023,2023.0,8101.2824,54.17660789,43890.0,28,9,2023,2.0198467154772706,1.308290008494006,0.03828783622097409,-0.022831061578832745,0.03338757566468942,-9.797174393178826e-16,1.0,-1.0,-1.8369701987210297e-16,1.0
2023-09-29,Beras Medium,12200.0,13000.0,Padi,Q3-2023,2023.0,8101.2824,54.17660789,43890.0,29,9,2023,2.405681796358893,1.4750119269070106,0.03828783622097409,-0.022831061578832745,0.03338757566468942,0.7818314824680291,0.6234898018587344,-1.0,-1.8369701987210297e-16,1.0
2023-09-30,Beras Medium,11605.958442662115,12583.956379010102,Padi,Q3-2023,2023.0,8101.2824,54.17660789,43890.0,30,9,2023,2.04886263754572,1.3432614721844893,0.03828783622097409,-0.022831061578832745,0.03338757566468942,0.9749279121818246,-0.22252093395630992,-1.0,-1.8369701987210297e-16,1.0
2023-10-01,Beras Medium,11619.130620361284,12612.768463413568,Padi,Q3-2023,2023.0,8101.2824,54.17660789,43890.0,1,10,2023,2.0567746856310727,1.3523855280049544,0.03828783622097409,-0.022831061578832745,0.03338757566468942,0.7818314824680298,0.6234898018587336,-0.8660254037844386,0.5000000000000001,1.0
2023-10-02,Beras Medium,12200.0,13000.0,Padi,Q3-2023,2023.0,8101.2824,54.17660789,43890.0,2,10,2023,2.405681796358893,1.4750119269070106,0.03828783622097409,-0.022831061578832745,0.03338757566468942,0.9749279121818236,-0.22252093395631434,-0.8660254037844386,0.5000000000000001,1.0
2023-10-03,Beras Medium,12200.0,13000.0,Padi,Q3-2023,2023.0,8101.2824,54.17660789,43890.0,3,10,2023,2.405681796358893,1.4750119269070106,0.03828783622097409,-0.022831061578832745,0.03338757566468942,0.43388373911755823,-0.900968867902419,-0.8660254037844386,0.5000000000000001,1.0
2023-10-04,Beras Medium,12200.0,13000.0,Padi,Q3-2023,2023.0,8101.2824,54.17660789,43890.0,4,10,2023,2.405681796358893,1.4750119269070106,0.03828783622097409,-0.022831061578832745,0.03338757566468942,-0.433883739117558,-0.9009688679024191,-0.8660254037844386,0.5000000000000001,1.0
2023-10-05,Beras Medium,12200.0,13000.0,Padi,Q3-2023,2023.0,8101.2824,54.17660789,43890.0,5,10,2023,2.405681796358893,1.4750119269070106,0.03828783622097409,-0.022831061578832745,0.03338757566468942,-0.9749279121818236,-0.2225209339563146,-0.8660254037844386,0.5000000000000001,1.0
2023-10-06,Beras Medium,12200.0,13000.0,Padi,Q3-2023,2023.0,8101.2824,54.17660789,43890.0,6,10,2023,2.405681796358893,1.4750119269070106,0.03828783622097409,-0.022831061578832745,0.03338757566468942,-0.7818314824680299,0.6234898018587334,-0.8660254037844386,0.5000000000000001,1.0
2023-10-07,Beras Medium,11839.713915346321,12797.059325965063,Padi,Q3-2023,2023.0,8101.2824,54.17660789,43890.0,7,10,2023,2.189271048541303,1.4107457664929153,0.03828783622097409,-0.022831061578832745,0.03338757566468942,-2.4492935982947064e-16,1.0,-0.8660254037844386,0.5000000000000001,1.0
2023-10-08,Beras Medium,11927.069347746641,12825.917255494638,Padi,Q3-2023,2023.0,8101.2824,54.17660789,43890.0,8,10,2023,2.241742279757058,1.419884340301175,0.03828783622097409,-0.022831061578832745,0.03338757566468942,0.7818314824680296,0.6234898018587337,-0.8660254037844386,0.5000000000000001,1.0
2023-10-09,Beras Medium,12200.0,13000.0,Padi,Q3-2023,2023.0,8101.2824,54.17660789,43890.0,9,10,2023,2.405681796358893,1.4750119269070106,0.03828783622097409,-0.022831061578832745,0.03338757566468942,0.9749279121818237,-0.2225209339563141,-0.8660254037844386,0.5000000000000001,1.0
2023-10-10,Beras Medium,12200.0,13000.0,Padi,Q3-2023,2023.0,8101.2824,54.17660789,43890.0,10,10,2023,2.405681796358893,1.4750119269070106,0.03828783622097409,-0.022831061578832745,0.03338757566468942,0.43388373911755845,-0.9009688679024189,-0.8660254037844386,0.5000000000000001,1.0
2023-10-11,Beras Medium,12200.0,13000.0,Padi,Q3-2023,2023.0,8101.2824,54.17660789,43890.0,11,10,2023,2.405681796358893,1.4750119269070106,0.03828783622097409,-0.022831061578832745,0.03338757566468942,-0.4338837391175562,-0.90096886790242,-0.8660254037844386,0.5000000000000001,1.0
2023-10-12,Beras Medium,12200.0,13000.0,Padi,Q3-2023,2023.0,8101.2824,54.17660789,43890.0,12,10,2023,2.405681796358893,1.4750119269070106,0.03828783622097409,-0.022831061578832745,0.03338757566468942,-0.9749279121818235,-0.2225209339563148,-0.8660254037844386,0.5000000000000001,1.0
2023-10-13,Beras Medium,12200.0,13000.0,Padi,Q3-2023,2023.0,8101.2824,54.17660789,43890.0,13,10,2023,2.405681796358893,1.4750119269070106,0.03828783622097409,-0.022831061578832745,0.03338757566468942,-0.781831482468029,0.6234898018587346,-0.8660254037844386,0.5000000000000001,1.0
2023-10-14,Beras Medium,12165.802012970513,13047.039740168242,Padi,Q3-2023,2023.0,8101.2824,54.17660789,43890.0,14,10,2023,2.385140309295851,1.4899082186526917,0.03828783622097409,-0.022831061578832745,0.03338757566468942,-4.898587196589413e-16,1.0,-0.8660254037844386,0.5000000000000001,1.0
2023-10-15,Beras Medium,12194.289383459718,13110.548816211209,Padi,Q3-2023,2023.0,8101.2824,54.17660789,43890.0,15,10,2023,2.4022516366923883,1.510019931044194,0.03828783622097409,-0.022831061578832745,0.03338757566468942,0.7818314824680284,0.6234898018587354,-0.8660254037844386,0.5000000000000001,1.0
2023-10-16,Beras Medium,12200.0,13000.0,Padi,Q3-2023,2023.0,8101.2824,54.17660789,43890.0,16,10,2023,2.405681796358893,1.4750119269070106,0.03828783622097409,-0.022831061578832745,0.03338757566468942,0.9749279121818237,-0.22252093395631387,-0.8660254037844386,0.5000000000000001,1.0
2023-10-17,Beras Medium,12200.0,13000.0,Padi,Q3-2023,2023.0,8101.2824,54.17660789,43890.0,17,10,2023,2.405681796358893,1.4750119269070106,0.03828783622097409,-0.022831061578832745,0.03338757566468942,0.43388373911755707,-0.9009688679024196,-0.8660254037844386,0.5000000000000001,1.0
2023-10-18,Beras Medium,12200.0,13000.0,Padi,Q3-2023,2023.0,8101.2824,54.17660789,43890.0,18,10,2023,2.405681796358893,1.4750119269070106,0.03828783622097409,-0.022831061578832745,0.03338757566468942,-0.43388373911755757,-0.9009688679024194,-0.8660254037844386,0.5000000000000001,1.0
2023-10-19,Beras Medium,12200.0,13000.0,Padi,Q3-2023,2023.0,8101.2824,54.17660789,43890.0,19,10,2023,2.405681796358893,1.4750119269070106,0.03828783622097409,-0.022831061578832745,0.03338757566468942,-0.9749279121818235,-0.22252093395631506,-0.8660254037844386,0.5000000000000001,1.0
2023-10-20,Beras Medium,12200.0,13000.0,Padi,Q3-2023,2023.0,8101.2824,54.17660789,43890.0,20,10,2023,2.405681796358893,1.4750119269070106,0.03828783622097409,-0.022831061578832745,0.03338757566468942,-0.7818314824680302,0.6234898018587329,-0.8660254037844386,0.5000000000000001,1.0
2023-10-21,Beras Medium,12229.065246004602,13216.468033068184,Padi,Q3-2023,2023.0,8101.2824,54.17660789,43890.0,21,10,2023,2.423140232560792,1.543561858574669,0.03828783622097409,-0.022831061578832745,0.03338757566468942,-7.347880794884119e-16,1.0,-0.8660254037844386,0.5000000000000001,1.0
2023-10-22,Beras Medium,12235.883861446844,13228.984344845612,Padi,Q3-2023,2023.0,8101.2824,54.17660789,43890.0,22,10,2023,2.4272359268709245,1.5475254568247796,0.03828783622097409,-0.022831061578832745,0.03338757566468942,0.7818314824680271,0.6234898018587369,-0.8660254037844386,0.5000000000000001,1.0
2023-10-23,Beras Medium,12200.0,13000.0,Padi,Q3-2023,2023.0,8101.2824,54.17660789,43890.0,23,10,2023,2.405681796358893,1.4750119269070106,0.03828783622097409,-0.022831061578832745,0.03338757566468942,0.9749279121818238,-0.22252093395631362,-0.8660254037844386,0.5000000000000001,1.0
2023-10-24,Beras Medium,12200.0,13000.0,Padi,Q3-2023,2023.0,8101.2824,54.17660789,43890.0,24,10,2023,2.405681796358893,1.4750119269070106,0.03828783622097409,-0.022831061578832745,0.03338757566468942,0.4338837391175589,-0.9009688679024188,-0.8660254037844386,0.5000000000000001,1.0
2023-10-25,Beras Medium,12200.0,13000.0,Padi,Q3-2023,2023.0,8101.2824,54.17660789,43890.0,25,10,2023,2.405681796358893,1.4750119269070106,0.03828783622097409,-0.022831061578832745,0.03338757566468942,-0.43388373911755734,-0.9009688679024195,-0.8660254037844386,0.5000000000000001,1.0
2023-10-26,Beras Medium,12200.0,13000.0,Padi,Q3-2023,2023.0,8101.2824,54.17660789,43890.0,26,10,2023,2.405681796358893,1.4750119269070106,0.03828783622097409,-0.022831061578832745,0.03338757566468942,-0.9749279121818242,-0.22252093395631184,-0.8660254037844386,0.5000000000000001,1.0
2023-10-27,Beras Medium,12200.0,13000.0,Padi,Q3-2023,2023.0,8101.2824,54.17660789,43890.0,27,10,2023,2.405681796358893,1.4750119269070106,0.03828783622097409,-0.022831061578832745,0.03338757566468942,-0.7818314824680304,0.6234898018587328,-0.8660254037844386,0.5000000000000001,1.0
2023-10-28,Beras Medium,12289.956397660917,13292.104096836263,Padi,Q3-2023,2023.0,8101.2824,54.17660789,43890.0,28,10,2023,2.4597153328122596,1.5675138801707607,0.03828783622097409,-0.022831061578832745,0.03338757566468942,-9.797174393178826e-16,1.0,-0.8660254037844386,0.5000000000000001,1.0
2023-10-29,Beras Medium,12291.657422852097,13338.377870443255,Padi,Q3-2023,2023.0,8101.2824,54.17660789,43890.0,29,10,2023,2.4607370767800676,1.582167609748304,0.03828783622097409,-0.022831061578832745,0.03338757566468942,0.7818314824680291,0.6234898018587344,-0.8660254037844386,0.5000000000000001,1.0
2023-10-30,Beras Medium,12500.0,13500.0,Padi,Q3-2023,2023.0,8101.2824,54.17660789,43890.0,30,10,2023,2.5858808856678337,1.6333492358760133,0.03828783622097409,-0.022831061578832745,0.03338757566468942,0.9749279121818246,-0.22252093395630992,-0.8660254037844386,0.5000000000000001,1.0
2023-10-31,Beras Medium,12500.0,13500.0,Padi,Q3-2023,2023.0,8101.2824,54.17660789,43890.0,31,10,2023,2.5858808856678337,1.6333492358760133,0.03828783622097409,-0.022831061578832745,0.03338757566468942,0.4338837391175591,-0.9009688679024187,-0.8660254037844386,0.5000000000000001,1.0
2023-11-01,Beras Medium,12500.0,13500.0,Padi,Q3-2023,2023.0,8101.2824,54.17660789,43890.0,1,11,2023,2.5858808856678337,1.6333492358760133,0.03828783622097409,-0.022831061578832745,0.03338757566468942,0.7818314824680298,0.6234898018587336,-0.5000000000000004,0.8660254037844384,1.0
2023-11-02,Beras Medium,12500.0,13500.0,Padi,Q3-2023,2023.0,8101.2824,54.17660789,43890.0,2,11,2023,2.5858808856678337,1.6333492358760133,0.03828783622097409,-0.022831061578832745,0.03338757566468942,0.9749279121818236,-0.22252093395631434,-0.5000000000000004,0.8660254037844384,1.0
2023-11-03,Beras Medium,12500.0,13500.0,Padi,Q3-2023,2023.0,8101.2824,54.17660789,43890.0,3,11,2023,2.5858808856678337,1.6333492358760133,0.03828783622097409,-0.022831061578832745,0.03338757566468942,0.43388373911755823,-0.900968867902419,-0.5000000000000004,0.8660254037844384,1.0
2023-11-04,Beras Medium,12321.081568025753,13434.344643477447,Padi,Q3-2023,2023.0,8101.2824,54.17660789,43890.0,4,11,2023,2.478411090660024,1.61255785093365,0.03828783622097409,-0.022831061578832745,0.03338757566468942,-0.433883739117558,-0.9009688679024191,-0.5000000000000004,0.8660254037844384,1.0
2023-11-05,Beras Medium,12315.683598291313,13451.12538746424,Padi,Q3-2023,2023.0,8101.2824,54.17660789,43890.0,5,11,2023,2.4751687265591453,1.6178718866243842,0.03828783622097409,-0.022831061578832745,0.03338757566468942,-0.9749279121818236,-0.2225209339563146,-0.5000000000000004,0.8660254037844384,1.0
2023-11-06,Beras Medium,12500.0,13800.0,Padi,Q3-2023,2023.0,8101.2824,54.17660789,43890.0,6,11,2023,2.5858808856678337,1.7283516212574157,0.03828783622097409,-0.022831061578832745,0.03338757566468942,-0.7818314824680299,0.6234898018587334,-0.5000000000000004,0.8660254037844384,1.0
2023-11-07,Beras Medium,12500.0,13800.0,Padi,Q3-2023,2023.0,8101.2824,54.17660789,43890.0,7,11,2023,2.5858808856678337,1.7283516212574157,0.03828783622097409,-0.022831061578832745,0.03338757566468942,-2.4492935982947064e-16,1.0,-0.5000000000000004,0.8660254037844384,1.0
2023-11-08,Beras Medium,12500.0,13800.0,Padi,Q3-2023,2023.0,8101.2824,54.17660789,43890.0,8,11,2023,2.5858808856678337,1.7283516212574157,0.03828783622097409,-0.022831061578832745,0.03338757566468942,0.7818314824680296,0.6234898018587337,-0.5000000000000004,0.8660254037844384,1.0
2023-11-09,Beras Medium,12500.0,13800.0,Padi,Q3-2023,2023.0,8101.2824,54.17660789,43890.0,9,11,2023,2.5858808856678337,1.7283516212574157,0.03828783622097409,-0.022831061578832745,0.03338757566468942,0.9749279121818237,-0.2225209339563141,-0.5000000000000004,0.8660254037844384,1.0
2023-11-10,Beras Medium,12500.0,13800.0,Padi,Q3-2023,2023.0,8101.2824,54.17660789,43890.0,10,11,2023,2.5858808856678337,1.7283516212574157,0.03828783622097409,-0.022831061578832745,0.03338757566468942,0.43388373911755845,-0.9009688679024189,-0.5000000000000004,0.8660254037844384,1.0
2023-11-11,Beras Medium,12365.002614457184,13613.727578709226,Padi,Q3-2023,2023.0,8101.2824,54.17660789,43890.0,11,11,2023,2.504792865888155,1.6693638734127725,0.03828783622097409,-0.022831061578832745,0.03338757566468942,-0.4338837391175562,-0.90096886790242,-0.5000000000000004,0.8660254037844384,1.0
2023-11-12,Beras Medium,12377.669250988718,13626.402158682167,Padi,Q3-2023,2023.0,8101.2824,54.17660789,43890.0,12,11,2023,2.512401253780122,1.6733775911832285,0.03828783622097409,-0.022831061578832745,0.03338757566468942,-0.9749279121818235,-0.2225209339563148,-0.5000000000000004,0.8660254037844384,1.0
2023-11-13,Beras Medium,12500.0,13800.0,Padi,Q3-2023,2023.0,8101.2824,54.17660789,43890.0,13,11,2023,2.5858808856678337,1.7283516212574157,0.03828783622097409,-0.022831061578832745,0.03338757566468942,-0.781831482468029,0.6234898018587346,-0.5000000000000004,0.8660254037844384,1.0
2023-11-14,Beras Medium,12500.0,13800.0,Padi,Q3-2023,2023.0,8101.2824,54.17660789,43890.0,14,11,2023,2.5858808856678337,1.7283516212574157,0.03828783622097409,-0.022831061578832745,0.03338757566468942,-4.898587196589413e-16,1.0,-0.5000000000000004,0.8660254037844384,1.0
2023-11-15,Beras Medium,12500.0,13800.0,Padi,Q3-2023,2023.0,8101.2824,54.17660789,43890.0,15,11,2023,2.5858808856678337,1.7283516212574157,0.03828783622097409,-0.022831061578832745,0.03338757566468942,0.7818314824680284,0.6234898018587354,-0.5000000000000004,0.8660254037844384,1.0
2023-11-16,Beras Medium,12500.0,13800.0,Padi,Q3-2023,2023.0,8101.2824,54.17660789,43890.0,16,11,2023,2.5858808856678337,1.7283516212574157,0.03828783622097409,-0.022831061578832745,0.03338757566468942,0.9749279121818237,-0.22252093395631387,-0.5000000000000004,0.8660254037844384,1.0
2023-11-17,Beras Medium,12500.0,13800.0,Padi,Q3-2023,2023.0,8101.2824,54.17660789,43890.0,17,11,2023,2.5858808856678337,1.7283516212574157,0.03828783622097409,-0.022831061578832745,0.03338757566468942,0.43388373911755707,-0.9009688679024196,-0.5000000000000004,0.8660254037844384,1.0
2023-11-18,Beras Medium,12418.333433883156,13774.571041391977,Padi,Q3-2023,2023.0,8101.2824,54.17660789,43890.0,18,11,2023,2.5368267495303547,1.720298915505659,0.03828783622097409,-0.022831061578832745,0.03338757566468942,-0.43388373911755757,-0.9009688679024194,-0.5000000000000004,0.8660254037844384,1.0
2023-11-19,Beras Medium,12430.062478591548,13782.087143662584,Padi,Q3-2023,2023.0,8101.2824,54.17660789,43890.0,19,11,2023,2.5438719601134085,1.722679074320586,0.03828783622097409,-0.022831061578832745,0.03338757566468942,-0.9749279121818235,-0.22252093395631506,-0.5000000000000004,0.8660254037844384,1.0
2023-11-20,Beras Medium,12500.0,13800.0,Padi,Q3-2023,2023.0,8101.2824,54.17660789,43890.0,20,11,2023,2.5858808856678337,1.7283516212574157,0.03828783622097409,-0.022831061578832745,0.03338757566468942,-0.7818314824680302,0.6234898018587329,-0.5000000000000004,0.8660254037844384,1.0
2023-11-21,Beras Medium,12500.0,13800.0,Padi,Q3-2023,2023.0,8101.2824,54.17660789,43890.0,21,11,2023,2.5858808856678337,1.7283516212574157,0.03828783622097409,-0.022831061578832745,0.03338757566468942,-7.347880794884119e-16,1.0,-0.5000000000000004,0.8660254037844384,1.0
2023-11-22,Beras Medium,12500.0,13800.0,Padi,Q3-2023,2023.0,8101.2824,54.17660789,43890.0,22,11,2023,2.5858808856678337,1.7283516212574157,0.03828783622097409,-0.022831061578832745,0.03338757566468942,0.7818314824680271,0.6234898018587369,-0.5000000000000004,0.8660254037844384,1.0
2023-11-23,Beras Medium,12500.0,13800.0,Padi,Q3-2023,2023.0,8101.2824,54.17660789,43890.0,23,11,2023,2.5858808856678337,1.7283516212574157,0.03828783622097409,-0.022831061578832745,0.03338757566468942,0.9749279121818238,-0.22252093395631362,-0.5000000000000004,0.8660254037844384,1.0
2023-11-24,Beras Medium,12500.0,13800.0,Padi,Q3-2023,2023.0,8101.2824,54.17660789,43890.0,24,11,2023,2.5858808856678337,1.7283516212574157,0.03828783622097409,-0.022831061578832745,0.03338757566468942,0.4338837391175589,-0.9009688679024188,-0.5000000000000004,0.8660254037844384,1.0
2023-11-25,Beras Medium,12435.436021262496,13738.239241822917,Padi,Q3-2023,2023.0,8101.2824,54.17660789,43890.0,25,11,2023,2.5470996517656337,1.7087935567581263,0.03828783622097409,-0.022831061578832745,0.03338757566468942,-0.43388373911755734,-0.9009688679024195,-0.5000000000000004,0.8660254037844384,1.0
2023-11-26,Beras Medium,12499.077545692573,13783.055046128276,Padi,Q3-2023,2023.0,8101.2824,54.17660789,43890.0,26,11,2023,2.5853268009140757,1.72298558446411,0.03828783622097409,-0.022831061578832745,0.03338757566468942,-0.9749279121818242,-0.22252093395631184,-0.5000000000000004,0.8660254037844384,1.0
2023-11-27,Beras Medium,12500.0,13800.0,Padi,Q3-2023,2023.0,8101.2824,54.17660789,43890.0,27,11,2023,2.5858808856678337,1.7283516212574157,0.03828783622097409,-0.022831061578832745,0.03338757566468942,-0.7818314824680304,0.6234898018587328,-0.5000000000000004,0.8660254037844384,1.0
2023-11-28,Beras Medium,12500.0,13800.0,Padi,Q3-2023,2023.0,8101.2824,54.17660789,43890.0,28,11,2023,2.5858808856678337,1.7283516212574157,0.03828783622097409,-0.022831061578832745,0.03338757566468942,-9.797174393178826e-16,1.0,-0.5000000000000004,0.8660254037844384,1.0
2023-11-29,Beras Medium,12500.0,13800.0,Padi,Q3-2023,2023.0,8101.2824,54.17660789,43890.0,29,11,2023,2.5858808856678337,1.7283516212574157,0.03828783622097409,-0.022831061578832745,0.03338757566468942,0.7818314824680291,0.6234898018587344,-0.5000000000000004,0.8660254037844384,1.0
2023-11-30,Beras Medium,12500.0,13800.0,Padi,Q3-2023,2023.0,8101.2824,54.17660789,43890.0,30,11,2023,2.5858808856678337,1.7283516212574157,0.03828783622097409,-0.022831061578832745,0.03338757566468942,0.9749279121818246,-0.22252093395630992,-0.5000000000000004,0.8660254037844384,1.0
2023-12-01,Beras Medium,12500.0,13800.0,Padi,Q3-2023,2023.0,8101.2824,54.17660789,43890.0,1,12,2023,2.5858808856678337,1.7283516212574157,0.03828783622097409,-0.022831061578832745,0.03338757566468942,0.7818314824680298,0.6234898018587336,-2.4492935982947064e-16,1.0,1.0
2023-12-02,Beras Medium,12739.071674902174,13796.548807876632,Padi,Q3-2023,2023.0,8101.2824,54.17660789,43890.0,2,12,2023,2.72948254599095,1.7272587163103172,0.03828783622097409,-0.022831061578832745,0.03338757566468942,0.9749279121818236,-0.22252093395631434,-2.4492935982947064e-16,1.0,1.0
2023-12-03,Beras Medium,12731.345040079776,13796.184598310765,Padi,Q3-2023,2023.0,8101.2824,54.17660789,43890.0,3,12,2023,2.724841437462887,1.7271433803851974,0.03828783622097409,-0.022831061578832745,0.03338757566468942,0.43388373911755823,-0.900968867902419,-2.4492935982947064e-16,1.0,1.0
2023-12-04,Beras Medium,12500.0,13800.0,Padi,Q3-2023,2023.0,8101.2824,54.17660789,43890.0,4,12,2023,2.5858808856678337,1.7283516212574157,0.03828783622097409,-0.022831061578832745,0.03338757566468942,-0.433883739117558,-0.9009688679024191,-2.4492935982947064e-16,1.0,1.0
2023-12-05,Beras Medium,12500.0,13800.0,Padi,Q3-2023,2023.0,8101.2824,54.17660789,43890.0,5,12,2023,2.5858808856678337,1.7283516212574157,0.03828783622097409,-0.022831061578832745,0.03338757566468942,-0.9749279121818236,-0.2225209339563146,-2.4492935982947064e-16,1.0,1.0
2023-12-06,Beras Medium,12500.0,13800.0,Padi,Q3-2023,2023.0,8101.2824,54.17660789,43890.0,6,12,2023,2.5858808856678337,1.7283516212574157,0.03828783622097409,-0.022831061578832745,0.03338757566468942,-0.7818314824680299,0.6234898018587334,-2.4492935982947064e-16,1.0,1.0
2023-12-07,Beras Medium,12500.0,13800.0,Padi,Q3-2023,2023.0,8101.2824,54.17660789,43890.0,7,12,2023,2.5858808856678337,1.7283516212574157,0.03828783622097409,-0.022831061578832745,0.03338757566468942,-2.4492935982947064e-16,1.0,-2.4492935982947064e-16,1.0,1.0
2023-12-08,Beras Medium,12500.0,13800.0,Padi,Q3-2023,2023.0,8101.2824,54.17660789,43890.0,8,12,2023,2.5858808856678337,1.7283516212574157,0.03828783622097409,-0.022831061578832745,0.03338757566468942,0.7818314824680296,0.6234898018587337,-2.4492935982947064e-16,1.0,1.0
2023-12-09,Beras Medium,12499.150238403663,13807.365769215394,Padi,Q3-2023,2023.0,8101.2824,54.17660789,43890.0,9,12,2023,2.5853704647818683,1.7306841734095202,0.03828783622097409,-0.022831061578832745,0.03338757566468942,0.9749279121818237,-0.2225209339563141,-2.4492935982947064e-16,1.0,1.0
2023-12-10,Beras Medium,12499.117138040267,13803.72870728641,Padi,Q3-2023,2023.0,8101.2824,54.17660789,43890.0,10,12,2023,2.5853505825974024,1.7295324082127421,0.03828783622097409,-0.022831061578832745,0.03338757566468942,0.43388373911755845,-0.9009688679024189,-2.4492935982947064e-16,1.0,1.0
2023-12-11,Beras Medium,12500.0,13800.0,Padi,Q3-2023,2023.0,8101.2824,54.17660789,43890.0,11,12,2023,2.5858808856678337,1.7283516212574157,0.03828783622097409,-0.022831061578832745,0.03338757566468942,-0.4338837391175562,-0.90096886790242,-2.4492935982947064e-16,1.0,1.0
2023-12-12,Beras Medium,12500.0,13800.0,Padi,Q3-2023,2023.0,8101.2824,54.17660789,43890.0,12,12,2023,2.5858808856678337,1.7283516212574157,0.03828783622097409,-0.022831061578832745,0.03338757566468942,-0.9749279121818235,-0.2225209339563148,-2.4492935982947064e-16,1.0,1.0
2023-12-13,Beras Medium,12500.0,13800.0,Padi,Q3-2023,2023.0,8101.2824,54.17660789,43890.0,13,12,2023,2.5858808856678337,1.7283516212574157,0.03828783622097409,-0.022831061578832745,0.03338757566468942,-0.781831482468029,0.6234898018587346,-2.4492935982947064e-16,1.0,1.0
2023-12-14,Beras Medium,12500.0,13800.0,Padi,Q3-2023,2023.0,8101.2824,54.17660789,43890.0,14,12,2023,2.5858808856678337,1.7283516212574157,0.03828783622097409,-0.022831061578832745,0.03338757566468942,-4.898587196589413e-16,1.0,-2.4492935982947064e-16,1.0,1.0
2023-12-15,Beras Medium,12500.0,13800.0,Padi,Q3-2023,2023.0,8101.2824,54.17660789,43890.0,15,12,2023,2.5858808856678337,1.7283516212574157,0.03828783622097409,-0.022831061578832745,0.03338757566468942,0.7818314824680284,0.6234898018587354,-2.4492935982947064e-16,1.0,1.0
2023-12-16,Beras Medium,12498.695521498847,13796.483049153429,Padi,Q3-2023,2023.0,8101.2824,54.17660789,43890.0,16,12,2023,2.5850973328747306,1.7272378921917713,0.03828783622097409,-0.022831061578832745,0.03338757566468942,0.9749279121818237,-0.22252093395631387,-2.4492935982947064e-16,1.0,1.0
2023-12-17,Beras Medium,12497.558969453215,13807.081821896621,Padi,Q3-2023,2023.0,8101.2824,54.17660789,43890.0,17,12,2023,2.584414647396147,1.7305942545008333,0.03828783622097409,-0.022831061578832745,0.03338757566468942,0.43388373911755707,-0.9009688679024196,-2.4492935982947064e-16,1.0,1.0
2023-12-18,Beras Medium,12500.0,13800.0,Padi,Q3-2023,2023.0,8101.2824,54.17660789,43890.0,18,12,2023,2.5858808856678337,1.7283516212574157,0.03828783622097409,-0.022831061578832745,0.03338757566468942,-0.43388373911755757,-0.9009688679024194,-2.4492935982947064e-16,1.0,1.0
2023-12-19,Beras Medium,12500.0,13800.0,Padi,Q3-2023,2023.0,8101.2824,54.17660789,43890.0,19,12,2023,2.5858808856678337,1.7283516212574157,0.03828783622097409,-0.022831061578832745,0.03338757566468942,-0.9749279121818235,-0.22252093395631506,-2.4492935982947064e-16,1.0,1.0
2023-12-20,Beras Medium,12500.0,13800.0,Padi,Q3-2023,2023.0,8101.2824,54.17660789,43890.0,20,12,2023,2.5858808856678337,1.7283516212574157,0.03828783622097409,-0.022831061578832745,0.03338757566468942,-0.7818314824680302,0.6234898018587329,-2.4492935982947064e-16,1.0,1.0
2023-12-21,Beras Medium,12500.0,13800.0,Padi,Q3-2023,2023.0,8101.2824,54.17660789,43890.0,21,12,2023,2.5858808856678337,1.7283516212574157,0.03828783622097409,-0.022831061578832745,0.03338757566468942,-7.347880794884119e-16,1.0,-2.4492935982947064e-16,1.0,1.0
2023-12-22,Beras Medium,12500.0,13800.0,Padi,Q3-2023,2023.0,8101.2824,54.17660789,43890.0,22,12,2023,2.5858808856678337,1.7283516212574157,0.03828783622097409,-0.022831061578832745,0.03338757566468942,0.7818314824680271,0.6234898018587369,-2.4492935982947064e-16,1.0,1.0
2023-12-23,Beras Medium,12498.67829344842,13798.078992372644,Padi,Q3-2023,2023.0,8101.2824,54.17660789,43890.0,23,12,2023,2.5850869846114053,1.7277432869009668,0.03828783622097409,-0.022831061578832745,0.03338757566468942,0.9749279121818238,-0.22252093395631362,-2.4492935982947064e-16,1.0,1.0
2023-12-24,Beras Medium,12498.644779793474,13797.428625168634,Padi,Q3-2023,2023.0,8101.2824,54.17660789,43890.0,24,12,2023,2.585066854177737,1.727537332115117,0.03828783622097409,-0.022831061578832745,0.03338757566468942,0.4338837391175589,-0.9009688679024188,-2.4492935982947064e-16,1.0,1.0
2023-12-25,Beras Medium,12501.594233691947,13801.790980325157,Padi,Q3-2023,2023.0,8101.2824,54.17660789,43890.0,25,12,2023,2.5868384838659484,1.728918779267619,0.03828783622097409,-0.022831061578832745,0.03338757566468942,-0.43388373911755734,-0.9009688679024195,-2.4492935982947064e-16,1.0,1.0
2023-12-26,Beras Medium,12500.0,13800.0,Padi,Q3-2023,2023.0,8101.2824,54.17660789,43890.0,26,12,2023,2.5858808856678337,1.7283516212574157,0.03828783622097409,-0.022831061578832745,0.03338757566468942,-0.9749279121818242,-0.22252093395631184,-2.4492935982947064e-16,1.0,1.0
2023-12-27,Beras Medium,12500.0,13800.0,Padi,Q3-2023,2023.0,8101.2824,54.17660789,43890.0,27,12,2023,2.5858808856678337,1.7283516212574157,0.03828783622097409,-0.022831061578832745,0.03338757566468942,-0.7818314824680304,0.6234898018587328,-2.4492935982947064e-16,1.0,1.0
2023-12-28,Beras Medium,12500.0,13800.0,Padi,Q3-2023,2023.0,8101.2824,54.17660789,43890.0,28,12,2023,2.5858808856678337,1.7283516212574157,0.03828783622097409,-0.022831061578832745,0.03338757566468942,-9.797174393178826e-16,1.0,-2.4492935982947064e-16,1.0,1.0
2023-12-29,Beras Medium,12500.0,13800.0,Padi,Q3-2023,2023.0,8101.2824,54.17660789,43890.0,29,12,2023,2.5858808856678337,1.7283516212574157,0.03828783622097409,-0.022831061578832745,0.03338757566468942,0.7818314824680291,0.6234898018587344,-2.4492935982947064e-16,1.0,1.0
2023-12-30,Beras Medium,12500.0,13800.0,Padi,Q3-2023,2023.0,8101.2824,54.17660789,43890.0,30,12,2023,2.5858808856678337,1.7283516212574157,0.03828783622097409,-0.022831061578832745,0.03338757566468942,0.9749279121818246,-0.22252093395630992,-2.4492935982947064e-16,1.0,1.0
2023-12-31,Beras Medium,12503.118386795193,13799.761058613834,Padi,Q3-2023,2023.0,8101.2824,54.17660789,43890.0,31,12,2023,2.5877539872031896,1.7282759545852424,0.03828783622097409,-0.022831061578832745,0.03338757566468942,0.4338837391175591,-0.9009688679024187,-2.4492935982947064e-16,1.0,1.0
