Tanggal,harga_petani_pred,harga_pengecer_pred,luas_lahan_pred,produktivitas_pred,produksi_pred,hari,bulan,tahun,Komoditi
2024-01-01,4383.5938,4538.5127,47858.547,73.4857,385550.34,Monday,January,2024,Jagung
2024-01-02,4350.7188,4526.6074,49136.99,73.297195,391489.12,Tuesday,January,2024,Jagung
2024-01-03,4302.641,4498.6875,51100.758,72.99847,402269.84,Wednesday,January,2024,Jagung
2024-01-04,4235.2744,4459.0093,53555.49,72.64283,415956.22,Thursday,January,2024,Jagung
2024-01-05,4159.5493,4415.5894,56329.434,72.27562,430842.12,Friday,January,2024,Jagung
2024-01-06,4101.3286,4384.627,59205.67,71.95924,444599.22,Saturday,January,2024,Jagung
2024-01-07,4048.698,4363.9785,62014.58,71.701004,456859.62,Sunday,January,2024,Jagung
2024-01-08,4025.1511,4343.8823,63901.504,71.58884,465325.53,Monday,January,2024,Jagung
2024-01-09,3998.2368,4322.2617,65436.492,71.48463,471430.5,Tuesday,January,2024,Jagung
2024-01-10,3968.2917,4299.0835,66619.84,71.38838,475874.03,Wednesday,January,2024,Jagung
2024-01-11,3935.0293,4274.189,67542.93,71.29324,480143.2,Thursday,January,2024,Jagung
2024-01-12,3907.3953,4251.7573,68416.27,71.220406,484169.66,Friday,January,2024,Jagung
2024-01-13,3890.8008,4236.761,69423.13,71.17226,489689.88,Saturday,January,2024,Jagung
2024-01-14,3879.4373,4227.666,70462.41,71.13637,495688.1,Sunday,January,2024,Jagung
2024-01-15,3866.0596,4220.341,71313.734,71.098694,500306.84,Monday,January,2024,Jagung
2024-01-16,3846.8289,4210.969,71797.414,71.05038,502414.8,Tuesday,January,2024,Jagung
2024-01-17,3825.7986,4199.3306,71990.41,71.00287,502793.7,Wednesday,January,2024,Jagung
2024-01-18,3806.822,4186.865,72026.37,70.96395,502334.66,Thursday,January,2024,Jagung
2024-01-19,3795.0527,4176.4097,72156.56,70.93721,502678.66,Friday,January,2024,Jagung
2024-01-20,3793.4812,4172.596,72559.6,70.92593,505187.28,Saturday,January,2024,Jagung
2024-01-21,3795.082,4172.737,73081.13,70.91876,508543.66,Sunday,January,2024,Jagung
2024-01-22,3792.3752,4172.7446,73470.58,70.90383,510753.2,Monday,January,2024,Jagung
2024-01-23,3782.4092,4169.8745,73551.65,70.87716,510691.28,Tuesday,January,2024,Jagung
2024-01-24,3769.6895,4163.86,73387.54,70.849014,509065.94,Wednesday,January,2024,Jagung
2024-01-25,3758.4202,4156.5005,73127.016,70.827,506962.5,Thursday,January,2024,Jagung
2024-01-26,3753.4995,4150.452,73017.4,70.815475,506000.7,Friday,January,2024,Jagung
2024-01-27,3757.9224,4150.5493,73237.125,70.8178,507554.22,Saturday,January,2024,Jagung
2024-01-28,3764.8296,4154.177,73616.9,70.82277,510215.12,Sunday,January,2024,Jagung
2024-01-29,3766.4949,4157.0186,73886.05,70.81862,511848.0,Monday,January,2024,Jagung
2024-01-30,3760.1008,4156.401,73865.5,70.801895,511303.03,Tuesday,January,2024,Jagung
2024-01-31,3750.5732,4152.35,73615.42,70.7828,509281.25,Wednesday,January,2024,Jagung
2024-02-01,3742.0596,4146.6567,73284.68,70.768814,506859.44,Thursday,February,2024,Jagung
2024-02-02,3743.4683,4146.3755,73041.63,70.763535,504993.6,Friday,February,2024,Jagung
2024-02-03,3755.674,4154.536,73160.59,70.77127,505707.8,Saturday,February,2024,Jagung
2024-02-04,3771.577,4168.1675,73472.84,70.779,507753.28,Sunday,February,2024,Jagung
2024-02-05,3782.764,4182.113,73713.2,70.77733,508983.03,Monday,February,2024,Jagung
2024-02-06,3785.3655,4191.695,73653.45,70.76137,507855.12,Tuesday,February,2024,Jagung
2024-02-07,3784.3943,4196.625,73291.88,70.742874,504908.75,Wednesday,February,2024,Jagung
2024-02-08,3784.5393,4198.601,72818.74,70.731636,501472.94,Thursday,February,2024,Jagung
2024-02-09,3790.2537,4201.4663,72520.12,70.73056,499448.4,Friday,February,2024,Jagung
2024-02-10,3804.7363,4210.5747,72642.98,70.74143,500393.7,Saturday,February,2024,Jagung
2024-02-11,3821.1394,4223.889,72980.65,70.75475,502818.84,Sunday,February,2024,Jagung
2024-02-12,3831.3425,4236.2153,73261.9,70.75904,504498.7,Monday,February,2024,Jagung
2024-02-13,3832.0828,4243.384,73251.766,70.74835,503916.6,Tuesday,February,2024,Jagung
2024-02-14,3827.951,4244.3164,72925.59,70.73151,501422.34,Wednesday,February,2024,Jagung
2024-02-15,3824.6648,4242.008,72497.42,70.72228,498488.66,Thursday,February,2024,Jagung
2024-02-16,3826.8552,4240.72,72245.35,70.723366,496959.06,Friday,February,2024,Jagung
2024-02-17,3837.8496,4245.8496,72415.62,70.73607,498367.53,Saturday,February,2024,Jagung
2024-02-18,3850.957,4255.5723,72794.01,70.751884,501184.2,Sunday,February,2024,Jagung
2024-02-19,3857.9568,4264.434,73106.24,70.75788,503160.53,Monday,February,2024,Jagung
2024-02-20,3855.7446,4268.4136,73122.07,70.74849,502833.12,Tuesday,February,2024,Jagung
2024-02-21,3848.7751,4266.2705,72817.26,70.73249,500544.16,Wednesday,February,2024,Jagung
2024-02-22,3842.851,4261.054,72410.984,70.72344,497814.7,Thursday,February,2024,Jagung
2024-02-23,3842.7048,4257.255,72181.37,70.72483,496483.66,Friday,February,2024,Jagung
2024-02-24,3851.7024,4260.3027,72372.914,70.73817,498068.0,Saturday,February,2024,Jagung
2024-02-25,3863.0127,4268.154,72766.2,70.75431,501010.06,Sunday,February,2024,Jagung
2024-02-26,3868.4128,4275.348,73088.35,70.76043,503067.34,Monday,February,2024,Jagung
2024-02-27,3864.7976,4277.855,73110.87,70.751045,502794.78,Tuesday,February,2024,Jagung
2024-02-28,3856.558,4274.374,72810.99,70.73497,500544.22,Wednesday,February,2024,Jagung
2024-02-29,3849.515,4267.957,72410.125,70.72566,497856.3,Thursday,February,2024,Jagung
2024-03-01,3848.4172,4263.158,72186.33,70.7269,496568.44,Friday,March,2024,Jagung
2024-03-02,3863.3027,4273.5996,72393.06,70.73321,497970.62,Saturday,March,2024,Jagung
2024-03-03,3883.9146,4292.3623,72783.25,70.74134,500458.0,Sunday,March,2024,Jagung
2024-03-04,3903.1184,4314.6816,73054.51,70.738304,502049.22,Monday,March,2024,Jagung
2024-03-05,3918.4404,4336.764,72906.36,70.718765,501211.94,Tuesday,March,2024,Jagung
2024-03-06,3932.5042,4355.339,72339.836,70.68952,498134.78,Wednesday,March,2024,Jagung
2024-03-07,3946.049,4369.4,71653.484,70.662254,494412.16,Thursday,March,2024,Jagung
2024-03-08,3963.002,4383.395,71250.4,70.649055,492444.56,Friday,March,2024,Jagung
2024-03-09,3984.9583,4402.2104,71334.17,70.650764,493412.22,Saturday,March,2024,Jagung
2024-03-10,4007.985,4424.179,71703.46,70.65826,496050.34,Sunday,March,2024,Jagung
2024-03-11,4025.8953,4445.5986,72010.984,70.65729,498183.62,Monday,March,2024,Jagung
2024-03-12,4037.634,4464.647,71922.49,70.64135,497901.2,Tuesday,March,2024,Jagung
2024-03-13,4046.272,4477.409,71444.68,70.61728,495442.06,Wednesday,March,2024,Jagung
2024-03-14,4052.8508,4483.5195,70854.69,70.5959,492315.88,Thursday,March,2024,Jagung
2024-03-15,4061.9116,4489.0835,70555.58,70.58862,490935.66,Friday,March,2024,Jagung
2024-03-16,4075.905,4499.6543,70745.305,70.59605,492497.5,Saturday,March,2024,Jagung
2024-03-17,4091.2756,4513.735,71216.586,70.608986,495694.3,Sunday,March,2024,Jagung
2024-03-18,4101.993,4527.5454,71611.77,70.613075,498281.6,Monday,March,2024,Jagung
2024-03-19,4106.8794,4539.255,71595.48,70.60163,498304.84,Tuesday,March,2024,Jagung
2024-03-20,4108.945,4544.8354,71185.32,70.58188,496098.9,Wednesday,March,2024,Jagung
2024-03-21,4109.1665,4544.058,70656.086,70.56458,493184.8,Thursday,March,2024,Jagung
2024-03-22,4112.2344,4543.3394,70413.82,70.56089,491996.03,Friday,March,2024,Jagung
2024-03-23,4120.879,4548.38,70655.93,70.571465,493743.5,Saturday,March,2024,Jagung
2024-03-24,4131.495,4557.546,71169.734,70.58712,497076.22,Sunday,March,2024,Jagung
2024-03-25,4138.063,4566.977,71593.43,70.59356,499715.53,Monday,March,2024,Jagung
2024-03-26,4139.194,4574.5376,71597.35,70.58415,499728.03,Tuesday,March,2024,Jagung
2024-03-27,4137.829,4576.3306,71202.58,70.566246,497482.6,Wednesday,March,2024,Jagung
2024-03-28,4134.853,4572.1074,70685.02,70.55064,494519.53,Thursday,March,2024,Jagung
2024-03-29,4135.0146,4568.3267,70454.336,70.5484,493293.1,Friday,March,2024,Jagung
2024-03-30,4141.1333,4570.729,70707.61,70.56026,495018.38,Saturday,March,2024,Jagung
2024-03-31,4149.5483,4577.5903,71229.016,70.576996,498317.4,Sunday,March,2024,Jagung
2024-04-01,4154.218,4584.9893,71654.414,70.58434,500892.4,Monday,April,2024,Jagung
2024-04-02,4166.681,4604.3643,71603.445,70.5646,500849.25,Tuesday,April,2024,Jagung
2024-04-03,4182.6943,4624.614,71075.3,70.53116,498513.97,Wednesday,April,2024,Jagung
2024-04-04,4200.357,4642.167,70411.2,70.49543,495460.03,Thursday,April,2024,Jagung
2024-04-05,4222.2935,4661.2295,70037.82,70.46894,494064.25,Friday,April,2024,Jagung
2024-04-06,4250.4775,4687.296,70159.04,70.45665,495726.12,Saturday,April,2024,Jagung
2024-04-07,4288.346,4723.96,70567.68,70.45949,498960.22,Sunday,April,2024,Jagung
2024-04-08,4326.445,4766.071,70875.43,70.45819,501924.22,Monday,April,2024,Jagung
2024-04-09,4359.735,4805.6274,70734.52,70.43776,502308.5,Tuesday,April,2024,Jagung
2024-04-10,4388.925,4837.8564,70198.0,70.40243,500132.4,Wednesday,April,2024,Jagung
2024-04-11,4414.366,4861.928,69535.11,70.36699,496782.66,Thursday,April,2024,Jagung
2024-04-12,4440.849,4883.799,69182.18,70.34699,495109.0,Friday,April,2024,Jagung
2024-04-13,4471.947,4910.799,69367.12,70.34826,496858.06,Saturday,April,2024,Jagung
2024-04-14,4507.5703,4946.424,69914.336,70.36238,501179.2,Sunday,April,2024,Jagung
2024-04-15,4542.5664,4986.273,70361.43,70.36883,505064.9,Monday,April,2024,Jagung
2024-04-16,4571.3765,5020.9214,70257.3,70.344955,505246.84,Tuesday,April,2024,Jagung
2024-04-17,4596.5933,5045.757,69528.03,70.314095,500886.44,Wednesday,April,2024,Jagung
2024-04-18,4615.296,5061.2095,68743.96,70.28344,495959.72,Thursday,April,2024,Jagung
2024-04-19,4633.649,5075.7163,68398.8,70.275154,493904.9,Friday,April,2024,Jagung
2024-04-20,4655.816,5094.968,68616.96,70.2839,495651.3,Saturday,April,2024,Jagung
2024-04-21,4684.0063,5123.5737,69201.5,70.30877,500107.6,Sunday,April,2024,Jagung
2024-04-22,4712.877,5155.1587,69559.06,70.321075,502970.25,Monday,April,2024,Jagung
2024-04-23,4735.946,5180.2095,69297.59,70.29841,501352.97,Tuesday,April,2024,Jagung
2024-04-24,4751.052,5193.8135,68582.23,70.253624,496460.12,Wednesday,April,2024,Jagung
2024-04-25,4759.012,5198.046,67835.23,70.21637,491323.34,Thursday,April,2024,Jagung
2024-04-26,4766.1577,5201.6445,67540.02,70.20691,489330.88,Friday,April,2024,Jagung
2024-04-27,4777.909,5212.4287,67894.04,70.22366,491941.4,Saturday,April,2024,Jagung
2024-04-28,4796.366,5232.8477,68591.08,70.25108,497069.75,Sunday,April,2024,Jagung
2024-04-29,4817.815,5256.9673,69022.516,70.26318,500138.78,Monday,April,2024,Jagung
2024-04-30,4833.667,5274.3896,68811.43,70.24091,498546.6,Tuesday,April,2024,Jagung
2024-05-01,4841.4233,5280.4023,68145.93,70.19821,493756.28,Wednesday,May,2024,Jagung
2024-05-02,4857.1523,5291.4414,67282.734,70.15529,488183.53,Thursday,May,2024,Jagung
2024-05-03,4874.0293,5304.8994,66779.14,70.13237,485506.72,Friday,May,2024,Jagung
2024-05-04,4898.9653,5329.053,66882.49,70.13015,487385.75,Saturday,May,2024,Jagung
2024-05-05,4934.376,5366.5396,67255.0,70.129814,491024.8,Sunday,May,2024,Jagung
2024-05-06,4976.157,5409.859,67058.44,70.10126,490216.72,Monday,May,2024,Jagung
2024-05-07,5015.9766,5442.268,65930.53,70.02929,484322.94,Tuesday,May,2024,Jagung
2024-05-08,5047.632,5454.2056,64277.523,69.93775,477712.25,Wednesday,May,2024,Jagung
2024-05-09,5065.6514,5462.618,62942.133,69.88203,473214.9,Thursday,May,2024,Jagung
2024-05-10,5078.3394,5468.2876,62321.44,69.85596,472321.34,Friday,May,2024,Jagung
2024-05-11,5095.249,5482.038,62497.566,69.85407,475836.34,Saturday,May,2024,Jagung
2024-05-12,5122.2173,5508.7954,62985.12,69.86006,481257.3,Sunday,May,2024,Jagung
2024-05-13,5155.5063,5541.5317,62855.24,69.84919,483184.12,Monday,May,2024,Jagung
2024-05-14,5184.561,5566.3267,61850.95,69.80352,479933.9,Tuesday,May,2024,Jagung
2024-05-15,5200.974,5575.193,60400.254,69.73897,473716.75,Wednesday,May,2024,Jagung
2024-05-16,5204.251,5571.2026,59236.543,69.68923,468489.03,Thursday,May,2024,Jagung
2024-05-17,5201.8813,5564.4585,58854.13,69.67387,467224.88,Friday,May,2024,Jagung
2024-05-18,5204.725,5566.56,59283.438,69.68547,470591.9,Saturday,May,2024,Jagung
2024-05-19,5219.4053,5583.185,59972.96,69.70536,475798.1,Sunday,May,2024,Jagung
2024-05-20,5241.516,5606.9336,59970.797,69.70672,477223.0,Monday,May,2024,Jagung
2024-05-21,5259.7773,5622.7563,59045.754,69.67082,473249.2,Tuesday,May,2024,Jagung
2024-05-22,5265.1,5621.9414,57688.492,69.61298,466357.94,Wednesday,May,2024,Jagung
2024-05-23,5256.6113,5607.6587,56670.633,69.56832,460744.25,Thursday,May,2024,Jagung
2024-05-24,5243.224,5591.1577,56452.74,69.56033,459225.0,Friday,May,2024,Jagung
2024-05-25,5236.961,5584.9585,57020.703,69.5839,462285.5,Saturday,May,2024,Jagung
2024-05-26,5244.1895,5594.7266,57784.125,69.61753,466975.9,Sunday,May,2024,Jagung
2024-05-27,5258.8896,5612.1396,57835.28,69.62999,467906.44,Monday,May,2024,Jagung
2024-05-28,5270.083,5621.841,56961.844,69.601494,463466.62,Tuesday,May,2024,Jagung
2024-05-29,5267.9463,5614.4634,55677.465,69.5487,456296.38,Wednesday,May,2024,Jagung
2024-05-30,5252.331,5593.899,54739.977,69.509285,450253.25,Thursday,May,2024,Jagung
2024-05-31,5233.529,5570.728,54628.406,69.50524,448855.9,Friday,May,2024,Jagung
2024-06-01,5221.6626,5559.8022,55303.453,69.53671,451949.3,Saturday,June,2024,Jagung
2024-06-02,5230.738,5569.184,55768.996,69.56518,455613.12,Sunday,June,2024,Jagung
2024-06-03,5248.6787,5584.2603,55105.586,69.552704,453564.06,Monday,June,2024,Jagung
2024-06-04,5258.834,5593.003,53107.75,69.4878,442298.0,Tuesday,June,2024,Jagung
2024-06-05,5247.4893,5587.3784,50514.676,69.39374,424800.88,Wednesday,June,2024,Jagung
2024-06-06,5224.3286,5560.3486,48440.965,69.29937,410519.2,Thursday,June,2024,Jagung
2024-06-07,5201.6455,5524.319,47293.207,69.23729,402774.28,Friday,June,2024,Jagung
2024-06-08,5188.0083,5497.3496,47150.785,69.214096,401783.38,Saturday,June,2024,Jagung
2024-06-09,5185.37,5488.862,47023.28,69.21076,400959.44,Sunday,June,2024,Jagung
2024-06-10,5182.544,5493.133,46011.14,69.19322,393423.88,Monday,June,2024,Jagung
2024-06-11,5162.542,5501.135,44180.34,69.16637,377899.88,Tuesday,June,2024,Jagung
2024-06-12,5124.4727,5487.048,42050.285,69.11725,359460.28,Wednesday,June,2024,Jagung
2024-06-13,5078.9014,5445.909,40547.19,69.06337,345927.53,Thursday,June,2024,Jagung
2024-06-14,5040.579,5393.7188,39977.996,69.03573,340143.56,Friday,June,2024,Jagung
2024-06-15,5017.2563,5348.8706,40172.523,69.03943,340914.78,Saturday,June,2024,Jagung
2024-06-16,5005.1133,5324.753,40420.656,69.0632,342040.9,Sunday,June,2024,Jagung
2024-06-17,4992.3794,5318.4756,39952.543,69.08241,337238.88,Monday,June,2024,Jagung
2024-06-18,4965.946,5314.5503,38495.035,69.083435,324205.3,Tuesday,June,2024,Jagung
2024-06-19,4924.4424,5291.827,36750.96,69.06503,308637.06,Wednesday,June,2024,Jagung
2024-06-20,4878.669,5244.9937,35644.402,69.04073,298201.53,Thursday,June,2024,Jagung
2024-06-21,4843.1436,5190.3857,35481.953,69.0382,295580.6,Friday,June,2024,Jagung
2024-06-22,4823.0527,5145.1924,36016.543,69.06368,298940.0,Saturday,June,2024,Jagung
2024-06-23,4814.132,5120.339,36549.06,69.105194,302463.9,Sunday,June,2024,Jagung
2024-06-24,4803.382,5116.12,36515.766,69.1493,300689.7,Monday,June,2024,Jagung
2024-06-25,4782.5303,5112.785,35410.88,69.16456,290916.28,Tuesday,June,2024,Jagung
2024-06-26,4750.07,5093.765,34003.77,69.15776,278794.8,Wednesday,June,2024,Jagung
2024-06-27,4713.7656,5055.8027,33286.184,69.149994,271729.9,Thursday,June,2024,Jagung
2024-06-28,4685.993,5014.5254,33575.96,69.169685,272127.9,Friday,June,2024,Jagung
2024-06-29,4671.033,4984.961,34593.984,69.22174,278034.44,Saturday,June,2024,Jagung
2024-06-30,4665.9697,4974.398,35606.43,69.28818,284009.53,Sunday,June,2024,Jagung
2024-07-01,4663.783,4978.0273,35821.223,69.33428,284416.03,Monday,July,2024,Jagung
2024-07-02,4653.097,4976.208,34930.027,69.327095,277102.1,Tuesday,July,2024,Jagung
2024-07-03,4630.8433,4957.866,33714.473,69.28114,267330.78,Wednesday,July,2024,Jagung
2024-07-04,4602.353,4922.166,32965.145,69.234375,260772.2,Thursday,July,2024,Jagung
2024-07-05,4577.593,4881.9956,33026.69,69.21963,259934.28,Friday,July,2024,Jagung
2024-07-06,4562.5386,4850.1743,33777.46,69.23763,263985.94,Saturday,July,2024,Jagung
2024-07-07,4556.885,4834.8784,34596.043,69.26633,268494.84,Sunday,July,2024,Jagung
2024-07-08,4553.4194,4833.361,34703.023,69.279076,267959.5,Monday,July,2024,Jagung
2024-07-09,4543.811,4833.0903,34021.977,69.25805,261679.92,Tuesday,July,2024,Jagung
2024-07-10,4526.252,4820.972,33160.09,69.211174,254189.02,Wednesday,July,2024,Jagung
2024-07-11,4504.1997,4795.206,32752.066,69.17291,250046.1,Thursday,July,2024,Jagung
2024-07-12,4486.5425,4766.57,33104.547,69.1709,251397.11,Friday,July,2024,Jagung
2024-07-13,4479.1245,4746.4946,34107.418,69.20333,257501.47,Saturday,July,2024,Jagung
2024-07-14,4481.1094,4742.1704,35168.92,69.24753,264011.8,Sunday,July,2024,Jagung
2024-07-15,4485.1875,4750.223,35491.67,69.27453,265454.97,Monday,July,2024,Jagung
2024-07-16,4483.5903,4759.5283,35004.08,69.26763,261102.06,Tuesday,July,2024,Jagung
2024-07-17,4474.8027,4757.6724,34302.715,69.23317,255394.55,Wednesday,July,2024,Jagung
2024-07-18,4461.5474,4742.606,33990.594,69.205315,252641.23,Thursday,July,2024,Jagung
2024-07-19,4451.971,4724.141,34379.344,69.210335,254962.58,Friday,July,2024,Jagung
2024-07-20,4451.637,4712.8975,35387.37,69.246956,261788.86,Saturday,July,2024,Jagung
2024-07-21,4459.702,4716.128,36454.58,69.29402,268898.1,Sunday,July,2024,Jagung
2024-07-22,4469.0635,4730.3833,36773.24,69.32236,270845.03,Monday,July,2024,Jagung
2024-07-23,4472.3853,4745.031,36255.5,69.31523,266866.5,Tuesday,July,2024,Jagung
2024-07-24,4468.238,4748.3213,35507.793,69.27974,261383.0,Wednesday,July,2024,Jagung
2024-07-25,4459.1704,4738.107,35135.543,69.249794,258711.73,Thursday,July,2024,Jagung
2024-07-26,4453.1733,4723.826,35451.96,69.25163,260997.34,Friday,July,2024,Jagung
2024-07-27,4455.77,4715.9854,36388.656,69.28435,267736.78,Saturday,July,2024,Jagung
2024-07-28,4466.2397,4721.984,37393.74,69.32745,274740.28,Sunday,July,2024,Jagung
2024-07-29,4477.5283,4738.4,37649.79,69.35187,276531.88,Monday,July,2024,Jagung
2024-07-30,4482.4067,4754.6826,37059.5,69.340385,272316.56,Tuesday,July,2024,Jagung
2024-07-31,4479.518,4759.3643,36235.32,69.30052,266524.7,Wednesday,July,2024,Jagung
2024-08-01,4471.3955,4750.252,35790.344,69.26634,263536.06,Thursday,August,2024,Jagung
2024-08-02,4459.6714,4727.917,35910.61,69.25673,264242.72,Friday,August,2024,Jagung
2024-08-03,4453.0586,4706.6943,36549.25,69.26556,268500.7,Saturday,August,2024,Jagung
2024-08-04,4450.7095,4693.8755,37212.016,69.27716,272650.75,Sunday,August,2024,Jagung
2024-08-05,4446.308,4688.0815,37275.05,69.26863,272234.7,Monday,August,2024,Jagung
2024-08-06,4435.2993,4682.2617,36657.82,69.22435,266531.75,Tuesday,August,2024,Jagung
2024-08-07,4416.4653,4667.558,35877.49,69.16253,259472.9,Wednesday,August,2024,Jagung
2024-08-08,4396.0522,4644.943,35573.387,69.116005,255985.56,Thursday,August,2024,Jagung
2024-08-09,4379.801,4620.936,35908.145,69.10541,256923.11,Friday,August,2024,Jagung
2024-08-10,4372.169,4602.9546,36834.934,69.125565,262017.86,Saturday,August,2024,Jagung
2024-08-11,4371.354,4595.742,37804.15,69.15824,267404.47,Sunday,August,2024,Jagung
2024-08-12,4370.9316,4596.784,38132.074,69.174484,268473.88,Monday,August,2024,Jagung
2024-08-13,4365.1323,4597.9087,37730.117,69.15442,264447.84,Tuesday,August,2024,Jagung
2024-08-14,4352.3716,4590.576,37163.098,69.11508,259286.62,Wednesday,August,2024,Jagung
2024-08-15,4338.5596,4576.4756,37019.56,69.08721,257295.25,Thursday,August,2024,Jagung
2024-08-16,4329.4634,4561.3604,37460.043,69.09047,259407.47,Friday,August,2024,Jagung
2024-08-17,4328.893,4553.099,38448.027,69.12341,265260.12,Saturday,August,2024,Jagung
2024-08-18,4334.5215,4554.0664,39466.375,69.16431,271532.16,Sunday,August,2024,Jagung
2024-08-19,4339.994,4562.0176,39820.133,69.18537,273497.34,Monday,August,2024,Jagung
2024-08-20,4339.9106,4569.3228,39389.047,69.16966,270096.22,Tuesday,August,2024,Jagung
2024-08-21,4333.002,4568.281,38743.16,69.13506,265233.0,Wednesday,August,2024,Jagung
2024-08-22,4325.036,4560.4585,38463.348,69.11276,263022.03,Thursday,August,2024,Jagung
2024-08-23,4321.0,4550.7646,38770.582,69.11833,264901.12,Friday,August,2024,Jagung
2024-08-24,4323.9097,4547.0566,39695.406,69.14922,270871.22,Saturday,August,2024,Jagung
2024-08-25,4333.506,4549.274,40635.0,69.18828,278209.9,Sunday,August,2024,Jagung
2024-08-26,4342.6836,4558.796,40870.633,69.208015,280586.25,Monday,August,2024,Jagung
2024-08-27,4344.3916,4570.533,40346.473,69.18979,276217.38,Tuesday,August,2024,Jagung
2024-08-28,4338.7954,4573.6084,39601.89,69.15252,270245.84,Wednesday,August,2024,Jagung
2024-08-29,4332.395,4567.3374,39210.676,69.127686,267639.06,Thursday,August,2024,Jagung
2024-08-30,4329.5425,4558.847,39415.043,69.13093,269100.16,Friday,August,2024,Jagung
2024-08-31,4333.2075,4555.93,40262.64,69.15885,274789.88,Saturday,August,2024,Jagung
2024-09-01,4343.758,4557.9478,41124.977,69.195755,282174.44,Sunday,September,2024,Jagung
2024-09-02,4343.4355,4551.239,41310.555,69.20134,284204.4,Monday,September,2024,Jagung
2024-09-03,4329.2314,4537.641,40948.414,69.15515,281186.47,Tuesday,September,2024,Jagung
2024-09-04,4304.483,4514.9355,40612.164,69.08712,277891.66,Wednesday,September,2024,Jagung
2024-09-05,4282.391,4488.5503,40539.203,69.06734,276641.66,Thursday,September,2024,Jagung
2024-09-06,4262.84,4464.505,40971.188,69.08729,278311.97,Friday,September,2024,Jagung
2024-09-07,4250.049,4444.437,41909.418,69.13543,283824.12,Saturday,September,2024,Jagung
2024-09-08,4242.4424,4429.357,42880.42,69.186386,290216.94,Sunday,September,2024,Jagung
2024-09-09,4233.008,4415.1265,43301.453,69.20635,293089.2,Monday,September,2024,Jagung
2024-09-10,4217.509,4398.4165,43110.355,69.18717,291491.56,Tuesday,September,2024,Jagung
2024-09-11,4197.9224,4379.939,42814.36,69.15866,288859.03,Wednesday,September,2024,Jagung
2024-09-12,4179.144,4365.599,42886.133,69.16027,288828.53,Thursday,September,2024,Jagung
2024-09-13,4165.5186,4356.778,43450.1,69.19751,292173.44,Friday,September,2024,Jagung
2024-09-14,4159.1724,4353.1616,44459.52,69.26126,298854.2,Saturday,September,2024,Jagung
2024-09-15,4158.5537,4353.723,45487.45,69.32649,306361.6,Sunday,September,2024,Jagung
2024-09-16,4157.2666,4352.9062,45974.13,69.3566,310484.7,Monday,September,2024,Jagung
2024-09-17,4150.8584,4347.736,45818.387,69.34031,309778.9,Tuesday,September,2024,Jagung
2024-09-18,4140.381,4340.576,45487.016,69.31108,307488.03,Wednesday,September,2024,Jagung
2024-09-19,4130.894,4336.12,45452.72,69.30448,306986.84,Thursday,September,2024,Jagung
2024-09-20,4125.8633,4335.2515,45856.992,69.32874,309268.9,Friday,September,2024,Jagung
2024-09-21,4127.0063,4338.156,46723.008,69.3805,314996.16,Saturday,September,2024,Jagung
2024-09-22,4132.924,4344.2373,47611.09,69.43463,321586.1,Sunday,September,2024,Jagung
2024-09-23,4137.348,4348.2725,47966.87,69.45458,324873.75,Monday,September,2024,Jagung
2024-09-24,4136.1675,4347.2363,47681.703,69.429855,323474.66,Tuesday,September,2024,Jagung
2024-09-25,4130.2764,4343.5156,47192.848,69.39108,320223.22,Wednesday,September,2024,Jagung
2024-09-26,4124.6997,4341.807,46994.24,69.37404,318566.88,Thursday,September,2024,Jagung
2024-09-27,4122.9614,4342.911,47245.957,69.38867,319753.8,Friday,September,2024,Jagung
2024-09-28,4126.7666,4347.292,47985.312,69.43215,324552.44,Saturday,September,2024,Jagung
2024-09-29,4134.824,4354.5063,48757.2,69.47889,330296.66,Sunday,September,2024,Jagung
2024-09-30,4140.9663,4359.421,49001.793,69.49217,332790.56,Monday,September,2024,Jagung
2024-10-01,4141.131,4358.898,48599.285,69.46116,330567.25,Tuesday,October,2024,Jagung
2024-10-02,4124.4995,4346.6074,48265.312,69.4354,327994.4,Wednesday,October,2024,Jagung
2024-10-03,4104.2266,4333.787,48306.78,69.43706,327537.56,Thursday,October,2024,Jagung
2024-10-04,4085.7832,4321.88,48796.14,69.46971,329897.25,Friday,October,2024,Jagung
2024-10-05,4072.3362,4310.83,49663.227,69.52299,334960.97,Saturday,October,2024,Jagung
2024-10-06,4061.794,4300.1953,50642.805,69.58135,341334.75,Sunday,October,2024,Jagung
2024-10-07,4048.0393,4287.7446,51327.99,69.6199,346066.3,Monday,October,2024,Jagung
2024-10-08,4028.495,4273.2334,51626.594,69.629196,348178.47,Tuesday,October,2024,Jagung
2024-10-09,4006.5005,4259.4966,51770.695,69.62772,349169.72,Wednesday,October,2024,Jagung
2024-10-10,3986.5728,4248.815,52032.176,69.63854,350782.56,Thursday,October,2024,Jagung
2024-10-11,3972.1907,4239.6157,52465.3,69.66167,353192.16,Friday,October,2024,Jagung
2024-10-12,3965.4023,4231.679,53187.21,69.702225,357731.72,Saturday,October,2024,Jagung
2024-10-13,3961.9128,4225.415,54056.4,69.749565,363661.62,Sunday,October,2024,Jagung
2024-10-14,3954.5305,4219.153,54643.586,69.774826,367787.16,Monday,October,2024,Jagung
2024-10-15,3942.0962,4211.9263,54848.184,69.77366,369491.72,Tuesday,October,2024,Jagung
2024-10-16,3927.888,4206.205,54884.46,69.764565,370116.28,Wednesday,October,2024,Jagung
2024-10-17,3916.3955,4202.6206,54964.215,69.76276,370699.47,Thursday,October,2024,Jagung
2024-10-18,3911.3333,4200.251,55215.684,69.77646,372212.12,Friday,October,2024,Jagung
2024-10-19,3912.7554,4197.9893,55767.11,69.80852,375881.75,Saturday,October,2024,Jagung
2024-10-20,3916.3892,4197.1577,56467.133,69.84537,380732.56,Sunday,October,2024,Jagung
2024-10-21,3915.3047,4196.226,56893.176,69.86017,383722.03,Monday,October,2024,Jagung
2024-10-22,3907.8923,4193.661,56921.074,69.84728,384037.75,Tuesday,October,2024,Jagung
2024-10-23,3898.281,4191.752,56770.51,69.82812,383359.5,Wednesday,October,2024,Jagung
2024-10-24,3891.0,4191.097,56683.246,69.81875,382951.28,Thursday,October,2024,Jagung
2024-10-25,3890.17,4191.414,56783.695,69.82623,383567.88,Friday,October,2024,Jagung
2024-10-26,3895.3271,4191.7427,57196.08,69.85225,386324.44,Saturday,October,2024,Jagung
2024-10-27,3902.2651,4193.3384,57763.133,69.88295,390237.3,Sunday,October,2024,Jagung
2024-10-28,3903.8367,4194.225,58068.754,69.89187,392336.62,Monday,October,2024,Jagung
2024-10-29,3898.638,4193.144,57971.36,69.87326,391702.44,Tuesday,October,2024,Jagung
2024-10-30,3890.9016,4192.309,57693.598,69.84896,390118.2,Wednesday,October,2024,Jagung
2024-10-31,3885.3455,4192.489,57490.7,69.83529,388885.25,Thursday,October,2024,Jagung
2024-11-01,3885.965,4193.3955,57492.234,69.83935,388796.72,Friday,November,2024,Jagung
2024-11-02,3884.5566,4189.0625,57962.055,69.87322,391869.06,Saturday,November,2024,Jagung
2024-11-03,3882.0898,4183.1826,58734.824,69.921036,397076.72,Sunday,November,2024,Jagung
2024-11-04,3872.184,4175.4614,59493.754,69.95945,402160.12,Monday,November,2024,Jagung
2024-11-05,3853.6426,4165.911,60066.23,69.980606,406096.7,Tuesday,November,2024,Jagung
2024-11-06,3831.7964,4155.9336,60524.81,69.99857,409750.3,Wednesday,November,2024,Jagung
2024-11-07,3812.6748,4145.66,60946.28,70.02357,413213.6,Thursday,November,2024,Jagung
2024-11-08,3800.3413,4135.71,61509.508,70.059204,417368.06,Friday,November,2024,Jagung
2024-11-09,3796.0198,4129.641,62349.67,70.10914,423533.7,Saturday,November,2024,Jagung
2024-11-10,3795.1404,4126.0425,63291.363,70.16597,430308.88,Sunday,November,2024,Jagung
2024-11-11,3789.3042,4122.048,64099.82,70.204765,435733.3,Monday,November,2024,Jagung
2024-11-12,3777.7043,4117.5225,64622.78,70.22007,439015.88,Tuesday,November,2024,Jagung
2024-11-13,3765.2751,4114.069,64918.05,70.22931,441101.88,Wednesday,November,2024,Jagung
2024-11-14,3755.904,4111.246,65129.383,70.24333,442727.12,Thursday,November,2024,Jagung
2024-11-15,3751.685,4108.759,65466.58,70.266045,445238.44,Friday,November,2024,Jagung
2024-11-16,3754.3008,4109.131,66124.87,70.30316,450155.5,Saturday,November,2024,Jagung
2024-11-17,3758.1,4109.5674,66877.35,70.34119,455637.8,Sunday,November,2024,Jagung
2024-11-18,3756.1826,4108.9663,67464.9,70.35978,459537.9,Monday,November,2024,Jagung
2024-11-19,3747.8398,4107.5576,67736.49,70.356064,461083.53,Tuesday,November,2024,Jagung
2024-11-20,3738.464,4106.3936,67749.96,70.346535,461215.28,Wednesday,November,2024,Jagung
2024-11-21,3732.232,4105.472,67682.44,70.34266,460876.5,Thursday,November,2024,Jagung
2024-11-22,3731.133,4104.8354,67782.336,70.351585,461759.62,Friday,November,2024,Jagung
2024-11-23,3736.803,4106.4717,68233.445,70.37561,465210.1,Saturday,November,2024,Jagung
2024-11-24,3743.2476,4107.9194,68791.34,70.40133,469300.56,Sunday,November,2024,Jagung
2024-11-25,3743.4788,4108.1196,69185.37,70.40849,471820.8,Monday,November,2024,Jagung
2024-11-26,3736.9048,4107.2935,69260.68,70.394485,471973.28,Tuesday,November,2024,Jagung
2024-11-27,3729.0503,4106.6216,69072.98,70.37595,470712.47,Wednesday,November,2024,Jagung
2024-11-28,3724.2031,4106.0874,68822.02,70.36455,469098.75,Thursday,November,2024,Jagung
2024-11-29,3724.4395,4105.8257,68769.23,70.367676,468914.62,Friday,November,2024,Jagung
2024-11-30,3731.204,4107.6826,69090.13,70.38679,471438.3,Saturday,November,2024,Jagung
2024-12-01,3738.5916,4109.3535,69538.195,70.40841,474741.2,Sunday,December,2024,Jagung
2024-12-02,3738.5527,4109.6143,69988.54,70.43104,477594.9,Monday,December,2024,Jagung
2024-12-03,3731.1604,4108.458,70203.625,70.44214,478680.06,Tuesday,December,2024,Jagung
2024-12-04,3721.5325,4105.3164,70221.1,70.45282,478734.6,Wednesday,December,2024,Jagung
2024-12-05,3712.352,4100.6245,70225.61,70.47156,478771.84,Thursday,December,2024,Jagung
2024-12-06,3708.3416,4096.6914,70455.17,70.50218,480425.8,Friday,December,2024,Jagung
2024-12-07,3714.2822,4098.195,70966.875,70.543236,484674.97,Saturday,December,2024,Jagung
2024-12-08,3723.5933,4102.283,71548.2,70.58018,489645.84,Sunday,December,2024,Jagung
2024-12-09,3727.1775,4104.8125,71989.96,70.602394,493257.38,Monday,December,2024,Jagung
2024-12-10,3722.4614,4105.151,72175.305,70.608955,494736.78,Tuesday,December,2024,Jagung
2024-12-11,3714.0088,4102.406,72125.89,70.607155,494526.88,Wednesday,December,2024,Jagung
2024-12-12,3705.9036,4098.148,71988.99,70.60653,493719.88,Thursday,December,2024,Jagung
2024-12-13,3703.8127,4095.144,72001.83,70.614235,494075.28,Friday,December,2024,Jagung
2024-12-14,3710.1265,4096.6533,72312.664,70.63296,496791.44,Saturday,December,2024,Jagung
2024-12-15,3718.5017,4100.007,72735.195,70.65163,500247.44,Sunday,December,2024,Jagung
2024-12-16,3721.3604,4101.9155,73023.89,70.65867,502413.97,Monday,December,2024,Jagung
2024-12-17,3716.198,4101.8306,73067.27,70.652824,502582.5,Tuesday,December,2024,Jagung
2024-12-18,3707.5522,4098.804,72888.32,70.64095,501186.12,Wednesday,December,2024,Jagung
2024-12-19,3699.5034,4094.4526,72639.56,70.63242,499355.94,Thursday,December,2024,Jagung
2024-12-20,3697.6445,4091.482,72556.766,70.633995,498832.94,Friday,December,2024,Jagung
2024-12-21,3704.2903,4093.115,72787.39,70.64795,500807.4,Saturday,December,2024,Jagung
2024-12-22,3713.024,4096.651,73141.66,70.66284,503631.38,Sunday,December,2024,Jagung
2024-12-23,3716.2456,4098.7627,73371.97,70.66692,505264.6,Monday,December,2024,Jagung
2024-12-24,3711.4585,4098.888,73362.99,70.65866,504970.56,Tuesday,December,2024,Jagung
2024-12-25,3703.186,4096.08,73138.23,70.64491,503174.88,Wednesday,December,2024,Jagung
2024-12-26,3695.5176,4091.9438,72850.01,70.63495,501004.66,Thursday,December,2024,Jagung
2024-12-27,3694.0396,4089.1882,72733.805,70.635445,500196.06,Friday,December,2024,Jagung
2024-12-28,3701.051,4091.0295,72937.06,70.64861,501936.66,Saturday,December,2024,Jagung
2024-12-29,3710.13,4094.7751,73268.9,70.66296,504570.9,Sunday,December,2024,Jagung
2024-12-30,3713.6626,4097.081,73480.35,70.66664,506048.3,Monday,December,2024,Jagung
2024-12-31,3709.157,4097.3784,73454.695,70.65806,505621.03,Tuesday,December,2024,Jagung
2025-01-01,3701.1404,4094.7317,73215.234,70.644104,503710.47,Wednesday,January,2025,Jagung
2025-01-02,3698.4243,4096.187,73602.99,70.65509,505986.66,Thursday,January,2025,Jagung
2025-01-03,3704.3423,4100.497,74592.99,70.68521,512554.66,Friday,January,2025,Jagung
2025-01-04,3721.345,4115.678,76246.1,70.738914,523724.53,Saturday,January,2025,Jagung
2025-01-05,3739.5662,4133.6,78128.45,70.79057,536441.6,Sunday,January,2025,Jagung
2025-01-06,3751.15,4151.407,79895.9,70.827965,547884.4,Monday,January,2025,Jagung
2025-01-07,3752.5212,4166.118,81210.336,70.845795,555766.2,Tuesday,January,2025,Jagung
2025-01-08,3748.4167,4177.0723,82011.36,70.85161,560176.94,Wednesday,January,2025,Jagung
2025-01-09,3746.0198,4185.565,82592.734,70.85703,563290.9,Thursday,January,2025,Jagung
2025-01-10,3749.4368,4192.406,83266.14,70.866905,567321.75,Friday,January,2025,Jagung
2025-01-11,3761.6174,4203.1313,84313.96,70.885,574276.06,Saturday,January,2025,Jagung
2025-01-12,3774.5637,4215.4434,85489.42,70.89937,582110.1,Sunday,January,2025,Jagung
2025-01-13,3780.2834,4226.7188,86481.945,70.89962,588312.06,Monday,January,2025,Jagung
2025-01-14,3777.1868,4235.665,86891.67,70.87765,590484.5,Tuesday,January,2025,Jagung
2025-01-15,3774.088,4243.8022,86633.06,70.84304,588998.56,Wednesday,January,2025,Jagung
2025-01-16,3773.3132,4249.2026,86241.55,70.81573,586653.4,Thursday,January,2025,Jagung
2025-01-17,3777.3057,4252.155,86127.8,70.80272,586072.9,Friday,January,2025,Jagung
2025-01-18,3789.7507,4258.9917,86558.94,70.80587,589409.9,Saturday,January,2025,Jagung
2025-01-19,3803.2266,4267.927,87243.74,70.81059,594484.44,Sunday,January,2025,Jagung
2025-01-20,3810.3157,4276.8643,87745.74,70.79924,598086.5,Monday,January,2025,Jagung
2025-01-21,3808.5906,4283.6953,87680.12,70.76715,597680.7,Tuesday,January,2025,Jagung
2025-01-22,3803.296,4287.449,87096.734,70.7278,593885.1,Wednesday,January,2025,Jagung
2025-01-23,3800.2734,4288.443,86431.87,70.69894,589513.4,Thursday,January,2025,Jagung
2025-01-24,3802.1797,4287.3,86089.67,70.68546,587210.0,Friday,January,2025,Jagung
2025-01-25,3812.9424,4290.5527,86341.09,70.68988,589191.5,Saturday,January,2025,Jagung
2025-01-26,3825.0464,4296.3735,86893.64,70.697945,593255.0,Sunday,January,2025,Jagung
2025-01-27,3830.8782,4302.4746,87301.586,70.691986,596114.5,Monday,January,2025,Jagung
2025-01-28,3827.8083,4306.563,87167.195,70.66649,595123.6,Tuesday,January,2025,Jagung
2025-01-29,3821.1367,4307.6445,86536.67,70.634224,590877.9,Wednesday,January,2025,Jagung
2025-01-30,3816.4954,4305.986,85836.32,70.612,586128.6,Thursday,January,2025,Jagung
2025-01-31,3816.856,4302.4727,85470.734,70.60453,583544.5,Friday,January,2025,Jagung
2025-02-01,3826.332,4303.695,85715.31,70.61519,585390.0,Saturday,February,2025,Jagung
2025-02-02,3845.3208,4313.9453,86178.89,70.623215,589044.56,Sunday,February,2025,Jagung
2025-02-03,3860.423,4327.3823,86486.88,70.61798,591664.06,Monday,February,2025,Jagung
2025-02-04,3868.473,4340.3096,86234.125,70.59003,590430.7,Tuesday,February,2025,Jagung
2025-02-05,3874.55,4351.5225,85431.76,70.55443,585916.4,Wednesday,February,2025,Jagung
2025-02-06,3882.782,4359.0596,84528.62,70.52638,580566.1,Thursday,February,2025,Jagung
2025-02-07,3896.3657,4364.514,83970.055,70.51223,577510.0,Friday,February,2025,Jagung
2025-02-08,3917.2698,4372.989,84037.36,70.51404,578870.25,Saturday,February,2025,Jagung
2025-02-09,3939.2437,4385.211,84465.51,70.51805,582794.44,Sunday,February,2025,Jagung
2025-02-10,3954.5605,4398.302,84775.086,70.50532,585696.2,Monday,February,2025,Jagung
2025-02-11,3961.236,4409.922,84510.62,70.47159,584723.1,Tuesday,February,2025,Jagung
2025-02-12,3963.9143,4417.316,83745.04,70.43427,580394.5,Wednesday,February,2025,Jagung
2025-02-13,3966.4678,4419.305,82906.4,70.40757,575074.25,Thursday,February,2025,Jagung
2025-02-14,3973.398,4418.814,82436.15,70.396324,572035.56,Friday,February,2025,Jagung
2025-02-15,3987.4216,4421.608,82580.69,70.40155,573433.7,Saturday,February,2025,Jagung
2025-02-16,4002.757,4428.523,83085.4,70.409134,577453.8,Sunday,February,2025,Jagung
2025-02-17,4012.7988,4440.329,83486.766,70.40716,580489.94,Monday,February,2025,Jagung
2025-02-18,4014.0017,4449.046,83296.63,70.38249,579633.4,Tuesday,February,2025,Jagung
2025-02-19,4010.6638,4451.3643,82598.9,70.35147,575407.7,Wednesday,February,2025,Jagung
2025-02-20,4007.3164,4448.401,81837.984,70.331505,570261.75,Thursday,February,2025,Jagung
2025-02-21,4009.6648,4445.4785,81480.78,70.33204,567609.0,Friday,February,2025,Jagung
2025-02-22,4020.655,4449.3506,81759.5,70.35345,569503.4,Saturday,February,2025,Jagung
2025-02-23,4033.6853,4458.1846,82394.71,70.37724,574018.5,Sunday,February,2025,Jagung
2025-02-24,4039.9377,4466.7183,82858.21,70.38022,577287.06,Monday,February,2025,Jagung
2025-02-25,4037.487,4471.846,82721.13,70.358925,576614.5,Tuesday,February,2025,Jagung
2025-02-26,4030.8752,4470.8755,82079.62,70.33138,572606.1,Wednesday,February,2025,Jagung
2025-02-27,4024.5752,4465.0015,81376.79,70.31481,567707.56,Thursday,February,2025,Jagung
2025-02-28,4024.526,4459.557,81081.19,70.31897,565385.94,Friday,February,2025,Jagung
2025-03-01,4033.3867,4461.2773,81413.64,70.34327,567568.56,Saturday,March,2025,Jagung
2025-03-02,4058.6536,4481.642,82041.016,70.35452,572248.9,Sunday,March,2025,Jagung
2025-03-03,4083.4114,4508.5576,82411.27,70.34394,575806.75,Monday,March,2025,Jagung
2025-03-04,4104.8184,4536.517,82176.59,70.308044,575805.3,Tuesday,March,2025,Jagung
2025-03-05,4123.9043,4560.7715,81378.46,70.26213,571991.56,Wednesday,March,2025,Jagung
2025-03-06,4148.1665,4583.182,80443.734,70.22928,566556.06,Thursday,March,2025,Jagung
2025-03-07,4180.015,4607.5693,79894.89,70.21698,563158.44,Friday,March,2025,Jagung
2025-03-08,4220.9424,4639.179,79930.18,70.223564,563587.75,Saturday,March,2025,Jagung
2025-03-09,4264.1597,4676.2607,80307.37,70.232,566730.8,Sunday,March,2025,Jagung
2025-03-10,4300.487,4713.182,80542.305,70.22218,569374.44,Monday,March,2025,Jagung
2025-03-11,4326.344,4744.381,80210.28,70.18598,568467.8,Tuesday,March,2025,Jagung
2025-03-12,4344.9165,4767.0093,79370.95,70.140915,563920.7,Wednesday,March,2025,Jagung
2025-03-13,4361.8765,4782.8413,78443.53,70.10713,558167.3,Thursday,March,2025,Jagung
2025-03-14,4384.296,4798.8086,77941.5,70.095566,554722.3,Friday,March,2025,Jagung
2025-03-15,4414.7344,4820.9995,78046.56,70.104065,555292.5,Saturday,March,2025,Jagung
2025-03-16,4446.757,4848.408,78517.35,70.11744,558733.5,Sunday,March,2025,Jagung
2025-03-17,4471.7427,4875.131,78827.664,70.112755,561575.8,Monday,March,2025,Jagung
2025-03-18,4485.566,4895.138,78556.445,70.08171,560767.56,Tuesday,March,2025,Jagung
2025-03-19,4492.194,4906.023,77779.51,70.03937,556362.8,Wednesday,March,2025,Jagung
2025-03-20,4496.6904,4910.0396,76933.555,70.0097,550865.1,Thursday,March,2025,Jagung
2025-03-21,4507.2554,4914.959,76535.85,70.00327,547850.9,Friday,March,2025,Jagung
2025-03-22,4526.5293,4927.089,76764.195,70.01894,548982.94,Saturday,March,2025,Jagung
2025-03-23,4548.632,4945.3535,77341.27,70.03853,552933.8,Sunday,March,2025,Jagung
2025-03-24,4564.4624,4963.428,77736.42,70.03977,556165.2,Monday,March,2025,Jagung
2025-03-25,4569.388,4974.912,77535.33,70.01448,555646.4,Tuesday,March,2025,Jagung
2025-03-26,4567.6284,4977.7227,76836.34,69.977516,551580.1,Wednesday,March,2025,Jagung
2025-03-27,4564.178,4974.0186,76066.47,69.95235,546427.2,Thursday,March,2025,Jagung
2025-03-28,4567.4536,4972.0537,75750.67,69.95064,543811.8,Friday,March,2025,Jagung
2025-03-29,4580.153,4978.148,76064.086,69.97156,545375.7,Saturday,March,2025,Jagung
2025-03-30,4596.573,4991.091,76711.86,69.995674,549692.6,Sunday,March,2025,Jagung
2025-03-31,4607.29,5004.2764,77164.35,70.0012,553212.25,Monday,March,2025,Jagung
2025-04-01,4607.4644,5011.171,77011.33,69.979935,552918.2,Tuesday,April,2025,Jagung
2025-04-02,4623.9683,5030.7295,76311.76,69.931,549503.8,Wednesday,April,2025,Jagung
2025-04-03,4646.2656,5050.991,75418.234,69.88467,544563.56,Thursday,April,2025,Jagung
2025-04-04,4680.4766,5078.803,74952.7,69.85891,542118.0,Friday,April,2025,Jagung
2025-04-05,4728.5244,5119.68,75125.38,69.85548,544017.1,Saturday,April,2025,Jagung
2025-04-06,4784.371,5171.7393,75643.39,69.853775,548758.4,Sunday,April,2025,Jagung
2025-04-07,4837.801,5224.9404,75812.164,69.816635,551375.5,Monday,April,2025,Jagung
2025-04-08,4882.544,5271.453,75249.016,69.73968,548692.25,Tuesday,April,2025,Jagung
2025-04-09,4918.599,5307.916,74139.01,69.64751,541754.75,Wednesday,April,2025,Jagung
2025-04-10,4951.2373,5337.8203,73064.64,69.575066,534941.94,Thursday,April,2025,Jagung
2025-04-11,4988.482,5370.5273,72613.8,69.5426,532174.7,Friday,April,2025,Jagung
2025-04-12,5036.825,5414.299,72903.695,69.54178,534672.56,Saturday,April,2025,Jagung
2025-04-13,5092.795,5467.455,73500.234,69.539375,539632.3,Sunday,April,2025,Jagung
2025-04-14,5145.7056,5520.379,73701.96,69.499565,541748.5,Monday,April,2025,Jagung
2025-04-15,5186.438,5562.8687,73132.625,69.42075,538081.3,Tuesday,April,2025,Jagung
2025-04-16,5212.8086,5597.7876,72102.516,69.35262,531562.1,Wednesday,April,2025,Jagung
2025-04-17,5233.504,5622.498,71154.234,69.31221,526382.7,Thursday,April,2025,Jagung
2025-04-18,5259.806,5640.6045,70828.84,69.312004,527801.0,Friday,April,2025,Jagung
2025-04-19,5296.935,5671.323,71332.26,69.34199,534209.7,Saturday,April,2025,Jagung
2025-04-20,5342.7207,5714.4688,72160.37,69.36899,542728.25,Sunday,April,2025,Jagung
2025-04-21,5386.578,5759.404,72573.58,69.36263,548644.06,Monday,April,2025,Jagung
2025-04-22,5418.734,5793.533,72183.08,69.321,549298.3,Tuesday,April,2025,Jagung
2025-04-23,5438.02,5811.033,71211.11,69.266884,545956.7,Wednesday,April,2025,Jagung
2025-04-24,5451.259,5817.254,70298.516,69.231384,542712.1,Thursday,April,2025,Jagung
2025-04-25,5466.999,5824.636,70050.21,69.23314,543293.4,Friday,April,2025,Jagung
2025-04-26,5494.409,5845.8506,70626.78,69.266396,549096.3,Saturday,April,2025,Jagung
2025-04-27,5531.477,5881.8447,71551.76,69.299545,557333.4,Sunday,April,2025,Jagung
2025-04-28,5568.1196,5920.991,72043.88,69.299515,562914.56,Monday,April,2025,Jagung
2025-04-29,5593.4854,5949.11,71705.266,69.26181,562980.75,Tuesday,April,2025,Jagung
2025-04-30,5604.984,5959.5645,70766.695,69.210266,558827.5,Wednesday,April,2025,Jagung
2025-05-01,5609.745,5958.1094,69888.19,69.17735,554820.2,Thursday,May,2025,Jagung
2025-05-02,5641.336,5977.247,69627.36,69.16593,557214.6,Friday,May,2025,Jagung
2025-05-03,5690.5864,6016.73,70043.97,69.17614,564820.6,Saturday,May,2025,Jagung
2025-05-04,5755.885,6076.3276,70650.625,69.173164,574926.8,Sunday,May,2025,Jagung
2025-05-05,5825.9995,6146.152,70338.836,69.121025,580973.25,Monday,May,2025,Jagung
2025-05-06,5890.6226,6207.509,68949.77,69.017715,580417.75,Tuesday,May,2025,Jagung
2025-05-07,5943.658,6249.745,67042.336,68.894615,575593.7,Wednesday,May,2025,Jagung
2025-05-08,5978.5664,6289.042,66073.89,68.83679,572752.44,Thursday,May,2025,Jagung
2025-05-09,6015.384,6326.59,65938.234,68.80921,575051.06,Friday,May,2025,Jagung
2025-05-10,6066.227,6378.7856,66616.3,68.808914,583323.44,Saturday,May,2025,Jagung
2025-05-11,6133.0127,6454.6616,67429.96,68.813354,593865.75,Sunday,May,2025,Jagung
2025-05-12,6201.2754,6542.4434,67554.79,68.7743,600713.1,Monday,May,2025,Jagung
2025-05-13,6258.0483,6620.7285,66689.07,68.69606,600386.5,Tuesday,May,2025,Jagung
2025-05-14,6294.9004,6677.7393,65295.742,68.62023,593836.6,Wednesday,May,2025,Jagung
2025-05-15,6314.7812,6715.2036,64176.664,68.583824,585819.8,Thursday,May,2025,Jagung
2025-05-16,6341.3496,6742.227,63987.19,68.57859,585587.44,Friday,May,2025,Jagung
2025-05-17,6385.578,6780.485,64635.145,68.59266,593365.1,Saturday,May,2025,Jagung
2025-05-18,6444.0938,6843.9976,65386.12,68.598404,603502.3,Sunday,May,2025,Jagung
2025-05-19,6498.8193,6926.3735,65267.91,68.566376,606967.94,Monday,May,2025,Jagung
2025-05-20,6533.895,7003.7676,64036.47,68.5056,599875.8,Tuesday,May,2025,Jagung
2025-05-21,6545.73,7053.5327,62308.35,68.445625,586456.75,Wednesday,May,2025,Jagung
2025-05-22,6544.0967,7068.994,60954.992,68.41052,574881.75,Thursday,May,2025,Jagung
2025-05-23,6547.9634,7069.965,60568.363,68.41057,571624.1,Friday,May,2025,Jagung
2025-05-24,6569.0366,7081.2334,61062.23,68.43048,576829.94,Saturday,May,2025,Jagung
2025-05-25,6605.321,7119.4966,61649.33,68.44144,584472.7,Sunday,May,2025,Jagung
2025-05-26,6637.687,7177.7437,61366.457,68.41368,585285.25,Monday,May,2025,Jagung
2025-05-27,6649.0464,7230.094,60068.895,68.35871,575545.9,Tuesday,May,2025,Jagung
2025-05-28,6636.5884,7252.4424,58333.69,68.308395,559933.1,Wednesday,May,2025,Jagung
2025-05-29,6609.7915,7236.8613,57059.066,68.28671,546926.75,Thursday,May,2025,Jagung
2025-05-30,6589.0273,7204.8022,56775.227,68.30194,542775.06,Friday,May,2025,Jagung
2025-05-31,6586.7695,7183.4756,57312.734,68.3354,547138.75,Saturday,May,2025,Jagung
2025-06-01,6600.6187,7190.703,57939.53,68.358025,553897.7,Sunday,June,2025,Jagung
2025-06-02,6614.7036,7235.063,57414.824,68.30891,553156.5,Monday,June,2025,Jagung
2025-06-03,6606.116,7281.0005,55429.59,68.2201,538851.56,Tuesday,June,2025,Jagung
2025-06-04,6572.3755,7294.5415,52863.473,68.13522,517321.75,Wednesday,June,2025,Jagung
2025-06-05,6524.5415,7265.6133,50807.34,68.08019,498502.9,Thursday,June,2025,Jagung
2025-06-06,6484.723,7217.963,49875.047,68.064316,489352.56,Friday,June,2025,Jagung
2025-06-07,6466.983,7184.162,49868.492,68.071884,489455.5,Saturday,June,2025,Jagung
2025-06-08,6464.8276,7182.042,49890.69,68.06603,491493.12,Sunday,June,2025,Jagung
2025-06-09,6456.7534,7202.986,48971.043,68.01719,485816.94,Monday,June,2025,Jagung
2025-06-10,6427.9243,7219.822,46965.984,67.94379,469343.78,Tuesday,June,2025,Jagung
2025-06-11,6376.605,7200.5874,44683.543,67.88369,448239.1,Wednesday,June,2025,Jagung
2025-06-12,6314.224,7137.833,43146.21,67.86128,431766.9,Thursday,June,2025,Jagung
2025-06-13,6263.3047,7057.9175,42882.906,67.88096,426249.4,Friday,June,2025,Jagung
2025-06-14,6237.4946,6995.0366,43614.55,67.92654,430543.0,Saturday,June,2025,Jagung
2025-06-15,6228.889,6966.402,44382.61,67.95688,437003.88,Sunday,June,2025,Jagung
2025-06-16,6214.8936,6962.5234,44191.438,67.94078,435918.75,Monday,June,2025,Jagung
2025-06-17,6182.594,6957.3203,42932.19,67.89847,424563.75,Tuesday,June,2025,Jagung
2025-06-18,6131.587,6921.241,41406.664,67.867035,409078.78,Wednesday,June,2025,Jagung
2025-06-19,6073.6875,6849.1406,40571.664,67.86947,398116.66,Thursday,June,2025,Jagung
2025-06-20,6030.2583,6766.315,40927.15,67.911766,397468.9,Friday,June,2025,Jagung
2025-06-21,6012.34,6702.6484,42191.215,67.97611,405900.3,Saturday,June,2025,Jagung
2025-06-22,6011.1924,6673.007,43441.39,68.02249,416029.94,Sunday,June,2025,Jagung
2025-06-23,6005.015,6668.4863,43717.5,68.01985,418736.78,Monday,June,2025,Jagung
2025-06-24,5982.229,6665.1343,42933.14,67.98976,411467.53,Tuesday,June,2025,Jagung
2025-06-25,5943.7505,6636.574,41858.71,67.967766,400188.97,Wednesday,June,2025,Jagung
2025-06-26,5901.05,6578.746,41375.383,67.97522,392910.62,Thursday,June,2025,Jagung
2025-06-27,5873.034,6513.5234,41969.113,68.02119,394916.16,Friday,June,2025,Jagung
2025-06-28,5869.0513,6466.5986,43394.414,68.08634,405273.28,Saturday,June,2025,Jagung
2025-06-29,5880.232,6451.2285,44782.74,68.13284,416999.4,Sunday,June,2025,Jagung
2025-06-30,5885.731,6459.293,45210.535,68.13075,421450.7,Monday,June,2025,Jagung
2025-07-01,5874.884,6468.2266,44590.66,68.09908,416211.5,Tuesday,July,2025,Jagung
2025-07-02,5841.1235,6450.099,43304.523,68.05529,404663.53,Wednesday,July,2025,Jagung
2025-07-03,5801.0063,6403.7466,42397.113,68.03745,395192.5,Thursday,July,2025,Jagung
2025-07-04,5771.7485,6346.029,42424.668,68.05289,393551.6,Friday,July,2025,Jagung
2025-07-05,5762.5796,6302.1035,43231.562,68.087814,399373.8,Saturday,July,2025,Jagung
2025-07-06,5763.864,6283.499,43970.36,68.1043,405908.16,Sunday,July,2025,Jagung
2025-07-07,5756.72,6284.344,43768.81,68.08003,405021.62,Monday,July,2025,Jagung
2025-07-08,5730.916,6283.022,42575.2,68.03058,394832.06,Tuesday,July,2025,Jagung
2025-07-09,5689.712,6258.1255,41141.27,67.99028,381005.9,Wednesday,July,2025,Jagung
2025-07-10,5646.5225,6207.5386,40371.516,67.98423,371389.78,Thursday,July,2025,Jagung
2025-07-11,5617.536,6148.5015,40648.793,68.01434,370649.78,Friday,July,2025,Jagung
2025-07-12,5610.2266,6103.0664,41750.39,68.06482,377921.47,Saturday,July,2025,Jagung
2025-07-13,5614.781,6082.8774,42819.504,68.09864,386372.28,Sunday,July,2025,Jagung
2025-07-14,5612.7188,6082.9663,42995.582,68.0931,388059.56,Monday,July,2025,Jagung
2025-07-15,5593.968,6083.3423,42217.805,68.061584,381054.03,Tuesday,July,2025,Jagung
2025-07-16,5561.9897,6064.9893,41190.797,68.03597,370624.06,Wednesday,July,2025,Jagung
2025-07-17,5529.8066,6024.8335,40740.62,68.040634,364080.97,Thursday,July,2025,Jagung
2025-07-18,5511.7515,5978.1763,41229.2,68.076836,365673.03,Friday,July,2025,Jagung
2025-07-19,5514.2476,5944.6616,42470.74,68.131546,374660.44,Saturday,July,2025,Jagung
2025-07-20,5527.508,5934.9937,43659.07,68.16839,384568.94,Sunday,July,2025,Jagung
2025-07-21,5533.827,5944.962,43966.926,68.164955,387810.25,Monday,July,2025,Jagung
2025-07-22,5524.132,5955.6587,43312.664,68.13511,382475.1,Tuesday,July,2025,Jagung
2025-07-23,5502.1772,5948.986,42365.78,68.109085,373614.1,Wednesday,July,2025,Jagung
2025-07-24,5480.0615,5921.8,41939.336,68.11094,368255.25,Thursday,July,2025,Jagung
2025-07-25,5470.9814,5888.198,42405.305,68.14236,370528.78,Friday,July,2025,Jagung
2025-07-26,5480.9556,5867.2554,43617.13,68.192276,379871.56,Saturday,July,2025,Jagung
2025-07-27,5500.5254,5868.7134,44779.883,68.22428,390030.7,Sunday,July,2025,Jagung
2025-07-28,5512.602,5888.06,45062.56,68.21593,393566.25,Monday,July,2025,Jagung
2025-07-29,5508.6265,5907.8237,44384.113,68.18164,388568.62,Tuesday,July,2025,Jagung
2025-07-30,5492.2905,5910.275,43401.02,68.15074,379969.88,Wednesday,July,2025,Jagung
2025-07-31,5475.364,5891.894,42916.49,68.14729,374683.66,Thursday,July,2025,Jagung
2025-08-01,5470.7207,5866.4697,43311.95,68.1732,376847.9,Friday,August,2025,Jagung
2025-08-02,5470.9966,5835.363,44192.85,68.21097,383557.47,Saturday,August,2025,Jagung
2025-08-03,5474.6733,5818.9204,44946.582,68.22921,390080.44,Sunday,August,2025,Jagung
2025-08-04,5466.58,5814.8066,44851.742,68.21653,389642.4,Monday,August,2025,Jagung
2025-08-05,5439.269,5806.494,43875.05,68.18153,380864.53,Tuesday,August,2025,Jagung
2025-08-06,5399.4844,5777.975,42741.85,68.153984,369292.34,Wednesday,August,2025,Jagung
2025-08-07,5359.054,5728.478,42203.535,68.15519,361352.12,Thursday,August,2025,Jagung
2025-08-08,5329.7812,5672.337,42511.746,68.1821,360400.56,Friday,August,2025,Jagung
2025-08-09,5317.2427,5626.1475,43465.156,68.222435,365727.0,Saturday,August,2025,Jagung
2025-08-10,5313.0083,5597.608,44381.023,68.253784,371719.16,Sunday,August,2025,Jagung
2025-08-11,5302.8013,5583.7725,44589.734,68.26086,372329.4,Monday,August,2025,Jagung
2025-08-12,5278.6313,5569.1743,44017.22,68.24813,366133.44,Tuesday,August,2025,Jagung
2025-08-13,5245.089,5540.805,43264.02,68.237236,357646.3,Wednesday,August,2025,Jagung
2025-08-14,5213.709,5498.3813,43013.9,68.24983,352460.9,Thursday,August,2025,Jagung
2025-08-15,5195.356,5453.817,43503.05,68.28482,353466.88,Friday,August,2025,Jagung
2025-08-16,5193.4165,5419.4956,44581.746,68.330666,360080.03,Saturday,August,2025,Jagung
2025-08-17,5199.184,5403.4287,45603.77,68.36559,367287.12,Sunday,August,2025,Jagung
2025-08-18,5199.0522,5400.891,45941.58,68.37668,369494.5,Monday,August,2025,Jagung
2025-08-19,5184.14,5396.873,45500.64,68.36491,365118.78,Tuesday,August,2025,Jagung
2025-08-20,5159.979,5380.182,44850.527,68.35072,358260.56,Wednesday,August,2025,Jagung
2025-08-21,5137.819,5350.855,44665.348,68.35662,354310.38,Thursday,August,2025,Jagung
2025-08-22,5126.444,5319.9487,45114.1,68.37871,355945.44,Friday,August,2025,Jagung
2025-08-23,5129.5015,5300.785,46037.06,68.40622,362872.28,Saturday,August,2025,Jagung
2025-08-24,5141.973,5297.2603,46976.5,68.432945,370293.6,Sunday,August,2025,Jagung
2025-08-25,5149.7007,5304.549,47321.383,68.44359,372881.94,Monday,August,2025,Jagung
2025-08-26,5143.1265,5310.1787,46897.637,68.43302,368991.1,Tuesday,August,2025,Jagung
2025-08-27,5125.5454,5304.194,46182.34,68.412674,362542.47,Wednesday,August,2025,Jagung
2025-08-28,5107.002,5286.1895,45810.246,68.402596,358692.78,Thursday,August,2025,Jagung
2025-08-29,5098.901,5266.0264,46071.277,68.41014,360256.22,Friday,August,2025,Jagung
2025-08-30,5106.567,5256.7227,46970.926,68.43913,367160.1,Saturday,August,2025,Jagung
2025-08-31,5121.598,5263.3564,47969.1,68.47343,374701.28,Sunday,August,2025,Jagung
2025-09-01,5133.1025,5277.3516,48275.414,68.48284,377247.34,Monday,September,2025,Jagung
2025-09-02,5111.8833,5264.136,47849.277,68.47101,372066.1,Tuesday,September,2025,Jagung
2025-09-03,5075.504,5233.7783,47367.496,68.45309,365293.25,Wednesday,September,2025,Jagung
2025-09-04,5035.0107,5192.525,47312.21,68.45073,361150.7,Thursday,September,2025,Jagung
2025-09-05,5000.8564,5149.619,47984.223,68.47548,362230.28,Friday,September,2025,Jagung
2025-09-06,4972.3096,5121.8623,49245.555,68.53612,365663.75,Saturday,September,2025,Jagung
2025-09-07,4950.238,5105.5874,50560.023,68.6012,369769.9,Sunday,September,2025,Jagung
2025-09-08,4925.792,5088.0073,51273.883,68.63605,370827.66,Monday,September,2025,Jagung
2025-09-09,4890.5796,5060.662,51279.25,68.636505,367372.28,Tuesday,September,2025,Jagung
2025-09-10,4848.413,5026.4624,51057.41,68.62653,362180.06,Wednesday,September,2025,Jagung
2025-09-11,4806.8037,4991.9707,51120.89,68.632385,358446.72,Thursday,September,2025,Jagung
2025-09-12,4772.87,4964.278,51820.93,68.668434,358400.0,Friday,September,2025,Jagung
2025-09-13,4752.735,4946.3804,53061.066,68.72741,363172.25,Saturday,September,2025,Jagung
2025-09-14,4744.505,4931.9175,54343.727,68.79054,371977.84,Sunday,September,2025,Jagung
2025-09-15,4735.2466,4918.818,55036.367,68.82221,377256.56,Monday,September,2025,Jagung
2025-09-16,4717.6084,4900.4756,54933.688,68.81424,376851.2,Tuesday,September,2025,Jagung
2025-09-17,4694.3604,4878.809,54542.023,68.7938,373931.1,Wednesday,September,2025,Jagung
2025-09-18,4672.157,4857.77,54408.594,68.788506,372178.72,Thursday,September,2025,Jagung
2025-09-19,4657.2603,4841.3164,54824.78,68.81032,373789.5,Friday,September,2025,Jagung
2025-09-20,4654.2886,4834.066,55792.64,68.85523,379619.94,Saturday,September,2025,Jagung
2025-09-21,4659.9004,4834.97,56873.492,68.90334,387272.94,Sunday,September,2025,Jagung
2025-09-22,4663.956,4836.1797,57393.24,68.92346,391858.12,Monday,September,2025,Jagung
2025-09-23,4658.622,4831.2827,57088.87,68.90323,390613.84,Tuesday,September,2025,Jagung
2025-09-24,4646.712,4822.326,56476.23,68.87068,386660.2,Wednesday,September,2025,Jagung
2025-09-25,4634.658,4812.7866,56121.277,68.85351,383709.12,Thursday,September,2025,Jagung
2025-09-26,4628.4834,4806.293,56318.543,68.863335,383967.28,Friday,September,2025,Jagung
2025-09-27,4633.1313,4807.616,57099.062,68.89843,388625.5,Saturday,September,2025,Jagung
2025-09-28,4645.2446,4815.8296,58013.934,68.93758,395229.12,Sunday,September,2025,Jagung
2025-09-29,4654.945,4823.465,58382.57,68.94977,398883.44,Monday,September,2025,Jagung
2025-09-30,4654.4497,4824.0776,57940.004,68.92336,396873.56,Tuesday,September,2025,Jagung
2025-10-01,4646.5415,4819.795,57189.27,68.88499,392103.5,Wednesday,October,2025,Jagung
2025-10-02,4619.733,4796.0303,56876.758,68.87739,388775.9,Thursday,October,2025,Jagung
2025-10-03,4593.583,4775.0527,57372.91,68.91475,390478.0,Friday,October,2025,Jagung
2025-10-04,4573.691,4758.809,58520.44,68.98369,396983.06,Saturday,October,2025,Jagung
2025-10-05,4558.0337,4745.878,59818.707,69.060936,405552.4,Sunday,October,2025,Jagung
2025-10-06,4537.709,4729.2246,60652.375,69.112076,411515.7,Monday,October,2025,Jagung
2025-10-07,4507.072,4704.339,60817.145,69.129166,412952.97,Tuesday,October,2025,Jagung
2025-10-08,4470.0625,4675.9087,60713.45,69.13288,412208.78,Wednesday,October,2025,Jagung
2025-10-09,4434.442,4650.7153,60888.434,69.15455,412861.1,Thursday,October,2025,Jagung
2025-10-10,4406.554,4631.143,61609.414,69.20369,416814.8,Friday,October,2025,Jagung
2025-10-11,4389.2236,4616.479,62729.023,69.26628,423731.75,Saturday,October,2025,Jagung
2025-10-12,4378.309,4605.658,63940.48,69.32785,431960.34,Sunday,October,2025,Jagung
2025-10-13,4364.8467,4595.412,64720.906,69.365715,437821.47,Monday,October,2025,Jagung
2025-10-14,4344.2197,4581.64,64845.094,69.37456,439541.7,Tuesday,October,2025,Jagung
2025-10-15,4319.7217,4566.3076,64622.17,69.36894,438724.28,Wednesday,October,2025,Jagung
2025-10-16,4297.9453,4552.43,64524.227,69.369255,438028.66,Thursday,October,2025,Jagung
2025-10-17,4282.997,4540.75,64862.508,69.386024,439512.8,Friday,October,2025,Jagung
2025-10-18,4276.7666,4532.034,65666.805,69.419785,444175.88,Saturday,October,2025,Jagung
2025-10-19,4276.3135,4528.377,66627.63,69.45845,450496.84,Sunday,October,2025,Jagung
2025-10-20,4272.9194,4526.194,67191.836,69.476166,454649.7,Monday,October,2025,Jagung
2025-10-21,4262.2153,4521.062,67110.18,69.46854,454930.22,Tuesday,October,2025,Jagung
2025-10-22,4247.5645,4514.289,66668.21,69.4484,452678.0,Wednesday,October,2025,Jagung
2025-10-23,4235.0903,4507.8857,66347.48,69.43617,450581.25,Thursday,October,2025,Jagung
2025-10-24,4228.618,4502.246,66479.75,69.44201,450759.66,Friday,October,2025,Jagung
2025-10-25,4229.948,4499.121,67082.055,69.46495,454075.2,Saturday,October,2025,Jagung
2025-10-26,4236.4146,4500.719,67863.03,69.494026,459119.56,Sunday,October,2025,Jagung
2025-10-27,4239.308,4503.362,68275.234,69.50388,462198.88,Monday,October,2025,Jagung
2025-10-28,4234.1284,4502.692,68060.586,69.489334,461535.38,Tuesday,October,2025,Jagung
2025-10-29,4224.5234,4500.0625,67488.31,69.46362,458407.5,Wednesday,October,2025,Jagung
2025-10-30,4216.4746,4496.909,67039.086,69.446304,455437.0,Thursday,October,2025,Jagung
2025-10-31,4213.9106,4493.944,67051.5,69.44755,454814.66,Friday,October,2025,Jagung
2025-11-01,4218.5713,4493.051,67549.71,69.46671,457427.47,Saturday,November,2025,Jagung
2025-11-02,4212.7793,4485.185,68346.98,69.50317,462175.88,Sunday,November,2025,Jagung
2025-11-03,4198.466,4474.402,69056.52,69.533806,466680.4,Monday,November,2025,Jagung
2025-11-04,4171.9717,4457.675,69346.26,69.54732,468648.56,Tuesday,November,2025,Jagung
2025-11-05,4139.851,4437.776,69308.24,69.552864,468646.38,Wednesday,November,2025,Jagung
2025-11-06,4108.979,4416.9263,69319.14,69.56479,468618.38,Thursday,November,2025,Jagung
2025-11-07,4084.4802,4396.144,69715.14,69.591194,470524.8,Friday,November,2025,Jagung
2025-11-08,4070.7773,4379.189,70571.266,69.637566,475676.12,Saturday,November,2025,Jagung
2025-11-09,4061.1963,4366.6206,71606.984,69.68908,482479.72,Sunday,November,2025,Jagung
2025-11-10,4045.0176,4355.251,72444.47,69.72471,487955.47,Monday,November,2025,Jagung
2025-11-11,4021.6348,4345.27,72839.03,69.74384,490582.12,Tuesday,November,2025,Jagung
2025-11-12,3996.1064,4336.3,72848.625,69.75257,490838.78,Wednesday,November,2025,Jagung
2025-11-13,3974.4045,4327.298,72842.2,69.76543,490727.72,Thursday,November,2025,Jagung
2025-11-14,3960.88,4317.952,73187.55,69.79252,492586.47,Friday,November,2025,Jagung
2025-11-15,3958.271,4311.332,73963.64,69.83673,497543.22,Saturday,November,2025,Jagung
2025-11-16,3958.6934,4308.3345,74908.59,69.88225,503954.12,Sunday,November,2025,Jagung
2025-11-17,3951.8728,4305.741,75640.555,69.90839,508849.6,Monday,November,2025,Jagung
2025-11-18,3935.819,4301.546,75885.12,69.90944,510417.0,Tuesday,November,2025,Jagung
2025-11-19,3917.9023,4298.1963,75712.766,69.90063,509503.88,Wednesday,November,2025,Jagung
2025-11-20,3904.0647,4294.5093,75505.234,69.897125,508128.78,Thursday,November,2025,Jagung
2025-11-21,3898.4497,4290.0557,75648.72,69.910164,508786.4,Friday,November,2025,Jagung
2025-11-22,3903.0437,4287.9097,76231.164,69.94108,512551.03,Saturday,November,2025,Jagung
2025-11-23,3909.8547,4288.8213,77001.83,69.97401,517846.8,Sunday,November,2025,Jagung
2025-11-24,3908.8596,4289.805,77567.14,69.98811,521670.94,Monday,November,2025,Jagung
2025-11-25,3898.1406,4288.738,77644.164,69.97755,522166.0,Tuesday,November,2025,Jagung
2025-11-26,3885.1633,4288.065,77298.45,69.95816,520147.94,Wednesday,November,2025,Jagung
2025-11-27,3878.281,4287.985,76900.77,69.94864,517380.4,Thursday,November,2025,Jagung
2025-11-28,3877.215,4285.7944,76877.66,69.95375,516886.12,Friday,November,2025,Jagung
2025-11-29,3883.7156,4284.418,77328.63,69.97447,519888.28,Saturday,November,2025,Jagung
2025-11-30,3892.575,4286.164,77982.17,69.99906,524471.25,Sunday,November,2025,Jagung
2025-12-01,3894.4006,4288.4272,78431.79,70.00727,527522.25,Monday,December,2025,Jagung
2025-12-02,3882.5178,4287.3374,78495.945,70.011116,527771.5,Tuesday,December,2025,Jagung
2025-12-03,3868.345,4286.083,78239.8,70.02256,526016.9,Wednesday,December,2025,Jagung
2025-12-04,3855.234,4282.022,77998.95,70.04432,524165.4,Thursday,December,2025,Jagung
2025-12-05,3848.6382,4276.1387,78163.01,70.08313,524978.0,Friday,December,2025,Jagung
2025-12-06,3850.6733,4273.5054,78855.38,70.13813,529874.9,Saturday,December,2025,Jagung
2025-12-07,3854.7725,4273.2275,79825.97,70.19543,536851.9,Sunday,December,2025,Jagung
2025-12-08,3853.2344,4273.1943,80634.195,70.235855,542500.44,Monday,December,2025,Jagung
2025-12-09,3843.1467,4272.086,80910.914,70.25248,544359.56,Tuesday,December,2025,Jagung
2025-12-10,3829.9495,4269.8267,80756.95,70.26015,543363.6,Wednesday,December,2025,Jagung
2025-12-11,3819.2983,4266.086,80557.75,70.27345,542024.1,Thursday,December,2025,Jagung
2025-12-12,3814.632,4261.4824,80674.76,70.297844,542762.5,Friday,December,2025,Jagung
2025-12-13,3818.9287,4260.533,81278.54,70.33523,547215.6,Saturday,December,2025,Jagung
2025-12-14,3824.9705,4261.6387,82140.86,70.37424,553463.9,Sunday,December,2025,Jagung
2025-12-15,3825.2986,4263.027,82831.07,70.3966,558249.5,Monday,December,2025,Jagung
2025-12-16,3817.4524,4263.297,82994.4,70.396774,559231.4,Tuesday,December,2025,Jagung
2025-12-17,3806.287,4262.153,82707.35,70.38771,557218.56,Wednesday,December,2025,Jagung
2025-12-18,3797.631,4259.7266,82350.07,70.383865,554760.06,Thursday,December,2025,Jagung
2025-12-19,3794.7905,4256.4463,82303.46,70.39242,554365.75,Friday,December,2025,Jagung
2025-12-20,3800.948,4256.7593,82766.305,70.416756,557822.0,Saturday,December,2025,Jagung
2025-12-21,3808.656,4258.944,83498.84,70.44405,563124.2,Sunday,December,2025,Jagung
2025-12-22,3810.528,4261.3003,84067.34,70.45588,567021.56,Monday,December,2025,Jagung
2025-12-23,3804.144,4262.4087,84113.25,70.44646,567158.8,Tuesday,December,2025,Jagung
2025-12-24,3794.3606,4261.916,83711.76,70.42893,564324.9,Wednesday,December,2025,Jagung
2025-12-25,3787.0554,4260.042,83242.945,70.41748,561080.9,Thursday,December,2025,Jagung
2025-12-26,3785.494,4257.214,83095.21,70.419716,559971.2,Friday,December,2025,Jagung
2025-12-27,3792.831,4257.8926,83470.79,70.4388,562803.7,Saturday,December,2025,Jagung
2025-12-28,3801.5806,4260.3867,84126.05,70.46153,567550.06,Sunday,December,2025,Jagung
2025-12-29,3804.3723,4262.9995,84624.234,70.46934,570946.7,Monday,December,2025,Jagung
2025-12-30,3798.7822,4264.264,84604.055,70.45637,570618.6,Tuesday,December,2025,Jagung
2025-12-31,3789.682,4263.8477,84138.4,70.43579,567335.75,Wednesday,December,2025,Jagung
2024-01-01,13019.738,16285.3545,245.41069,2.2259796,24.224161,Monday,January,2024,Kacang Hijau
2024-01-02,13032.947,16086.207,98.52529,0.5186922,191.75284,Tuesday,January,2024,Kacang Hijau
2024-01-03,13085.943,15678.489,-273.16348,-0.9073968,50.480713,Wednesday,January,2024,Kacang Hijau
2024-01-04,13059.252,15522.095,-368.13855,-1.0407171,-98.67189,Thursday,January,2024,Kacang Hijau
2024-01-05,13053.565,15446.718,-352.96014,-1.0227695,-195.2416,Friday,January,2024,Kacang Hijau
2024-01-06,13042.444,15406.871,-304.19095,-0.87909585,-225.44257,Saturday,January,2024,Kacang Hijau
2024-01-07,13029.159,15395.255,-259.57037,-0.67966443,-227.73877,Sunday,January,2024,Kacang Hijau
2024-01-08,13017.991,15393.787,-232.4108,-0.50443435,-217.9836,Monday,January,2024,Kacang Hijau
2024-01-09,13009.983,15377.902,-214.9172,-0.35423455,-202.99835,Tuesday,January,2024,Kacang Hijau
2024-01-10,13015.752,15330.413,-165.09976,-0.17738989,-158.34091,Wednesday,January,2024,Kacang Hijau
2024-01-11,13024.949,15276.594,-114.61916,-0.028358156,-119.58485,Thursday,January,2024,Kacang Hijau
2024-01-12,13032.516,15239.133,-78.26229,0.06732557,-84.95191,Friday,January,2024,Kacang Hijau
2024-01-13,13032.237,15226.65,-60.659866,0.10736336,-56.34659,Saturday,January,2024,Kacang Hijau
2024-01-14,13019.071,15239.263,-68.88985,0.09371481,-45.62287,Sunday,January,2024,Kacang Hijau
2024-01-15,13007.804,15259.28,-122.330124,-0.09165163,-139.31209,Monday,January,2024,Kacang Hijau
2024-01-16,13019.138,15279.881,-154.01375,-0.34451815,-217.9481,Tuesday,January,2024,Kacang Hijau
2024-01-17,13024.6,15320.204,-199.28886,-0.6231491,-284.25845,Wednesday,January,2024,Kacang Hijau
2024-01-18,13002.55,15482.216,-111.31116,-0.72641057,-211.5832,Thursday,January,2024,Kacang Hijau
2024-01-19,12961.525,15746.931,-9.127398,-0.6245109,-107.79001,Friday,January,2024,Kacang Hijau
2024-01-20,12922.779,16142.775,50.2097,-0.22626886,-70.706535,Saturday,January,2024,Kacang Hijau
2024-01-21,12902.869,16520.719,27.464417,-0.16817039,-71.95181,Sunday,January,2024,Kacang Hijau
2024-01-22,12902.191,16855.014,-1.8984362,-0.30912137,-125.076775,Monday,January,2024,Kacang Hijau
2024-01-23,12910.217,17106.957,-14.130372,-0.44993538,-181.6427,Tuesday,January,2024,Kacang Hijau
2024-01-24,12912.906,17252.428,-35.52342,-0.45425627,-177.90074,Wednesday,January,2024,Kacang Hijau
2024-01-25,12916.622,17298.484,-51.385773,-0.44861978,-160.15009,Thursday,January,2024,Kacang Hijau
2024-01-26,12919.618,17308.076,-65.01472,-0.45539787,-140.87639,Friday,January,2024,Kacang Hijau
2024-01-27,12921.645,17322.71,-83.331635,-0.48899567,-137.1477,Saturday,January,2024,Kacang Hijau
2024-01-28,12922.984,17352.402,-105.347916,-0.5391504,-154.28078,Sunday,January,2024,Kacang Hijau
2024-01-29,12924.26,17387.816,-127.66054,-0.5865578,-181.17757,Monday,January,2024,Kacang Hijau
2024-01-30,12925.67,17404.863,-141.05013,-0.60529727,-196.7433,Tuesday,January,2024,Kacang Hijau
2024-01-31,12927.095,17386.445,-138.90346,-0.58499056,-185.93748,Wednesday,January,2024,Kacang Hijau
2024-02-01,12928.741,17339.545,-133.29395,-0.55066967,-158.27936,Thursday,February,2024,Kacang Hijau
2024-02-02,12929.078,17298.162,-131.88086,-0.54063404,-128.89313,Friday,February,2024,Kacang Hijau
2024-02-03,12928.176,17283.332,-133.47916,-0.55437255,-116.49117,Saturday,February,2024,Kacang Hijau
2024-02-04,12926.95,17293.1,-137.46236,-0.5781266,-124.762146,Sunday,February,2024,Kacang Hijau
2024-02-05,12926.291,17315.77,-145.54866,-0.60239595,-142.79916,Monday,February,2024,Kacang Hijau
2024-02-06,12926.69,17329.037,-155.52345,-0.61341685,-153.89272,Tuesday,February,2024,Kacang Hijau
2024-02-07,12927.816,17318.145,-162.61108,-0.6064924,-147.07571,Wednesday,February,2024,Kacang Hijau
2024-02-08,12930.682,17276.807,-177.96954,-0.62683827,-130.70445,Thursday,February,2024,Kacang Hijau
2024-02-09,12933.602,17230.361,-197.02837,-0.67541033,-116.00754,Friday,February,2024,Kacang Hijau
2024-02-10,12931.917,17222.494,-191.06223,-0.675873,-106.48909,Saturday,February,2024,Kacang Hijau
2024-02-11,12927.904,17249.803,-172.50706,-0.6445137,-109.92281,Sunday,February,2024,Kacang Hijau
2024-02-12,12926.099,17285.146,-169.44768,-0.64300364,-126.17232,Monday,February,2024,Kacang Hijau
2024-02-13,12926.215,17307.266,-173.30803,-0.64097995,-137.14842,Tuesday,February,2024,Kacang Hijau
2024-02-14,12927.431,17302.717,-176.32576,-0.6263031,-131.46202,Wednesday,February,2024,Kacang Hijau
2024-02-15,12931.68,17260.57,-197.90163,-0.6676314,-121.036224,Thursday,February,2024,Kacang Hijau
2024-02-16,12934.903,17215.814,-216.27933,-0.71799415,-109.372185,Friday,February,2024,Kacang Hijau
2024-02-17,12933.05,17210.6,-207.05698,-0.7122336,-101.22649,Saturday,February,2024,Kacang Hijau
2024-02-18,12928.3125,17243.05,-181.89915,-0.6644744,-103.950806,Sunday,February,2024,Kacang Hijau
2024-02-19,12926.215,17281.928,-175.60703,-0.6550946,-120.50826,Monday,February,2024,Kacang Hijau
2024-02-20,12926.265,17306.29,-177.73148,-0.64906144,-132.25157,Tuesday,February,2024,Kacang Hijau
2024-02-21,12927.501,17302.992,-179.5871,-0.6319196,-127.47052,Wednesday,February,2024,Kacang Hijau
2024-02-22,12931.714,17262.266,-200.04242,-0.6712157,-117.80377,Thursday,February,2024,Kacang Hijau
2024-02-23,12934.857,17218.82,-217.35933,-0.71951693,-106.71381,Friday,February,2024,Kacang Hijau
2024-02-24,12932.964,17214.166,-207.42311,-0.71213067,-98.99523,Saturday,February,2024,Kacang Hijau
2024-02-25,12928.345,17246.31,-182.82303,-0.6659486,-102.53612,Sunday,February,2024,Kacang Hijau
2024-02-26,12926.312,17284.941,-176.73581,-0.65711534,-119.69429,Monday,February,2024,Kacang Hijau
2024-02-27,12926.394,17309.088,-178.88812,-0.65119064,-131.89885,Tuesday,February,2024,Kacang Hijau
2024-02-28,12927.644,17305.531,-180.65872,-0.633914,-127.43766,Wednesday,February,2024,Kacang Hijau
2024-02-29,12931.722,17265.367,-200.06705,-0.6705851,-117.57744,Thursday,February,2024,Kacang Hijau
2024-03-01,12934.797,17222.281,-216.88051,-0.7176959,-106.42833,Friday,March,2024,Kacang Hijau
2024-03-02,12932.484,17219.297,-202.83923,-0.6959373,-97.427086,Saturday,March,2024,Kacang Hijau
2024-03-03,12928.703,17245.54,-182.36134,-0.6527639,-103.96643,Sunday,March,2024,Kacang Hijau
2024-03-04,12927.106,17277.02,-177.43434,-0.6379541,-123.23974,Monday,March,2024,Kacang Hijau
2024-03-05,12927.411,17296.287,-181.10077,-0.6277995,-137.07855,Tuesday,March,2024,Kacang Hijau
2024-03-06,12928.533,17294.654,-185.0699,-0.61366767,-134.94608,Wednesday,March,2024,Kacang Hijau
2024-03-07,12931.306,17269.74,-202.06355,-0.6440719,-126.360634,Thursday,March,2024,Kacang Hijau
2024-03-08,12933.105,17243.25,-214.78336,-0.6801844,-115.78637,Friday,March,2024,Kacang Hijau
2024-03-09,12930.948,17243.541,-200.19531,-0.65436107,-105.90349,Saturday,March,2024,Kacang Hijau
2024-03-10,12928.822,17264.564,-188.95374,-0.63599443,-115.0326,Sunday,March,2024,Kacang Hijau
2024-03-11,12928.082,17292.104,-187.98906,-0.6329421,-134.6103,Monday,March,2024,Kacang Hijau
2024-03-12,12928.77,17308.943,-193.29033,-0.6296798,-147.77444,Tuesday,March,2024,Kacang Hijau
2024-03-13,12930.028,17306.05,-197.75436,-0.6207216,-144.37187,Wednesday,March,2024,Kacang Hijau
2024-03-14,12932.549,17281.635,-212.72232,-0.64948684,-133.51424,Thursday,March,2024,Kacang Hijau
2024-03-15,12934.222,17254.969,-224.17055,-0.68606895,-121.138794,Friday,March,2024,Kacang Hijau
2024-03-16,12931.973,17254.443,-208.47682,-0.66068447,-109.84542,Saturday,March,2024,Kacang Hijau
2024-03-17,12929.906,17273.586,-197.53499,-0.64587533,-118.54347,Sunday,March,2024,Kacang Hijau
2024-03-18,12929.096,17299.566,-196.14435,-0.64383626,-137.68358,Monday,March,2024,Kacang Hijau
2024-03-19,12929.652,17315.24,-200.75519,-0.64066684,-150.40843,Tuesday,March,2024,Kacang Hijau
2024-03-20,12930.77,17311.488,-204.41122,-0.63146424,-146.54991,Wednesday,March,2024,Kacang Hijau
2024-03-21,12933.176,17286.31,-218.65274,-0.6599646,-135.2932,Thursday,March,2024,Kacang Hijau
2024-03-22,12934.749,17258.982,-229.34639,-0.69595265,-122.53961,Friday,March,2024,Kacang Hijau
2024-03-23,12932.404,17257.895,-212.83769,-0.66945994,-110.894516,Saturday,March,2024,Kacang Hijau
2024-03-24,12930.247,17276.559,-201.1993,-0.65353596,-119.333176,Sunday,March,2024,Kacang Hijau
2024-03-25,12929.361,17302.1,-199.24347,-0.65049386,-138.29788,Monday,March,2024,Kacang Hijau
2024-03-26,12929.858,17317.39,-203.37901,-0.6464576,-150.88603,Tuesday,March,2024,Kacang Hijau
2024-03-27,12930.926,17313.318,-206.61282,-0.63648957,-146.91959,Wednesday,March,2024,Kacang Hijau
2024-03-28,12933.3125,17287.781,-220.60912,-0.66464883,-135.62386,Thursday,March,2024,Kacang Hijau
2024-03-29,12934.863,17260.168,-231.02344,-0.7001443,-122.81426,Friday,March,2024,Kacang Hijau
2024-03-30,12932.492,17258.875,-214.21873,-0.6730359,-111.10333,Saturday,March,2024,Kacang Hijau
2024-03-31,12930.305,17277.412,-202.27824,-0.656403,-119.46725,Sunday,March,2024,Kacang Hijau
2024-04-01,12929.399,17302.836,-200.1102,-0.6528407,-138.3887,Monday,April,2024,Kacang Hijau
2024-04-02,12929.92,17317.521,-200.7736,-0.64055663,-153.23325,Tuesday,April,2024,Kacang Hijau
2024-04-03,12930.85,17313.646,-200.37874,-0.62170744,-151.75056,Wednesday,April,2024,Kacang Hijau
2024-04-04,12931.169,17297.47,-197.2828,-0.60318905,-137.09758,Thursday,April,2024,Kacang Hijau
2024-04-05,12930.795,17280.137,-190.6361,-0.5895235,-120.014915,Friday,April,2024,Kacang Hijau
2024-04-06,12930.303,17270.648,-181.8535,-0.5792475,-113.22998,Saturday,April,2024,Kacang Hijau
2024-04-07,12929.944,17274.678,-175.42471,-0.5718914,-123.847084,Sunday,April,2024,Kacang Hijau
2024-04-08,12929.731,17286.031,-172.25493,-0.56216687,-143.14166,Monday,April,2024,Kacang Hijau
2024-04-09,12930.115,17294.676,-174.59082,-0.5546405,-156.40239,Tuesday,April,2024,Kacang Hijau
2024-04-10,12931.01,17291.291,-179.34254,-0.5493665,-153.6249,Wednesday,April,2024,Kacang Hijau
2024-04-11,12931.337,17277.912,-181.69347,-0.5461083,-137.82541,Thursday,April,2024,Kacang Hijau
2024-04-12,12930.992,17263.96,-179.70013,-0.5462889,-119.70337,Friday,April,2024,Kacang Hijau
2024-04-13,12930.497,17257.617,-174.38797,-0.54718554,-112.0477,Saturday,April,2024,Kacang Hijau
2024-04-14,12930.106,17263.871,-170.2822,-0.5478754,-121.871864,Sunday,April,2024,Kacang Hijau
2024-04-15,12929.837,17277.057,-168.83171,-0.5444873,-140.67708,Monday,April,2024,Kacang Hijau
2024-04-16,12930.161,17287.514,-172.56718,-0.5424264,-153.8039,Tuesday,April,2024,Kacang Hijau
2024-04-17,12931.027,17285.873,-178.49387,-0.54180926,-151.08853,Wednesday,April,2024,Kacang Hijau
2024-04-18,12931.328,17274.04,-181.66728,-0.542164,-135.50362,Thursday,April,2024,Kacang Hijau
2024-04-19,12930.945,17261.338,-180.13084,-0.5448588,-117.61865,Friday,April,2024,Kacang Hijau
2024-04-20,12930.405,17255.918,-175.029,-0.5473201,-110.18315,Saturday,April,2024,Kacang Hijau
2024-04-21,12929.983,17262.762,-170.98686,-0.5488542,-120.1796,Sunday,April,2024,Kacang Hijau
2024-04-22,12929.707,17276.326,-169.55441,-0.5459234,-139.15123,Monday,April,2024,Kacang Hijau
2024-04-23,12930.042,17287.043,-173.27408,-0.5441028,-152.45186,Tuesday,April,2024,Kacang Hijau
2024-04-24,12930.928,17285.596,-179.15187,-0.5435661,-149.9123,Wednesday,April,2024,Kacang Hijau
2024-04-25,12931.244,17273.92,-182.24971,-0.54390144,-134.50749,Thursday,April,2024,Kacang Hijau
2024-04-26,12930.8955,17261.201,-180.83969,-0.54710805,-116.88211,Friday,April,2024,Kacang Hijau
2024-04-27,12930.338,17255.914,-175.53183,-0.5490949,-109.54091,Saturday,April,2024,Kacang Hijau
2024-04-28,12929.91,17262.844,-171.36314,-0.5503016,-119.632095,Sunday,April,2024,Kacang Hijau
2024-04-29,12929.638,17276.443,-169.8493,-0.547114,-138.6893,Monday,April,2024,Kacang Hijau
2024-04-30,12929.984,17287.164,-173.5053,-0.54507256,-152.0654,Tuesday,April,2024,Kacang Hijau
2024-05-01,12930.883,17285.703,-179.32474,-0.5443395,-149.59003,Wednesday,May,2024,Kacang Hijau
2024-05-02,12931.393,17272.695,-177.9005,-0.5329655,-135.29848,Thursday,May,2024,Kacang Hijau
2024-05-03,12931.312,17255.07,-169.36546,-0.5171166,-117.26489,Friday,May,2024,Kacang Hijau
2024-05-04,12931.097,17243.148,-156.9611,-0.5004028,-108.28192,Saturday,May,2024,Kacang Hijau
2024-05-05,12930.904,17239.922,-143.16185,-0.4778355,-115.01145,Sunday,May,2024,Kacang Hijau
2024-05-06,12930.668,17244.01,-132.65877,-0.45404634,-130.68127,Monday,May,2024,Kacang Hijau
2024-05-07,12930.569,17248.553,-128.30577,-0.4364192,-142.12202,Tuesday,May,2024,Kacang Hijau
2024-05-08,12931.058,17245.154,-129.93977,-0.42679545,-139.67592,Wednesday,May,2024,Kacang Hijau
2024-05-09,12931.26,17232.965,-131.43398,-0.42246154,-125.136734,Thursday,May,2024,Kacang Hijau
2024-05-10,12931.261,17219.537,-130.06432,-0.4219655,-107.606895,Friday,May,2024,Kacang Hijau
2024-05-11,12931.19,17211.955,-124.764046,-0.42098844,-98.738525,Saturday,May,2024,Kacang Hijau
2024-05-12,12931.0625,17212.424,-117.01021,-0.41207793,-105.4432,Sunday,May,2024,Kacang Hijau
2024-05-13,12930.792,17219.965,-111.67767,-0.40050068,-121.32595,Monday,May,2024,Kacang Hijau
2024-05-14,12930.603,17228.234,-111.94913,-0.39429203,-133.3701,Tuesday,May,2024,Kacang Hijau
2024-05-15,12931.005,17228.629,-117.69595,-0.3949768,-131.95282,Wednesday,May,2024,Kacang Hijau
2024-05-16,12931.151,17219.967,-122.61827,-0.39930278,-118.66443,Thursday,May,2024,Kacang Hijau
2024-05-17,12931.114,17209.45,-123.785965,-0.40539506,-102.22825,Friday,May,2024,Kacang Hijau
2024-05-18,12931.008,17204.1,-120.228226,-0.4091388,-94.16861,Saturday,May,2024,Kacang Hijau
2024-05-19,12930.856,17206.193,-113.66988,-0.4035218,-101.46272,Sunday,May,2024,Kacang Hijau
2024-05-20,12930.578,17214.947,-109.206245,-0.39429992,-117.82859,Monday,May,2024,Kacang Hijau
2024-05-21,12930.399,17224.203,-110.15954,-0.38988385,-130.32552,Tuesday,May,2024,Kacang Hijau
2024-05-22,12930.824,17225.44,-116.448044,-0.3919638,-129.37871,Wednesday,May,2024,Kacang Hijau
2024-05-23,12930.99,17217.514,-121.77667,-0.39735335,-116.571,Thursday,May,2024,Kacang Hijau
2024-05-24,12930.963,17207.588,-123.20985,-0.40418345,-100.543625,Friday,May,2024,Kacang Hijau
2024-05-25,12930.86,17202.682,-119.811646,-0.40839368,-92.79726,Saturday,May,2024,Kacang Hijau
2024-05-26,12930.716,17205.092,-113.3564,-0.40306515,-100.32881,Sunday,May,2024,Kacang Hijau
2024-05-27,12930.452,17214.074,-108.96393,-0.39400527,-116.879036,Monday,May,2024,Kacang Hijau
2024-05-28,12930.294,17223.496,-109.96936,-0.38967198,-129.53004,Tuesday,May,2024,Kacang Hijau
2024-05-29,12930.739,17224.863,-116.29644,-0.39179692,-128.72188,Wednesday,May,2024,Kacang Hijau
2024-05-30,12930.921,17217.057,-121.65236,-0.39722067,-116.04396,Thursday,May,2024,Kacang Hijau
2024-05-31,12930.903,17207.23,-123.10268,-0.40407303,-100.126305,Friday,May,2024,Kacang Hijau
2024-06-01,12930.807,17202.4,-119.71697,-0.40829846,-92.46772,Saturday,June,2024,Kacang Hijau
2024-06-02,12930.812,17202.68,-106.53208,-0.39020953,-98.62184,Sunday,June,2024,Kacang Hijau
2024-06-03,12930.425,17205.932,-90.757866,-0.36274916,-112.13256,Monday,June,2024,Kacang Hijau
2024-06-04,12930.085,17206.299,-79.53097,-0.33169058,-120.34145,Tuesday,June,2024,Kacang Hijau
2024-06-05,12930.343,17197.982,-74.25744,-0.3066055,-116.37505,Wednesday,June,2024,Kacang Hijau
2024-06-06,12930.859,17182.316,-72.52099,-0.29062435,-103.06712,Thursday,June,2024,Kacang Hijau
2024-06-07,12931.448,17165.662,-69.53747,-0.2822511,-86.60524,Friday,June,2024,Kacang Hijau
2024-06-08,12932.056,17153.936,-62.552944,-0.2750681,-76.23696,Saturday,June,2024,Kacang Hijau
2024-06-09,12932.182,17150.615,-51.748547,-0.26059464,-79.77157,Sunday,June,2024,Kacang Hijau
2024-06-10,12931.612,17155.133,-41.802547,-0.24470124,-92.35527,Monday,June,2024,Kacang Hijau
2024-06-11,12930.85,17159.85,-37.482758,-0.23002522,-101.3478,Tuesday,June,2024,Kacang Hijau
2024-06-12,12930.617,17157.848,-39.66191,-0.22286879,-99.514915,Wednesday,June,2024,Kacang Hijau
2024-06-13,12930.785,17148.854,-45.041836,-0.223435,-88.88118,Thursday,June,2024,Kacang Hijau
2024-06-14,12931.1875,17138.078,-48.008667,-0.22875263,-74.87588,Friday,June,2024,Kacang Hijau
2024-06-15,12931.702,17131.03,-45.589096,-0.2322246,-66.36403,Saturday,June,2024,Kacang Hijau
2024-06-16,12931.784,17131.385,-38.230743,-0.22611286,-71.19684,Sunday,June,2024,Kacang Hijau
2024-06-17,12931.206,17138.725,-31.008144,-0.21607238,-84.70872,Monday,June,2024,Kacang Hijau
2024-06-18,12930.442,17146.14,-28.982607,-0.20722586,-94.81905,Tuesday,June,2024,Kacang Hijau
2024-06-19,12930.215,17146.621,-33.110992,-0.20500518,-94.099815,Wednesday,June,2024,Kacang Hijau
2024-06-20,12930.397,17139.854,-40.099316,-0.20961644,-84.56665,Thursday,June,2024,Kacang Hijau
2024-06-21,12930.82,17130.883,-44.2718,-0.21803091,-71.468895,Friday,June,2024,Kacang Hijau
2024-06-22,12931.359,17125.203,-42.696953,-0.2237855,-63.61676,Saturday,June,2024,Kacang Hijau
2024-06-23,12931.476,17126.611,-35.93967,-0.21942398,-68.91326,Sunday,June,2024,Kacang Hijau
2024-06-24,12930.938,17134.723,-29.16296,-0.21049625,-82.73765,Monday,June,2024,Kacang Hijau
2024-06-25,12930.217,17142.816,-27.50695,-0.20272042,-93.16901,Tuesday,June,2024,Kacang Hijau
2024-06-26,12930.028,17143.885,-31.944748,-0.20136994,-92.74313,Wednesday,June,2024,Kacang Hijau
2024-06-27,12930.239,17137.645,-39.189507,-0.20670597,-83.49298,Thursday,June,2024,Kacang Hijau
2024-06-28,12930.684,17129.102,-43.55647,-0.21568912,-70.6305,Friday,June,2024,Kacang Hijau
2024-06-29,12931.241,17123.75,-42.120777,-0.22187887,-62.95121,Saturday,June,2024,Kacang Hijau
2024-06-30,12931.373,17125.418,-35.46587,-0.21786764,-68.37391,Sunday,June,2024,Kacang Hijau
2024-07-01,12930.8545,17133.727,-28.76731,-0.20917508,-82.28623,Monday,July,2024,Kacang Hijau
2024-07-02,12930.042,17137.95,-19.608038,-0.18556546,-91.628204,Tuesday,July,2024,Kacang Hijau
2024-07-03,12930.212,17129.75,-13.566925,-0.15917975,-89.842094,Wednesday,July,2024,Kacang Hijau
2024-07-04,12931.558,17115.617,-15.3223505,-0.1403273,-83.45668,Thursday,July,2024,Kacang Hijau
2024-07-05,12933.088,17099.99,-15.717834,-0.12990208,-73.09072,Friday,July,2024,Kacang Hijau
2024-07-06,12933.859,17087.955,-7.0209208,-0.122809194,-62.306007,Saturday,July,2024,Kacang Hijau
2024-07-07,12933.633,17084.328,7.9156585,-0.10938405,-63.154392,Sunday,July,2024,Kacang Hijau
2024-07-08,12932.527,17088.95,22.348072,-0.09174247,-72.20488,Monday,July,2024,Kacang Hijau
2024-07-09,12931.159,17092.715,31.45716,-0.07257654,-79.409256,Tuesday,July,2024,Kacang Hijau
2024-07-10,12930.802,17089.719,31.032372,-0.05902643,-80.122894,Wednesday,July,2024,Kacang Hijau
2024-07-11,12931.989,17082.857,19.715157,-0.055623148,-78.17449,Thursday,July,2024,Kacang Hijau
2024-07-12,12933.469,17073.043,11.483613,-0.058862086,-70.2837,Friday,July,2024,Kacang Hijau
2024-07-13,12934.076,17064.756,15.331226,-0.063054346,-59.792343,Saturday,July,2024,Kacang Hijau
2024-07-14,12933.614,17063.783,27.32682,-0.058923285,-60.158215,Sunday,July,2024,Kacang Hijau
2024-07-15,12932.406,17070.846,38.58883,-0.049257614,-69.252754,Monday,July,2024,Kacang Hijau
2024-07-16,12930.922,17077.184,45.11686,-0.037543852,-76.640724,Tuesday,July,2024,Kacang Hijau
2024-07-17,12930.579,17077.47,41.058136,-0.031139158,-78.80358,Wednesday,July,2024,Kacang Hijau
2024-07-18,12931.857,17073.33,26.730997,-0.033220842,-78.11453,Thursday,July,2024,Kacang Hijau
2024-07-19,12933.411,17065.531,16.374277,-0.040776797,-70.81422,Friday,July,2024,Kacang Hijau
2024-07-20,12933.992,17058.559,19.090084,-0.04853326,-60.279854,Saturday,July,2024,Kacang Hijau
2024-07-21,12933.467,17058.43,30.700018,-0.04707086,-60.296562,Sunday,July,2024,Kacang Hijau
2024-07-22,12932.235,17066.227,41.604332,-0.0395286,-69.171486,Monday,July,2024,Kacang Hijau
2024-07-23,12930.745,17073.262,47.679607,-0.029695373,-76.48091,Tuesday,July,2024,Kacang Hijau
2024-07-24,12930.433,17074.414,42.846607,-0.02503255,-78.92098,Wednesday,July,2024,Kacang Hijau
2024-07-25,12931.762,17070.988,27.868496,-0.028383512,-78.47797,Thursday,July,2024,Kacang Hijau
2024-07-26,12933.345,17063.701,17.096085,-0.03693773,-71.25788,Friday,July,2024,Kacang Hijau
2024-07-27,12933.942,17057.068,19.588614,-0.045437373,-60.70121,Saturday,July,2024,Kacang Hijau
2024-07-28,12933.4,17057.127,31.219982,-0.04457532,-60.546913,Sunday,July,2024,Kacang Hijau
2024-07-29,12932.166,17065.092,42.144615,-0.037467457,-69.299,Monday,July,2024,Kacang Hijau
2024-07-30,12930.68,17072.287,48.159435,-0.02804787,-76.55486,Tuesday,July,2024,Kacang Hijau
2024-07-31,12930.38,17073.652,43.165897,-0.023768518,-79.04174,Wednesday,July,2024,Kacang Hijau
2024-08-01,12931.724,17070.408,28.05114,-0.02739681,-78.64062,Thursday,August,2024,Kacang Hijau
2024-08-02,12934.149,17061.742,17.931877,-0.024717024,-75.12583,Friday,August,2024,Kacang Hijau
2024-08-03,12935.091,17054.934,23.640862,-0.02386674,-67.64952,Saturday,August,2024,Kacang Hijau
2024-08-04,12933.914,17054.686,41.87958,-0.015862904,-67.22049,Sunday,August,2024,Kacang Hijau
2024-08-05,12932.211,17063.102,55.78193,-0.0079754805,-77.59612,Monday,August,2024,Kacang Hijau
2024-08-06,12930.722,17071.32,63.72226,0.00384624,-87.81878,Tuesday,August,2024,Kacang Hijau
2024-08-07,12931.81,17071.664,58.96026,0.02467016,-96.95637,Wednesday,August,2024,Kacang Hijau
2024-08-08,12934.74,17057.709,42.0927,0.058668856,-104.12069,Thursday,August,2024,Kacang Hijau
2024-08-09,12937.306,17041.748,28.88068,0.07788229,-101.34309,Friday,August,2024,Kacang Hijau
2024-08-10,12938.244,17032.318,33.51245,0.079731055,-92.04181,Saturday,August,2024,Kacang Hijau
2024-08-11,12937.103,17031.43,52.858135,0.076690376,-87.142715,Sunday,August,2024,Kacang Hijau
2024-08-12,12934.927,17040.625,66.95144,0.07231772,-93.17288,Monday,August,2024,Kacang Hijau
2024-08-13,12933.005,17051.086,73.39708,0.07289078,-100.986244,Tuesday,August,2024,Kacang Hijau
2024-08-14,12933.273,17053.941,65.754555,0.08682254,-109.30898,Wednesday,August,2024,Kacang Hijau
2024-08-15,12935.487,17041.945,46.84895,0.11472758,-114.89997,Thursday,August,2024,Kacang Hijau
2024-08-16,12937.623,17027.559,32.17517,0.12749192,-110.34237,Friday,August,2024,Kacang Hijau
2024-08-17,12938.253,17019.78,35.99013,0.12273387,-99.375656,Saturday,August,2024,Kacang Hijau
2024-08-18,12937.001,17020.324,55.905624,0.11281376,-92.363625,Sunday,August,2024,Kacang Hijau
2024-08-19,12934.837,17030.941,70.31889,0.10199715,-96.77908,Monday,August,2024,Kacang Hijau
2024-08-20,12932.972,17043.01,76.2329,0.096993655,-103.797264,Tuesday,August,2024,Kacang Hijau
2024-08-21,12933.102,17047.248,67.82446,0.107004814,-111.57506,Wednesday,August,2024,Kacang Hijau
2024-08-22,12935.263,17036.443,48.141853,0.13112202,-116.771904,Thursday,August,2024,Kacang Hijau
2024-08-23,12937.37,17022.98,32.9835,0.1408227,-111.795906,Friday,August,2024,Kacang Hijau
2024-08-24,12937.986,17015.96,36.53337,0.13357884,-100.485825,Saturday,August,2024,Kacang Hijau
2024-08-25,12936.697,17017.018,56.65205,0.12195431,-92.941,Sunday,August,2024,Kacang Hijau
2024-08-26,12934.587,17028.139,71.20313,0.10928144,-96.96336,Monday,August,2024,Kacang Hijau
2024-08-27,12932.785,17040.709,77.00768,0.102749966,-103.83276,Tuesday,August,2024,Kacang Hijau
2024-08-28,12932.928,17045.38,68.43525,0.11164645,-111.52597,Wednesday,August,2024,Kacang Hijau
2024-08-29,12935.11,17034.955,48.51635,0.13466483,-116.72478,Thursday,August,2024,Kacang Hijau
2024-08-30,12937.234,17021.79,33.22001,0.14352901,-111.72807,Friday,August,2024,Kacang Hijau
2024-08-31,12937.862,17015.002,36.69296,0.1356678,-100.405396,Saturday,August,2024,Kacang Hijau
2024-09-01,12936.576,17016.207,56.872425,0.12368077,-92.77827,Sunday,September,2024,Kacang Hijau
2024-09-02,12934.266,17031.264,69.82963,0.10877761,-101.43034,Monday,September,2024,Kacang Hijau
2024-09-03,12932.614,17047.525,73.973366,0.10193937,-112.79635,Tuesday,September,2024,Kacang Hijau
2024-09-04,12933.158,17051.158,62.787388,0.121439025,-125.53427,Wednesday,September,2024,Kacang Hijau
2024-09-05,12936.778,17032.332,36.045616,0.16035315,-138.15111,Thursday,September,2024,Kacang Hijau
2024-09-06,12939.241,17011.613,19.386322,0.18769026,-137.39922,Friday,September,2024,Kacang Hijau
2024-09-07,12938.879,17002.775,25.913794,0.18903069,-127.01291,Saturday,September,2024,Kacang Hijau
2024-09-08,12936.393,17006.271,49.865128,0.17834996,-120.10638,Sunday,September,2024,Kacang Hijau
2024-09-09,12933.747,17023.02,66.475914,0.15914786,-126.61706,Monday,September,2024,Kacang Hijau
2024-09-10,12931.737,17039.533,73.269035,0.14964825,-135.44557,Tuesday,September,2024,Kacang Hijau
2024-09-11,12932.122,17042.793,64.22525,0.16613021,-144.58997,Wednesday,September,2024,Kacang Hijau
2024-09-12,12935.823,17023.156,38.61015,0.20119351,-153.53752,Thursday,September,2024,Kacang Hijau
2024-09-13,12938.234,17002.248,22.546288,0.22514936,-150.05035,Friday,September,2024,Kacang Hijau
2024-09-14,12937.698,16992.76,30.34584,0.22452271,-136.13351,Saturday,September,2024,Kacang Hijau
2024-09-15,12935.098,16996.137,55.08881,0.21105465,-126.4,Sunday,September,2024,Kacang Hijau
2024-09-16,12932.454,17013.207,72.00259,0.18879883,-130.86546,Monday,September,2024,Kacang Hijau
2024-09-17,12930.581,17030.504,78.44639,0.1758895,-138.43275,Tuesday,September,2024,Kacang Hijau
2024-09-18,12931.16,17034.64,68.75867,0.18890283,-146.7026,Wednesday,September,2024,Kacang Hijau
2024-09-19,12935.054,17015.875,42.471832,0.2206953,-154.95209,Thursday,September,2024,Kacang Hijau
2024-09-20,12937.592,16995.893,25.714573,0.24193242,-151.17992,Friday,September,2024,Kacang Hijau
2024-09-21,12937.112,16987.125,33.150066,0.23934744,-136.88492,Saturday,September,2024,Kacang Hijau
2024-09-22,12934.576,16991.068,57.642128,0.22406498,-126.68753,Sunday,September,2024,Kacang Hijau
2024-09-23,12931.995,17008.672,74.36215,0.20012774,-130.79776,Monday,September,2024,Kacang Hijau
2024-09-24,12930.206,17026.566,80.48488,0.18555947,-138.21083,Tuesday,September,2024,Kacang Hijau
2024-09-25,12930.871,17031.266,70.41356,0.19699022,-146.44006,Wednesday,September,2024,Kacang Hijau
2024-09-26,12934.837,17013.014,43.77852,0.22737229,-154.6837,Thursday,September,2024,Kacang Hijau
2024-09-27,12937.421,16993.498,26.72603,0.24749026,-150.97781,Friday,September,2024,Kacang Hijau
2024-09-28,12936.965,16985.088,33.996353,0.24410088,-136.69194,Saturday,September,2024,Kacang Hijau
2024-09-29,12934.447,16989.312,58.39034,0.22814351,-126.44813,Sunday,September,2024,Kacang Hijau
2024-09-30,12931.885,17007.154,75.03451,0.20360667,-130.52473,Monday,September,2024,Kacang Hijau
2024-10-01,12930.118,17025.285,81.05563,0.18847388,-137.94508,Tuesday,October,2024,Kacang Hijau
2024-10-02,12930.789,17027.217,68.35816,0.19937074,-145.46721,Wednesday,October,2024,Kacang Hijau
2024-10-03,12934.814,17007.959,37.069073,0.22093582,-152.86597,Thursday,October,2024,Kacang Hijau
2024-10-04,12936.834,16988.41,18.96678,0.23041767,-145.73383,Friday,October,2024,Kacang Hijau
2024-10-05,12935.932,16982.525,22.791338,0.21074502,-131.10683,Saturday,October,2024,Kacang Hijau
2024-10-06,12932.918,16994.125,43.405922,0.17743644,-123.038155,Sunday,October,2024,Kacang Hijau
2024-10-07,12929.911,17019.87,58.160805,0.14195897,-129.22162,Monday,October,2024,Kacang Hijau
2024-10-08,12927.968,17042.562,63.76753,0.12208238,-137.98714,Tuesday,October,2024,Kacang Hijau
2024-10-09,12928.744,17045.377,53.97928,0.13247037,-144.83203,Wednesday,October,2024,Kacang Hijau
2024-10-10,12931.993,17024.443,32.365295,0.1637987,-147.58801,Thursday,October,2024,Kacang Hijau
2024-10-11,12933.951,17003.139,18.047703,0.17804235,-139.97356,Friday,October,2024,Kacang Hijau
2024-10-12,12933.083,16994.912,24.821398,0.16577853,-125.29163,Saturday,October,2024,Kacang Hijau
2024-10-13,12930.2,17004.01,47.72605,0.14055423,-117.1345,Sunday,October,2024,Kacang Hijau
2024-10-14,12927.619,17027.54,63.3836,0.113586694,-124.55809,Monday,October,2024,Kacang Hijau
2024-10-15,12926.095,17048.05,69.57515,0.101217054,-134.06123,Tuesday,October,2024,Kacang Hijau
2024-10-16,12927.174,17049.027,60.771618,0.1183548,-140.7679,Wednesday,October,2024,Kacang Hijau
2024-10-17,12930.661,17026.832,39.666264,0.1550536,-143.58385,Thursday,October,2024,Kacang Hijau
2024-10-18,12932.876,17004.62,24.924051,0.17286906,-136.59377,Friday,October,2024,Kacang Hijau
2024-10-19,12932.222,16995.736,31.135916,0.16320167,-122.409775,Saturday,October,2024,Kacang Hijau
2024-10-20,12929.523,17004.328,53.45485,0.1399693,-114.72341,Sunday,October,2024,Kacang Hijau
2024-10-21,12927.163,17027.62,67.84406,0.11377629,-123.09687,Monday,October,2024,Kacang Hijau
2024-10-22,12925.789,17047.918,73.15304,0.10208104,-133.19046,Tuesday,October,2024,Kacang Hijau
2024-10-23,12926.953,17048.648,64.07208,0.120504744,-140.08037,Wednesday,October,2024,Kacang Hijau
2024-10-24,12930.566,17026.29,42.24883,0.15765508,-143.31834,Thursday,October,2024,Kacang Hijau
2024-10-25,12932.834,17003.902,27.151825,0.17608252,-136.47375,Friday,October,2024,Kacang Hijau
2024-10-26,12932.216,16994.922,33.052216,0.16668092,-122.356895,Saturday,October,2024,Kacang Hijau
2024-10-27,12929.546,17003.496,55.077705,0.14350761,-114.7639,Sunday,October,2024,Kacang Hijau
2024-10-28,12927.206,17026.844,69.00891,0.116816856,-123.27032,Monday,October,2024,Kacang Hijau
2024-10-29,12925.836,17047.223,74.000496,0.10468261,-133.42918,Tuesday,October,2024,Kacang Hijau
2024-10-30,12926.999,17047.992,64.80734,0.123051,-140.32675,Wednesday,October,2024,Kacang Hijau
2024-10-31,12930.633,17025.668,42.720676,0.15991747,-143.65475,Thursday,October,2024,Kacang Hijau
2024-11-01,12932.896,17003.297,27.548426,0.17825848,-136.77477,Friday,November,2024,Kacang Hijau
2024-11-02,12932.435,16994.451,28.38656,0.14834698,-118.28161,Saturday,November,2024,Kacang Hijau
2024-11-03,12930.297,17011.492,39.929344,0.09723386,-112.50259,Sunday,November,2024,Kacang Hijau
2024-11-04,12927.939,17042.34,48.886936,0.051124454,-119.43135,Monday,November,2024,Kacang Hijau
2024-11-05,12926.685,17068.016,49.550972,0.020005733,-126.0488,Tuesday,November,2024,Kacang Hijau
2024-11-06,12927.889,17068.365,36.92065,0.018989606,-127.18923,Wednesday,November,2024,Kacang Hijau
2024-11-07,12930.529,17043.734,18.375032,0.04035909,-120.30072,Thursday,November,2024,Kacang Hijau
2024-11-08,12931.988,17018.887,7.499186,0.047525585,-106.50112,Friday,November,2024,Kacang Hijau
2024-11-09,12931.029,17012.648,14.60607,0.026860017,-92.84522,Saturday,November,2024,Kacang Hijau
2024-11-10,12927.838,17029.873,31.672792,-0.006332258,-91.31074,Sunday,November,2024,Kacang Hijau
2024-11-11,12924.609,17059.508,44.818836,-0.031886194,-101.69997,Monday,November,2024,Kacang Hijau
2024-11-12,12923.359,17083.344,49.362354,-0.04538452,-110.96027,Tuesday,November,2024,Kacang Hijau
2024-11-13,12925.437,17081.58,41.50743,-0.033590082,-113.811424,Wednesday,November,2024,Kacang Hijau
2024-11-14,12928.529,17055.111,26.4759,-0.0007427561,-108.48162,Thursday,November,2024,Kacang Hijau
2024-11-15,12930.266,17028.967,17.37351,0.01605849,-96.86407,Friday,November,2024,Kacang Hijau
2024-11-16,12929.537,17021.963,24.974846,0.0023085142,-84.93085,Saturday,November,2024,Kacang Hijau
2024-11-17,12926.3,17038.232,41.19255,-0.02331197,-85.231766,Sunday,November,2024,Kacang Hijau
2024-11-18,12923.419,17067.34,51.57824,-0.0453506,-98.29234,Monday,November,2024,Kacang Hijau
2024-11-19,12922.453,17090.312,54.427734,-0.055767912,-109.25798,Tuesday,November,2024,Kacang Hijau
2024-11-20,12924.807,17087.643,47.104664,-0.040515732,-112.32519,Wednesday,November,2024,Kacang Hijau
2024-11-21,12928.138,17060.176,31.851528,-0.004726377,-107.594025,Thursday,November,2024,Kacang Hijau
2024-11-22,12930.028,17033.174,22.224766,0.013925233,-96.34822,Friday,November,2024,Kacang Hijau
2024-11-23,12929.404,17025.594,29.127012,0.0011894584,-84.70216,Saturday,November,2024,Kacang Hijau
2024-11-24,12926.244,17041.297,44.584114,-0.023411263,-85.33114,Sunday,November,2024,Kacang Hijau
2024-11-25,12923.478,17070.0,53.675953,-0.045569617,-99.091286,Monday,November,2024,Kacang Hijau
2024-11-26,12922.57,17092.6,55.6723,-0.055979546,-110.480515,Tuesday,November,2024,Kacang Hijau
2024-11-27,12924.911,17089.555,48.28269,-0.040122632,-113.4288,Wednesday,November,2024,Kacang Hijau
2024-11-28,12928.257,17061.678,32.78227,-0.0038696716,-108.6942,Thursday,November,2024,Kacang Hijau
2024-11-29,12930.154,17034.295,22.928152,0.014946603,-97.30565,Friday,November,2024,Kacang Hijau
2024-11-30,12929.532,17026.436,29.616777,0.00223747,-85.54859,Saturday,November,2024,Kacang Hijau
2024-12-01,12926.39,17041.908,44.9264,-0.02242488,-86.08814,Sunday,December,2024,Kacang Hijau
2024-12-02,12923.519,17073.473,47.268494,-0.06178432,-96.511665,Monday,December,2024,Kacang Hijau
2024-12-03,12923.145,17096.982,39.539833,-0.09293214,-103.43427,Tuesday,December,2024,Kacang Hijau
2024-12-04,12925.55,17088.805,26.7382,-0.09425364,-97.02724,Wednesday,December,2024,Kacang Hijau
2024-12-05,12930.883,17047.541,-2.5092738,-0.11904663,-88.11774,Thursday,December,2024,Kacang Hijau
2024-12-06,12936.29,16998.58,-38.259212,-0.19175038,-80.716934,Friday,December,2024,Kacang Hijau
2024-12-07,12934.018,16989.855,-32.7082,-0.19961545,-69.63438,Saturday,December,2024,Kacang Hijau
2024-12-08,12927.128,17026.312,-1.6703001,-0.17449056,-63.64634,Sunday,December,2024,Kacang Hijau
2024-12-09,12922.791,17072.652,10.998593,-0.1851209,-74.242584,Monday,December,2024,Kacang Hijau
2024-12-10,12921.935,17103.213,12.0273,-0.19349204,-82.264404,Tuesday,December,2024,Kacang Hijau
2024-12-11,12924.083,17097.715,8.571654,-0.17395516,-77.07883,Wednesday,December,2024,Kacang Hijau
2024-12-12,12929.8545,17054.059,-16.71238,-0.19289918,-71.80228,Thursday,December,2024,Kacang Hijau
2024-12-13,12934.736,17005.96,-44.562176,-0.24345133,-67.37147,Friday,December,2024,Kacang Hijau
2024-12-14,12932.192,17000.627,-32.11829,-0.23435561,-56.801003,Saturday,December,2024,Kacang Hijau
2024-12-15,12925.508,17038.416,-0.13452606,-0.20288499,-54.18521,Sunday,December,2024,Kacang Hijau
2024-12-16,12921.446,17085.227,13.17719,-0.20780781,-67.20158,Monday,December,2024,Kacang Hijau
2024-12-17,12920.838,17116.781,14.277066,-0.21260822,-77.77284,Tuesday,December,2024,Kacang Hijau
2024-12-18,12923.097,17111.959,11.383807,-0.19102281,-74.34519,Wednesday,December,2024,Kacang Hijau
2024-12-19,12927.918,17073.668,-5.7306986,-0.18621983,-67.01739,Thursday,December,2024,Kacang Hijau
2024-12-20,12932.414,17028.955,-30.008856,-0.22515172,-61.807903,Friday,December,2024,Kacang Hijau
2024-12-21,12929.98,17024.709,-17.785349,-0.2144602,-51.751293,Saturday,December,2024,Kacang Hijau
2024-12-22,12924.558,17057.893,5.8524976,-0.20134522,-53.306442,Sunday,December,2024,Kacang Hijau
2024-12-23,12921.19,17101.432,14.723793,-0.21417174,-68.84687,Monday,December,2024,Kacang Hijau
2024-12-24,12920.854,17130.988,13.973574,-0.22172855,-80.75331,Tuesday,December,2024,Kacang Hijau
2024-12-25,12923.165,17124.857,10.319544,-0.20159827,-77.90103,Wednesday,December,2024,Kacang Hijau
2024-12-26,12927.367,17088.555,-2.5453894,-0.1843072,-68.72527,Thursday,December,2024,Kacang Hijau
2024-12-27,12931.649,17044.549,-25.399189,-0.21856567,-62.571587,Friday,December,2024,Kacang Hijau
2024-12-28,12929.269,17039.805,-13.449535,-0.20784985,-52.237404,Saturday,December,2024,Kacang Hijau
2024-12-29,12924.454,17069.834,6.0391593,-0.2044088,-55.406506,Sunday,December,2024,Kacang Hijau
2024-12-30,12921.376,17111.062,12.944756,-0.22110102,-71.74275,Monday,December,2024,Kacang Hijau
2024-12-31,12921.115,17139.041,11.53921,-0.22974114,-83.87968,Tuesday,December,2024,Kacang Hijau
2025-01-01,12923.406,17131.764,7.7589717,-0.20979384,-80.938065,Wednesday,January,2025,Kacang Hijau
2025-01-02,12949.039,16965.646,-125.41116,-0.6210926,-80.44304,Thursday,January,2025,Kacang Hijau
2025-01-03,12983.31,16693.025,-355.38507,-1.4030102,-148.01813,Friday,January,2025,Kacang Hijau
2025-01-04,12990.028,16491.877,-511.00137,-1.8421465,-286.07953,Saturday,January,2025,Kacang Hijau
2025-01-05,12991.97,16382.518,-573.96045,-2.083298,-363.02542,Sunday,January,2025,Kacang Hijau
2025-01-06,12995.215,16320.871,-605.05865,-2.234309,-412.09787,Monday,January,2025,Kacang Hijau
2025-01-07,13005.94,16206.172,-682.89197,-2.4644742,-493.11453,Tuesday,January,2025,Kacang Hijau
2025-01-08,13027.117,16022.83,-696.8772,-2.6317751,-529.3877,Wednesday,January,2025,Kacang Hijau
2025-01-09,13040.318,15903.479,-758.3732,-2.4829175,-581.4276,Thursday,January,2025,Kacang Hijau
2025-01-10,13052.377,15820.849,-731.5571,-2.3767242,-602.2264,Friday,January,2025,Kacang Hijau
2025-01-11,13053.235,15781.289,-653.5605,-2.208889,-576.69006,Saturday,January,2025,Kacang Hijau
2025-01-12,13041.966,15772.919,-601.0233,-1.9886918,-542.3554,Sunday,January,2025,Kacang Hijau
2025-01-13,13037.712,15786.1045,-585.603,-1.9797971,-555.50793,Monday,January,2025,Kacang Hijau
2025-01-14,13027.937,15819.349,-510.66467,-1.9996427,-513.88586,Tuesday,January,2025,Kacang Hijau
2025-01-15,13010.922,15857.86,-494.4543,-1.9306507,-500.82764,Wednesday,January,2025,Kacang Hijau
2025-01-16,12989.518,15908.214,-533.5487,-1.8142295,-519.97437,Thursday,January,2025,Kacang Hijau
2025-01-17,12970.353,15976.908,-570.51355,-1.7703656,-539.7956,Friday,January,2025,Kacang Hijau
2025-01-18,12943.592,16150.151,-489.32123,-1.6166959,-458.90292,Saturday,January,2025,Kacang Hijau
2025-01-19,12928.348,16437.938,-331.63632,-1.4176345,-319.56708,Sunday,January,2025,Kacang Hijau
2025-01-20,12917.669,16764.707,-213.00917,-1.2936503,-208.9493,Monday,January,2025,Kacang Hijau
2025-01-21,12896.251,17070.377,-148.43494,-1.065623,-208.16927,Tuesday,January,2025,Kacang Hijau
2025-01-22,12887.915,17263.225,-121.82535,-0.94833076,-202.74445,Wednesday,January,2025,Kacang Hijau
2025-01-23,12888.949,17345.871,-144.87875,-0.9573478,-202.52652,Thursday,January,2025,Kacang Hijau
2025-01-24,12891.263,17387.238,-188.34201,-1.0340372,-207.39052,Friday,January,2025,Kacang Hijau
2025-01-25,12887.389,17450.873,-207.60133,-1.0820185,-209.7773,Saturday,January,2025,Kacang Hijau
2025-01-26,12879.607,17546.625,-204.21463,-1.0881495,-218.0318,Sunday,January,2025,Kacang Hijau
2025-01-27,12876.694,17635.5,-225.40065,-1.1483053,-246.2103,Monday,January,2025,Kacang Hijau
2025-01-28,12878.0625,17690.143,-251.8968,-1.197282,-270.88187,Tuesday,January,2025,Kacang Hijau
2025-01-29,12882.6,17694.037,-275.73767,-1.2167889,-278.10483,Wednesday,January,2025,Kacang Hijau
2025-01-30,12892.893,17636.963,-327.53522,-1.3530406,-286.83917,Thursday,January,2025,Kacang Hijau
2025-01-31,12899.291,17576.18,-360.38867,-1.5189823,-285.56357,Friday,January,2025,Kacang Hijau
2025-02-01,12898.1455,17562.922,-371.63327,-1.5865909,-281.64526,Saturday,February,2025,Kacang Hijau
2025-02-02,12893.415,17593.777,-374.8696,-1.5817115,-281.31204,Sunday,February,2025,Kacang Hijau
2025-02-03,12889.518,17645.447,-384.9716,-1.5604637,-294.50943,Monday,February,2025,Kacang Hijau
2025-02-04,12890.322,17670.37,-406.9693,-1.5861851,-308.31772,Tuesday,February,2025,Kacang Hijau
2025-02-05,12894.151,17644.773,-439.46252,-1.6606889,-327.59094,Wednesday,February,2025,Kacang Hijau
2025-02-06,12895.106,17584.533,-479.54984,-1.7345417,-370.45535,Thursday,February,2025,Kacang Hijau
2025-02-07,12893.226,17529.68,-510.37372,-1.794899,-405.50128,Friday,February,2025,Kacang Hijau
2025-02-08,12888.976,17522.4,-511.62845,-1.7927787,-407.34436,Saturday,February,2025,Kacang Hijau
2025-02-09,12885.294,17558.98,-495.45685,-1.749574,-385.9312,Sunday,February,2025,Kacang Hijau
2025-02-10,12883.764,17610.809,-487.80392,-1.7177511,-371.1118,Monday,February,2025,Kacang Hijau
2025-02-11,12884.501,17640.97,-495.0786,-1.7145647,-373.00076,Tuesday,February,2025,Kacang Hijau
2025-02-12,12886.682,17624.674,-514.7555,-1.7469307,-392.6925,Wednesday,February,2025,Kacang Hijau
2025-02-13,12888.66,17567.652,-544.87335,-1.8117733,-427.0899,Thursday,February,2025,Kacang Hijau
2025-02-14,12887.711,17516.576,-565.3474,-1.8615179,-452.9985,Friday,February,2025,Kacang Hijau
2025-02-15,12884.06,17514.23,-555.83093,-1.8463914,-445.26163,Saturday,February,2025,Kacang Hijau
2025-02-16,12880.784,17555.148,-530.36017,-1.7901394,-415.33176,Sunday,February,2025,Kacang Hijau
2025-02-17,12879.555,17610.068,-515.01825,-1.7476988,-393.40768,Monday,February,2025,Kacang Hijau
2025-02-18,12880.726,17642.537,-516.52264,-1.7373192,-390.30692,Tuesday,February,2025,Kacang Hijau
2025-02-19,12883.405,17628.11,-531.6515,-1.7653728,-406.6709,Wednesday,February,2025,Kacang Hijau
2025-02-20,12885.87,17572.248,-557.987,-1.827163,-438.38724,Thursday,February,2025,Kacang Hijau
2025-02-21,12885.317,17522.057,-575.3274,-1.8742765,-461.97244,Friday,February,2025,Kacang Hijau
2025-02-22,12881.931,17520.576,-563.19995,-1.8567059,-452.29,Saturday,February,2025,Kacang Hijau
2025-02-23,12878.895,17561.922,-535.7583,-1.798114,-420.6512,Sunday,February,2025,Kacang Hijau
2025-02-24,12877.913,17616.947,-518.83,-1.7535341,-397.24142,Monday,February,2025,Kacang Hijau
2025-02-25,12879.325,17649.25,-519.1842,-1.7416431,-393.13422,Tuesday,February,2025,Kacang Hijau
2025-02-26,12882.22,17634.55,-533.36285,-1.7686614,-408.82968,Wednesday,February,2025,Kacang Hijau
2025-02-27,12884.865,17578.24,-558.983,-1.8297501,-440.06754,Thursday,February,2025,Kacang Hijau
2025-02-28,12884.477,17527.568,-575.7936,-1.8763156,-463.2128,Friday,February,2025,Kacang Hijau
2025-03-01,12881.26,17525.674,-563.16644,-1.8580174,-452.97244,Saturday,March,2025,Kacang Hijau
2025-03-02,12879.2705,17565.594,-535.39545,-1.7848424,-417.06067,Sunday,March,2025,Kacang Hijau
2025-03-03,12878.985,17618.182,-520.42053,-1.7316005,-394.15503,Monday,March,2025,Kacang Hijau
2025-03-04,12880.79,17647.86,-523.37933,-1.7133371,-392.0036,Tuesday,March,2025,Kacang Hijau
2025-03-05,12883.491,17633.414,-539.0259,-1.7379469,-408.69833,Wednesday,March,2025,Kacang Hijau
2025-03-06,12885.588,17586.346,-566.288,-1.8031765,-440.41452,Thursday,March,2025,Kacang Hijau
2025-03-07,12885.405,17543.543,-583.17084,-1.8456516,-460.56522,Friday,March,2025,Kacang Hijau
2025-03-08,12883.533,17539.164,-572.09906,-1.8199886,-448.23035,Saturday,March,2025,Kacang Hijau
2025-03-09,12881.86,17573.277,-548.2054,-1.7585284,-419.93442,Sunday,March,2025,Kacang Hijau
2025-03-10,12881.586,17621.982,-535.88354,-1.7135266,-403.93628,Monday,March,2025,Kacang Hijau
2025-03-11,12882.891,17649.213,-540.04266,-1.702255,-406.3863,Tuesday,March,2025,Kacang Hijau
2025-03-12,12884.893,17633.191,-555.91943,-1.7341563,-425.2745,Wednesday,March,2025,Kacang Hijau
2025-03-13,12886.442,17585.762,-583.66296,-1.8070129,-458.2698,Thursday,March,2025,Kacang Hijau
2025-03-14,12885.921,17543.14,-599.9125,-1.8538365,-478.15814,Friday,March,2025,Kacang Hijau
2025-03-15,12883.818,17539.154,-586.8258,-1.8282775,-464.32092,Saturday,March,2025,Kacang Hijau
2025-03-16,12881.872,17573.863,-560.57684,-1.765362,-434.32806,Sunday,March,2025,Kacang Hijau
2025-03-17,12881.307,17623.043,-546.3624,-1.7192329,-416.95474,Monday,March,2025,Kacang Hijau
2025-03-18,12882.353,17650.37,-549.4345,-1.7083867,-418.51697,Tuesday,March,2025,Kacang Hijau
2025-03-19,12884.178,17634.336,-564.70807,-1.741892,-436.79303,Wednesday,March,2025,Kacang Hijau
2025-03-20,12885.643,17586.877,-592.0035,-1.8163623,-469.15646,Thursday,March,2025,Kacang Hijau
2025-03-21,12885.114,17544.357,-607.40466,-1.8634044,-487.9468,Friday,March,2025,Kacang Hijau
2025-03-22,12883.032,17540.645,-593.0364,-1.8365946,-472.57535,Saturday,March,2025,Kacang Hijau
2025-03-23,12881.094,17575.672,-565.5421,-1.7720753,-441.1051,Sunday,March,2025,Kacang Hijau
2025-03-24,12880.526,17624.916,-550.36536,-1.72469,-422.50806,Monday,March,2025,Kacang Hijau
2025-03-25,12881.597,17652.164,-552.8518,-1.7132741,-423.24643,Tuesday,March,2025,Kacang Hijau
2025-03-26,12883.473,17636.018,-567.76196,-1.7466838,-441.007,Wednesday,March,2025,Kacang Hijau
2025-03-27,12885.007,17588.406,-594.72736,-1.8210664,-472.91992,Thursday,March,2025,Kacang Hijau
2025-03-28,12884.544,17545.783,-609.7446,-1.8677689,-491.20822,Friday,March,2025,Kacang Hijau
2025-03-29,12882.519,17542.043,-594.94385,-1.8403738,-475.28098,Saturday,March,2025,Kacang Hijau
2025-03-30,12880.631,17577.043,-567.04785,-1.7751572,-443.26746,Sunday,March,2025,Kacang Hijau
2025-03-31,12880.107,17626.21,-551.5483,-1.7272013,-424.21762,Monday,March,2025,Kacang Hijau
2025-04-01,12881.229,17653.342,-553.8092,-1.7153673,-424.6243,Tuesday,April,2025,Kacang Hijau
2025-04-02,12883.372,17645.91,-558.1375,-1.7159015,-430.68677,Wednesday,April,2025,Kacang Hijau
2025-04-03,12884.916,17611.137,-573.3607,-1.7628474,-450.7338,Thursday,April,2025,Kacang Hijau
2025-04-04,12885.198,17578.604,-578.86237,-1.7864755,-457.62112,Friday,April,2025,Kacang Hijau
2025-04-05,12885.024,17572.62,-560.10547,-1.741456,-433.56122,Saturday,April,2025,Kacang Hijau
2025-04-06,12885.04,17598.78,-533.0614,-1.6714178,-400.63907,Sunday,April,2025,Kacang Hijau
2025-04-07,12886.029,17637.844,-517.79865,-1.6189426,-383.13327,Monday,April,2025,Kacang Hijau
2025-04-08,12887.789,17658.174,-518.5489,-1.6038178,-384.78918,Tuesday,April,2025,Kacang Hijau
2025-04-09,12889.564,17643.021,-533.0944,-1.6381313,-403.11282,Wednesday,April,2025,Kacang Hijau
2025-04-10,12890.537,17603.748,-557.95087,-1.7119992,-432.6747,Thursday,April,2025,Kacang Hijau
2025-04-11,12890.233,17568.855,-571.0567,-1.7556461,-447.14597,Friday,April,2025,Kacang Hijau
2025-04-12,12889.486,17561.61,-557.25275,-1.723656,-428.6466,Saturday,April,2025,Kacang Hijau
2025-04-13,12888.916,17587.04,-533.0986,-1.6609432,-399.6746,Sunday,April,2025,Kacang Hijau
2025-04-14,12889.211,17625.59,-519.5554,-1.6132166,-384.88242,Monday,April,2025,Kacang Hijau
2025-04-15,12890.264,17646.082,-522.42255,-1.6028373,-388.88324,Tuesday,April,2025,Kacang Hijau
2025-04-16,12891.293,17631.959,-538.1975,-1.6421056,-408.86734,Wednesday,April,2025,Kacang Hijau
2025-04-17,12891.731,17593.846,-564.3623,-1.7195793,-439.6104,Thursday,April,2025,Kacang Hijau
2025-04-18,12891.035,17560.355,-577.70996,-1.7645026,-454.18817,Friday,April,2025,Kacang Hijau
2025-04-19,12890.008,17554.629,-563.27496,-1.7318993,-434.9446,Saturday,April,2025,Kacang Hijau
2025-04-20,12889.205,17581.281,-538.0999,-1.6676425,-404.82895,Sunday,April,2025,Kacang Hijau
2025-04-21,12889.322,17620.762,-523.7801,-1.6187217,-389.1253,Monday,April,2025,Kacang Hijau
2025-04-22,12890.245,17641.99,-526.18787,-1.6078284,-392.5462,Tuesday,April,2025,Kacang Hijau
2025-04-23,12891.197,17628.465,-541.6945,-1.646934,-412.15616,Wednesday,April,2025,Kacang Hijau
2025-04-24,12891.6,17590.904,-567.60077,-1.7242109,-442.58936,Thursday,April,2025,Kacang Hijau
2025-04-25,12890.883,17557.953,-580.5311,-1.7686173,-456.72766,Friday,April,2025,Kacang Hijau
2025-04-26,12889.851,17552.703,-565.6042,-1.7352449,-436.95398,Saturday,April,2025,Kacang Hijau
2025-04-27,12889.041,17579.729,-539.92816,-1.6701728,-406.3006,Sunday,April,2025,Kacang Hijau
2025-04-28,12889.165,17619.5,-525.24384,-1.6206344,-390.1961,Monday,April,2025,Kacang Hijau
2025-04-29,12890.108,17640.936,-527.3794,-1.6092728,-393.33096,Tuesday,April,2025,Kacang Hijau
2025-04-30,12891.083,17627.582,-542.6571,-1.648016,-412.7276,Wednesday,April,2025,Kacang Hijau
2025-05-01,12891.508,17590.172,-568.36285,-1.7249986,-442.99252,Thursday,May,2025,Kacang Hijau
2025-05-02,12891.536,17567.291,-565.73047,-1.7173638,-437.96762,Friday,May,2025,Kacang Hijau
2025-05-03,12891.558,17565.365,-537.76526,-1.650292,-403.63248,Saturday,May,2025,Kacang Hijau
2025-05-04,12892.265,17588.082,-501.777,-1.5615836,-362.47324,Sunday,May,2025,Kacang Hijau
2025-05-05,12892.397,17624.207,-462.77383,-1.4981594,-333.69986,Monday,May,2025,Kacang Hijau
2025-05-06,12893.736,17642.654,-447.8623,-1.4719809,-326.4665,Tuesday,May,2025,Kacang Hijau
2025-05-07,12897.201,17626.654,-475.57892,-1.4990693,-345.16794,Wednesday,May,2025,Kacang Hijau
2025-05-08,12898.47,17592.35,-497.64255,-1.5610728,-368.83517,Thursday,May,2025,Kacang Hijau
2025-05-09,12898.458,17561.959,-506.513,-1.5941151,-377.5293,Friday,May,2025,Kacang Hijau
2025-05-10,12898.4,17554.273,-492.84515,-1.5638713,-357.81494,Saturday,May,2025,Kacang Hijau
2025-05-11,12898.915,17572.025,-468.64386,-1.5024369,-328.8318,Sunday,May,2025,Kacang Hijau
2025-05-12,12898.39,17604.912,-437.37766,-1.4588524,-308.98087,Monday,May,2025,Kacang Hijau
2025-05-13,12899.165,17621.398,-432.55582,-1.4476852,-309.92984,Tuesday,May,2025,Kacang Hijau
2025-05-14,12901.839,17605.525,-468.11346,-1.4868661,-335.14737,Wednesday,May,2025,Kacang Hijau
2025-05-15,12901.944,17573.695,-492.11615,-1.5576159,-362.723,Thursday,May,2025,Kacang Hijau
2025-05-16,12901.231,17545.379,-504.30923,-1.5954145,-374.57306,Friday,May,2025,Kacang Hijau
2025-05-17,12900.619,17539.805,-492.3459,-1.5670416,-356.44675,Saturday,May,2025,Kacang Hijau
2025-05-18,12900.679,17559.154,-468.79913,-1.5057253,-327.93256,Sunday,May,2025,Kacang Hijau
2025-05-19,12899.998,17592.836,-440.2822,-1.4619807,-309.08768,Monday,May,2025,Kacang Hijau
2025-05-20,12900.415,17610.68,-435.56918,-1.4512019,-310.33755,Tuesday,May,2025,Kacang Hijau
2025-05-21,12902.648,17596.477,-469.80212,-1.491037,-335.50928,Wednesday,May,2025,Kacang Hijau
2025-05-22,12902.557,17565.93,-494.19064,-1.5619757,-363.53522,Thursday,May,2025,Kacang Hijau
2025-05-23,12901.688,17538.816,-506.41006,-1.5994418,-375.50378,Friday,May,2025,Kacang Hijau
2025-05-24,12900.96,17534.314,-494.22858,-1.5703803,-357.2255,Saturday,May,2025,Kacang Hijau
2025-05-25,12900.926,17554.479,-470.33743,-1.5082631,-328.3956,Sunday,May,2025,Kacang Hijau
2025-05-26,12900.166,17588.879,-441.3957,-1.4639053,-309.26627,Monday,May,2025,Kacang Hijau
2025-05-27,12900.532,17607.307,-436.35938,-1.4526529,-310.3302,Tuesday,May,2025,Kacang Hijau
2025-05-28,12902.77,17593.52,-470.7208,-1.4920807,-335.50504,Wednesday,May,2025,Kacang Hijau
2025-05-29,12902.659,17563.43,-494.96362,-1.5627213,-363.4832,Thursday,May,2025,Kacang Hijau
2025-05-30,12901.775,17536.71,-507.03793,-1.5999224,-375.39603,Friday,May,2025,Kacang Hijau
2025-05-31,12901.032,17532.54,-494.73297,-1.5706667,-357.07504,Saturday,May,2025,Kacang Hijau
2025-06-01,12900.982,17552.986,-470.73196,-1.5084218,-328.2103,Sunday,June,2025,Kacang Hijau
2025-06-02,12899.749,17594.967,-415.9561,-1.4250376,-290.04733,Monday,June,2025,Kacang Hijau
2025-06-03,12897.425,17620.652,-383.64426,-1.3417407,-283.8736,Tuesday,June,2025,Kacang Hijau
2025-06-04,12901.341,17605.973,-398.14227,-1.3565822,-288.99356,Wednesday,June,2025,Kacang Hijau
2025-06-05,12906.902,17567.295,-432.688,-1.4188817,-302.62445,Thursday,June,2025,Kacang Hijau
2025-06-06,12906.896,17541.34,-434.32864,-1.4345825,-306.7053,Friday,June,2025,Kacang Hijau
2025-06-07,12906.878,17534.104,-417.26962,-1.3978908,-285.17334,Saturday,June,2025,Kacang Hijau
2025-06-08,12903.956,17554.879,-376.619,-1.313412,-260.7433,Sunday,June,2025,Kacang Hijau
2025-06-09,12899.723,17584.738,-343.64352,-1.2478802,-262.79398,Monday,June,2025,Kacang Hijau
2025-06-10,12898.608,17599.07,-331.11993,-1.2088764,-267.05,Tuesday,June,2025,Kacang Hijau
2025-06-11,12903.005,17582.941,-358.993,-1.2541002,-277.28308,Wednesday,June,2025,Kacang Hijau
2025-06-12,12910.365,17541.904,-405.70743,-1.3669212,-288.58408,Thursday,June,2025,Kacang Hijau
2025-06-13,12911.245,17515.797,-416.24902,-1.4172399,-292.16965,Friday,June,2025,Kacang Hijau
2025-06-14,12910.422,17511.666,-404.4013,-1.3878222,-275.1941,Saturday,June,2025,Kacang Hijau
2025-06-15,12906.122,17536.19,-371.39185,-1.2929521,-259.98163,Sunday,June,2025,Kacang Hijau
2025-06-16,12901.184,17569.197,-337.4331,-1.2262472,-260.60938,Monday,June,2025,Kacang Hijau
2025-06-17,12899.59,17586.355,-325.41068,-1.1898572,-264.46246,Tuesday,June,2025,Kacang Hijau
2025-06-18,12904.235,17570.502,-358.61945,-1.249306,-276.82257,Wednesday,June,2025,Kacang Hijau
2025-06-19,12911.294,17531.146,-404.89792,-1.3702295,-288.36096,Thursday,June,2025,Kacang Hijau
2025-06-20,12912.004,17506.504,-416.86594,-1.4230925,-292.93634,Friday,June,2025,Kacang Hijau
2025-06-21,12910.97,17503.928,-405.46262,-1.3933536,-276.3413,Saturday,June,2025,Kacang Hijau
2025-06-22,12906.801,17529.105,-374.4165,-1.2988162,-261.15317,Sunday,June,2025,Kacang Hijau
2025-06-23,12901.436,17564.275,-338.08395,-1.2266984,-260.6233,Monday,June,2025,Kacang Hijau
2025-06-24,12899.643,17582.838,-325.18738,-1.1886184,-264.00723,Tuesday,June,2025,Kacang Hijau
2025-06-25,12904.4,17567.102,-359.58792,-1.2514249,-276.89404,Wednesday,June,2025,Kacang Hijau
2025-06-26,12911.439,17528.127,-405.79663,-1.3736264,-288.52158,Thursday,June,2025,Kacang Hijau
2025-06-27,12912.051,17504.055,-417.81332,-1.4256411,-293.55994,Friday,June,2025,Kacang Hijau
2025-06-28,12910.993,17501.893,-406.34277,-1.3955754,-276.9348,Saturday,June,2025,Kacang Hijau
2025-06-29,12906.866,17527.318,-375.29962,-1.3012266,-261.46368,Sunday,June,2025,Kacang Hijau
2025-06-30,12901.397,17563.105,-338.23145,-1.2273259,-260.61105,Monday,June,2025,Kacang Hijau
2025-07-01,12899.572,17582.033,-325.0532,-1.1885748,-263.86398,Tuesday,July,2025,Kacang Hijau
2025-07-02,12902.384,17574.816,-338.821,-1.1913462,-271.56934,Wednesday,July,2025,Kacang Hijau
2025-07-03,12908.948,17539.645,-373.12164,-1.2503836,-281.06067,Thursday,July,2025,Kacang Hijau
2025-07-04,12911.033,17514.523,-371.62897,-1.282904,-274.2838,Friday,July,2025,Kacang Hijau
2025-07-05,12908.699,17516.668,-349.24774,-1.2242372,-259.53146,Saturday,July,2025,Kacang Hijau
2025-07-06,12904.552,17535.496,-319.21143,-1.149878,-251.59721,Sunday,July,2025,Kacang Hijau
2025-07-07,12900.923,17556.656,-289.94296,-1.1128811,-253.43901,Monday,July,2025,Kacang Hijau
2025-07-08,12899.835,17568.385,-277.8412,-1.0850348,-259.0533,Tuesday,July,2025,Kacang Hijau
2025-07-09,12901.268,17567.238,-283.10165,-1.0630013,-263.15158,Wednesday,July,2025,Kacang Hijau
2025-07-10,12907.522,17536.922,-322.9956,-1.1286169,-274.12378,Thursday,July,2025,Kacang Hijau
2025-07-11,12909.765,17512.686,-328.43777,-1.1814654,-268.33536,Friday,July,2025,Kacang Hijau
2025-07-12,12907.851,17514.342,-313.96094,-1.146849,-254.58064,Saturday,July,2025,Kacang Hijau
2025-07-13,12904.917,17529.191,-298.46744,-1.0986011,-250.10959,Sunday,July,2025,Kacang Hijau
2025-07-14,12901.534,17549.52,-275.18124,-1.0765384,-252.96654,Monday,July,2025,Kacang Hijau
2025-07-15,12900.439,17561.783,-267.2458,-1.0584534,-259.46088,Tuesday,July,2025,Kacang Hijau
2025-07-16,12901.77,17561.959,-275.82465,-1.04373,-264.43942,Wednesday,July,2025,Kacang Hijau
2025-07-17,12907.674,17532.855,-315.0176,-1.1188047,-275.11008,Thursday,July,2025,Kacang Hijau
2025-07-18,12909.9795,17508.521,-323.1044,-1.1774944,-269.70844,Friday,July,2025,Kacang Hijau
2025-07-19,12908.058,17510.504,-310.2427,-1.1461692,-255.94765,Saturday,July,2025,Kacang Hijau
2025-07-20,12905.251,17525.732,-298.02194,-1.0956105,-251.82858,Sunday,July,2025,Kacang Hijau
2025-07-21,12901.72,17546.996,-274.60593,-1.0736438,-254.20346,Monday,July,2025,Kacang Hijau
2025-07-22,12900.538,17559.93,-266.82333,-1.0562301,-260.4538,Tuesday,July,2025,Kacang Hijau
2025-07-23,12901.845,17560.523,-275.90607,-1.042982,-265.4425,Wednesday,July,2025,Kacang Hijau
2025-07-24,12907.702,17531.412,-314.7053,-1.122021,-275.99915,Thursday,July,2025,Kacang Hijau
2025-07-25,12910.058,17506.863,-323.42465,-1.1820719,-270.69696,Friday,July,2025,Kacang Hijau
2025-07-26,12908.126,17508.953,-310.74905,-1.1507721,-256.88052,Saturday,July,2025,Kacang Hijau
2025-07-27,12905.259,17524.705,-298.49832,-1.0975475,-252.53171,Sunday,July,2025,Kacang Hijau
2025-07-28,12901.693,17546.332,-275.01843,-1.0746288,-254.73573,Monday,July,2025,Kacang Hijau
2025-07-29,12900.485,17559.516,-267.05896,-1.0568715,-260.82364,Tuesday,July,2025,Kacang Hijau
2025-07-30,12901.855,17559.928,-276.58875,-1.0448974,-265.94162,Wednesday,July,2025,Kacang Hijau
2025-07-31,12907.701,17530.816,-315.12277,-1.1244155,-276.39777,Thursday,July,2025,Kacang Hijau
2025-08-01,12910.066,17506.246,-323.8894,-1.184442,-271.0815,Friday,August,2025,Kacang Hijau
2025-08-02,12906.432,17516.307,-299.19052,-1.1192498,-256.7155,Saturday,August,2025,Kacang Hijau
2025-08-03,12903.379,17532.441,-284.6322,-1.0747594,-254.86838,Sunday,August,2025,Kacang Hijau
2025-08-04,12899.586,17555.03,-258.8968,-1.0531371,-258.74808,Monday,August,2025,Kacang Hijau
2025-08-05,12898.422,17570.186,-248.3509,-1.0323153,-268.1809,Tuesday,August,2025,Kacang Hijau
2025-08-06,12900.355,17570.764,-255.75966,-1.0103426,-277.61948,Wednesday,August,2025,Kacang Hijau
2025-08-07,12903.891,17552.738,-267.75275,-1.0002068,-279.12686,Thursday,August,2025,Kacang Hijau
2025-08-08,12905.477,17532.396,-263.61465,-1.0236065,-268.58344,Friday,August,2025,Kacang Hijau
2025-08-09,12903.52,17533.008,-249.36678,-1.0087583,-254.30835,Saturday,August,2025,Kacang Hijau
2025-08-10,12901.958,17539.602,-247.7783,-1.0086875,-254.87213,Sunday,August,2025,Kacang Hijau
2025-08-11,12899.741,17554.953,-240.12639,-1.0075817,-263.11832,Monday,August,2025,Kacang Hijau
2025-08-12,12898.666,17568.82,-234.64816,-0.9990924,-273.6065,Tuesday,August,2025,Kacang Hijau
2025-08-13,12900.542,17569.705,-246.12447,-0.9857322,-283.9233,Wednesday,August,2025,Kacang Hijau
2025-08-14,12902.813,17556.701,-250.14658,-0.967585,-281.68906,Thursday,August,2025,Kacang Hijau
2025-08-15,12904.414,17536.742,-248.5648,-0.99451625,-270.47336,Friday,August,2025,Kacang Hijau
2025-08-16,12902.855,17535.463,-238.77621,-0.9921634,-256.45316,Saturday,August,2025,Kacang Hijau
2025-08-17,12901.472,17540.766,-239.81726,-0.998438,-256.7343,Sunday,August,2025,Kacang Hijau
2025-08-18,12899.805,17554.457,-238.69121,-1.0005659,-266.2523,Monday,August,2025,Kacang Hijau
2025-08-19,12898.712,17568.451,-234.06831,-0.9946012,-276.54788,Tuesday,August,2025,Kacang Hijau
2025-08-20,12900.576,17569.693,-246.32285,-0.9831382,-286.78345,Wednesday,August,2025,Kacang Hijau
2025-08-21,12902.553,17557.52,-247.7692,-0.96674407,-283.40222,Thursday,August,2025,Kacang Hijau
2025-08-22,12904.227,17537.217,-247.06888,-0.995363,-272.03973,Friday,August,2025,Kacang Hijau
2025-08-23,12902.655,17536.002,-237.47633,-0.9928336,-257.64914,Saturday,August,2025,Kacang Hijau
2025-08-24,12901.274,17541.275,-238.7512,-0.9992349,-257.6521,Sunday,August,2025,Kacang Hijau
2025-08-25,12899.797,17554.508,-239.67911,-1.0013919,-267.54733,Monday,August,2025,Kacang Hijau
2025-08-26,12898.69,17568.586,-235.01,-0.9956433,-277.6473,Tuesday,August,2025,Kacang Hijau
2025-08-27,12900.552,17569.928,-247.2595,-0.9843376,-287.7508,Wednesday,August,2025,Kacang Hijau
2025-08-28,12902.467,17557.766,-247.87404,-0.969362,-284.04602,Thursday,August,2025,Kacang Hijau
2025-08-29,12904.179,17537.22,-247.41704,-0.99845,-272.6674,Friday,August,2025,Kacang Hijau
2025-08-30,12902.57,17536.174,-237.57626,-0.9947514,-258.0714,Saturday,August,2025,Kacang Hijau
2025-08-31,12901.179,17541.52,-238.77588,-1.0006528,-257.96198,Sunday,August,2025,Kacang Hijau
2025-09-01,12899.761,17554.637,-240.24646,-1.0025222,-267.95242,Monday,September,2025,Kacang Hijau
2025-09-02,12898.335,17571.879,-236.64886,-0.9986092,-280.78342,Tuesday,September,2025,Kacang Hijau
2025-09-03,12900.601,17573.518,-249.69554,-0.98449856,-293.61517,Wednesday,September,2025,Kacang Hijau
2025-09-04,12902.6045,17558.426,-243.39928,-0.9763092,-290.0507,Thursday,September,2025,Kacang Hijau
2025-09-05,12904.516,17533.898,-241.3776,-1.0109859,-279.2631,Friday,September,2025,Kacang Hijau
2025-09-06,12901.476,17535.627,-223.00542,-0.9917849,-261.69577,Saturday,September,2025,Kacang Hijau
2025-09-07,12898.583,17547.562,-220.10065,-0.9991399,-261.07162,Sunday,September,2025,Kacang Hijau
2025-09-08,12896.825,17566.23,-228.21286,-1.005056,-275.26157,Monday,September,2025,Kacang Hijau
2025-09-09,12896.114,17583.895,-230.65073,-1.0007534,-290.71967,Tuesday,September,2025,Kacang Hijau
2025-09-10,12898.005,17586.11,-236.38791,-0.9832281,-301.85135,Wednesday,September,2025,Kacang Hijau
2025-09-11,12899.675,17571.727,-226.49399,-0.95673364,-295.89706,Thursday,September,2025,Kacang Hijau
2025-09-12,12900.677,17549.705,-219.31409,-0.96517724,-280.81317,Friday,September,2025,Kacang Hijau
2025-09-13,12898.884,17545.139,-208.2665,-0.96898156,-264.45422,Saturday,September,2025,Kacang Hijau
2025-09-14,12896.677,17552.824,-209.15671,-0.98499155,-263.75644,Sunday,September,2025,Kacang Hijau
2025-09-15,12895.379,17569.094,-219.65605,-0.9942066,-277.77026,Monday,September,2025,Kacang Hijau
2025-09-16,12895.004,17585.367,-223.47351,-0.9910361,-293.05627,Tuesday,September,2025,Kacang Hijau
2025-09-17,12897.244,17586.537,-230.81139,-0.97382605,-304.2168,Wednesday,September,2025,Kacang Hijau
2025-09-18,12899.078,17571.406,-222.02678,-0.94732285,-298.08438,Thursday,September,2025,Kacang Hijau
2025-09-19,12899.82,17550.766,-213.01007,-0.9471144,-281.3349,Friday,September,2025,Kacang Hijau
2025-09-20,12898.403,17544.92,-203.93375,-0.95767736,-265.12552,Saturday,September,2025,Kacang Hijau
2025-09-21,12896.398,17551.76,-205.83269,-0.9766105,-264.30136,Sunday,September,2025,Kacang Hijau
2025-09-22,12895.216,17567.672,-216.96921,-0.98740304,-278.19406,Monday,September,2025,Kacang Hijau
2025-09-23,12894.906,17583.906,-221.23743,-0.9853051,-293.42297,Tuesday,September,2025,Kacang Hijau
2025-09-24,12897.208,17585.13,-229.07002,-0.9688788,-304.5912,Wednesday,September,2025,Kacang Hijau
2025-09-25,12899.045,17570.084,-220.67532,-0.9429125,-298.4264,Thursday,September,2025,Kacang Hijau
2025-09-26,12899.752,17549.709,-211.65437,-0.94233006,-281.4509,Friday,September,2025,Kacang Hijau
2025-09-27,12898.39,17543.834,-202.87506,-0.9540918,-265.18683,Saturday,September,2025,Kacang Hijau
2025-09-28,12896.408,17550.691,-204.95554,-0.97372526,-264.30807,Sunday,September,2025,Kacang Hijau
2025-09-29,12895.234,17566.67,-216.22887,-0.9850269,-278.15842,Monday,September,2025,Kacang Hijau
2025-09-30,12894.944,17582.977,-220.81476,-0.98334235,-293.43127,Tuesday,September,2025,Kacang Hijau
2025-10-01,12897.228,17584.371,-228.5874,-0.9672737,-304.54666,Wednesday,October,2025,Kacang Hijau
2025-10-02,12899.093,17562.8,-222.31358,-0.96062547,-297.91754,Thursday,October,2025,Kacang Hijau
2025-10-03,12902.018,17527.664,-231.14105,-1.0373566,-288.5788,Friday,October,2025,Kacang Hijau
2025-10-04,12898.989,17526.3,-215.65721,-1.0369625,-269.22882,Saturday,October,2025,Kacang Hijau
2025-10-05,12893.986,17552.256,-207.94876,-1.0312883,-265.46793,Sunday,October,2025,Kacang Hijau
2025-10-06,12891.258,17581.86,-217.8107,-1.0418981,-279.6458,Monday,October,2025,Kacang Hijau
2025-10-07,12890.866,17605.207,-228.65483,-1.0443654,-297.37848,Tuesday,October,2025,Kacang Hijau
2025-10-08,12892.646,17605.59,-228.12349,-1.0227673,-304.5697,Wednesday,October,2025,Kacang Hijau
2025-10-09,12896.499,17576.473,-229.01135,-1.0355799,-301.6311,Thursday,October,2025,Kacang Hijau
2025-10-10,12899.63,17538.152,-235.59259,-1.0948871,-292.6815,Friday,October,2025,Kacang Hijau
2025-10-11,12895.991,17536.01,-216.4416,-1.0707949,-272.0571,Saturday,October,2025,Kacang Hijau
2025-10-12,12891.002,17560.53,-207.71873,-1.0520514,-267.53366,Sunday,October,2025,Kacang Hijau
2025-10-13,12888.629,17588.148,-217.18256,-1.053553,-281.04294,Monday,October,2025,Kacang Hijau
2025-10-14,12888.79,17609.22,-227.62825,-1.0485611,-298.26755,Tuesday,October,2025,Kacang Hijau
2025-10-15,12891.114,17607.408,-226.44174,-1.0212085,-305.02963,Wednesday,October,2025,Kacang Hijau
2025-10-16,12894.685,17581.281,-220.95459,-1.0098768,-299.2528,Thursday,October,2025,Kacang Hijau
2025-10-17,12897.797,17544.625,-225.41985,-1.060069,-289.63193,Friday,October,2025,Kacang Hijau
2025-10-18,12894.314,17542.225,-206.61841,-1.0355891,-269.09787,Saturday,October,2025,Kacang Hijau
2025-10-19,12890.216,17562.684,-202.83409,-1.0332634,-266.6031,Sunday,October,2025,Kacang Hijau
2025-10-20,12888.303,17588.055,-214.16922,-1.0402147,-280.86856,Monday,October,2025,Kacang Hijau
2025-10-21,12888.567,17608.45,-223.773,-1.0373434,-297.97095,Tuesday,October,2025,Kacang Hijau
2025-10-22,12891.216,17605.72,-224.58505,-1.0108687,-305.4208,Wednesday,October,2025,Kacang Hijau
2025-10-23,12894.486,17581.463,-216.62709,-0.99056023,-298.47116,Thursday,October,2025,Kacang Hijau
2025-10-24,12897.514,17545.695,-220.60376,-1.0393305,-288.5139,Friday,October,2025,Kacang Hijau
2025-10-25,12894.101,17543.229,-202.20819,-1.0169337,-267.93436,Saturday,October,2025,Kacang Hijau
2025-10-26,12890.304,17562.236,-200.46364,-1.0224253,-266.21304,Sunday,October,2025,Kacang Hijau
2025-10-27,12888.505,17586.922,-212.61475,-1.0324978,-280.78888,Monday,October,2025,Kacang Hijau
2025-10-28,12888.689,17607.395,-221.5072,-1.0313151,-297.7167,Tuesday,October,2025,Kacang Hijau
2025-10-29,12891.447,17604.41,-223.6978,-1.0057783,-305.59253,Wednesday,October,2025,Kacang Hijau
2025-10-30,12894.604,17580.66,-215.37057,-0.9841155,-298.39874,Thursday,October,2025,Kacang Hijau
2025-10-31,12897.589,17545.117,-219.39642,-1.0332778,-288.3552,Friday,October,2025,Kacang Hijau
2025-11-01,12894.186,17542.668,-201.17574,-1.0119087,-267.7471,Saturday,November,2025,Kacang Hijau
2025-11-02,12889.473,17564.123,-199.24878,-1.034045,-262.00714,Sunday,November,2025,Kacang Hijau
2025-11-03,12886.874,17596.53,-215.47525,-1.0690452,-275.1103,Monday,November,2025,Kacang Hijau
2025-11-04,12886.815,17621.662,-231.5318,-1.0891767,-290.10715,Tuesday,November,2025,Kacang Hijau
2025-11-05,12890.483,17610.002,-243.78767,-1.1155564,-297.66922,Wednesday,November,2025,Kacang Hijau
2025-11-06,12898.93,17545.766,-273.32916,-1.2350585,-303.32004,Thursday,November,2025,Kacang Hijau
2025-11-07,12904.901,17480.758,-299.7263,-1.3622733,-301.7628,Friday,November,2025,Kacang Hijau
2025-11-08,12901.839,17471.387,-291.7196,-1.3685874,-286.9798,Saturday,November,2025,Kacang Hijau
2025-11-09,12892.567,17518.992,-263.82178,-1.2748293,-274.05612,Sunday,November,2025,Kacang Hijau
2025-11-10,12885.129,17579.523,-247.84071,-1.1862203,-274.71823,Monday,November,2025,Kacang Hijau
2025-11-11,12883.623,17617.814,-250.39067,-1.1555588,-285.2652,Tuesday,November,2025,Kacang Hijau
2025-11-12,12887.673,17608.828,-257.7995,-1.16242,-292.55963,Wednesday,November,2025,Kacang Hijau
2025-11-13,12895.946,17548.88,-279.02383,-1.251623,-296.69748,Thursday,November,2025,Kacang Hijau
2025-11-14,12901.633,17489.262,-298.68616,-1.3529679,-295.0204,Friday,November,2025,Kacang Hijau
2025-11-15,12898.456,17483.178,-286.6387,-1.3433441,-280.33606,Saturday,November,2025,Kacang Hijau
2025-11-16,12889.388,17531.97,-257.01108,-1.2429379,-267.7739,Sunday,November,2025,Kacang Hijau
2025-11-17,12883.259,17587.973,-246.2716,-1.1724684,-271.99466,Monday,November,2025,Kacang Hijau
2025-11-18,12881.993,17624.86,-244.38551,-1.146796,-282.5727,Tuesday,November,2025,Kacang Hijau
2025-11-19,12886.011,17618.723,-250.08104,-1.1265674,-289.18744,Wednesday,November,2025,Kacang Hijau
2025-11-20,12894.069,17562.076,-267.57663,-1.2040995,-292.4271,Thursday,November,2025,Kacang Hijau
2025-11-21,12899.775,17503.945,-285.96393,-1.3031987,-290.4968,Friday,November,2025,Kacang Hijau
2025-11-22,12896.883,17496.764,-274.614,-1.2978941,-276.04312,Saturday,November,2025,Kacang Hijau
2025-11-23,12888.246,17543.465,-246.90779,-1.2049942,-264.3925,Sunday,November,2025,Kacang Hijau
2025-11-24,12883.105,17594.285,-241.96504,-1.1553335,-271.49258,Monday,November,2025,Kacang Hijau
2025-11-25,12881.912,17629.158,-238.81223,-1.137153,-282.25946,Tuesday,November,2025,Kacang Hijau
2025-11-26,12885.907,17623.314,-245.47182,-1.1078138,-288.89093,Wednesday,November,2025,Kacang Hijau
2025-11-27,12893.835,17567.277,-262.414,-1.1838685,-291.8398,Thursday,November,2025,Kacang Hijau
2025-11-28,12899.542,17508.938,-281.03772,-1.2847575,-289.7186,Friday,November,2025,Kacang Hijau
2025-11-29,12896.746,17500.805,-270.3921,-1.282773,-275.25555,Saturday,November,2025,Kacang Hijau
2025-11-30,12888.23,17546.516,-243.60593,-1.1934668,-263.87244,Sunday,November,2025,Kacang Hijau
2025-12-01,12883.318,17595.732,-240.39053,-1.1500047,-271.68533,Monday,December,2025,Kacang Hijau
2025-12-02,12883.591,17620.557,-251.49591,-1.1654972,-280.39185,Tuesday,December,2025,Kacang Hijau
2025-12-03,12891.305,17586.727,-286.65717,-1.2604235,-292.21204,Wednesday,December,2025,Kacang Hijau
2025-12-04,12902.699,17498.969,-332.02115,-1.432077,-300.15506,Thursday,December,2025,Kacang Hijau
2025-12-05,12911.108,17413.406,-373.69827,-1.6070082,-302.78867,Friday,December,2025,Kacang Hijau
2025-12-06,12907.393,17398.39,-375.77716,-1.6193436,-299.3301,Saturday,December,2025,Kacang Hijau
2025-12-07,12899.298,17448.438,-353.14725,-1.5510978,-282.03708,Sunday,December,2025,Kacang Hijau
2025-12-08,12890.856,17520.863,-336.9956,-1.459721,-282.61642,Monday,December,2025,Kacang Hijau
2025-12-09,12889.037,17565.5,-339.66742,-1.4290217,-290.1082,Tuesday,December,2025,Kacang Hijau
2025-12-10,12894.501,17547.441,-355.60287,-1.4659597,-296.5216,Wednesday,December,2025,Kacang Hijau
2025-12-11,12904.091,17473.52,-383.58337,-1.5793272,-300.78336,Thursday,December,2025,Kacang Hijau
2025-12-12,12907.864,17407.87,-406.0708,-1.6658242,-311.0393,Friday,December,2025,Kacang Hijau
2025-12-13,12903.275,17404.56,-395.43076,-1.6438993,-303.1975,Saturday,December,2025,Kacang Hijau
2025-12-14,12896.359,17458.389,-365.33243,-1.5701088,-276.76974,Sunday,December,2025,Kacang Hijau
2025-12-15,12887.655,17535.938,-342.93277,-1.4594467,-276.946,Monday,December,2025,Kacang Hijau
2025-12-16,12884.83,17587.25,-330.8781,-1.4126246,-281.63925,Tuesday,December,2025,Kacang Hijau
2025-12-17,12890.969,17572.71,-350.02228,-1.4339234,-290.5861,Wednesday,December,2025,Kacang Hijau
2025-12-18,12900.358,17503.523,-372.7367,-1.5342716,-294.50552,Thursday,December,2025,Kacang Hijau
2025-12-19,12906.81,17434.996,-393.92227,-1.6464156,-293.44815,Friday,December,2025,Kacang Hijau
2025-12-20,12902.832,17431.426,-383.42706,-1.6316966,-285.28647,Saturday,December,2025,Kacang Hijau
2025-12-21,12893.554,17488.451,-352.63416,-1.529943,-272.27557,Sunday,December,2025,Kacang Hijau
2025-12-22,12885.477,17562.684,-331.9886,-1.4258964,-274.02078,Monday,December,2025,Kacang Hijau
2025-12-23,12882.538,17612.582,-315.34433,-1.3825967,-278.23196,Tuesday,December,2025,Kacang Hijau
2025-12-24,12889.436,17595.168,-340.41708,-1.4050148,-289.4801,Wednesday,December,2025,Kacang Hijau
2025-12-25,12898.954,17524.63,-363.37402,-1.5067416,-293.61493,Thursday,December,2025,Kacang Hijau
2025-12-26,12905.604,17454.283,-385.33963,-1.6223387,-292.68613,Friday,December,2025,Kacang Hijau
2025-12-27,12902.655,17446.8,-376.8728,-1.6219463,-281.9695,Saturday,December,2025,Kacang Hijau
2025-12-28,12892.994,17502.373,-347.0905,-1.5173389,-272.30972,Sunday,December,2025,Kacang Hijau
2025-12-29,12885.177,17573.977,-327.81064,-1.4176654,-274.52487,Monday,December,2025,Kacang Hijau
2025-12-30,12882.515,17621.398,-313.53967,-1.3771427,-279.4474,Tuesday,December,2025,Kacang Hijau
2025-12-31,12889.352,17602.621,-338.13712,-1.401988,-290.4466,Wednesday,December,2025,Kacang Hijau
2024-01-01,9395.222,9053.413,25821.752,55.381374,151008.16,Monday,January,2024,Beras Medium
2024-01-02,9394.985,8950.341,26585.658,55.381252,159075.45,Tuesday,January,2024,Beras Medium
2024-01-03,9403.047,8909.4375,27244.602,55.401707,164512.03,Wednesday,January,2024,Beras Medium
2024-01-04,9417.994,8907.244,27767.893,55.417606,167603.56,Thursday,January,2024,Beras Medium
2024-01-05,9424.257,8928.192,27885.732,55.40846,166091.44,Friday,January,2024,Beras Medium
2024-01-06,9406.277,8982.319,27733.668,55.38201,162564.77,Saturday,January,2024,Beras Medium
2024-01-07,9386.055,9056.789,27659.838,55.357647,159581.34,Sunday,January,2024,Beras Medium
2024-01-08,9375.125,9141.341,27779.629,55.370342,159269.94,Monday,January,2024,Beras Medium
2024-01-09,9378.602,9254.484,27772.553,55.368824,158845.8,Tuesday,January,2024,Beras Medium
2024-01-10,9377.343,9310.776,27899.693,55.37428,159141.47,Wednesday,January,2024,Beras Medium
2024-01-11,9374.28,9355.202,28152.89,55.38254,159195.17,Thursday,January,2024,Beras Medium
2024-01-12,9374.506,9468.929,28254.844,55.38326,158175.9,Friday,January,2024,Beras Medium
2024-01-13,9386.57,9699.518,28215.2,55.375492,157166.55,Saturday,January,2024,Beras Medium
2024-01-14,9411.496,9981.945,28338.223,55.36717,157103.0,Sunday,January,2024,Beras Medium
2024-01-15,9434.705,10225.659,28536.7,55.364216,157917.16,Monday,January,2024,Beras Medium
2024-01-16,9437.898,10329.584,28689.643,55.359833,158654.23,Tuesday,January,2024,Beras Medium
2024-01-17,9419.183,10284.444,28788.166,55.35184,158928.73,Wednesday,January,2024,Beras Medium
2024-01-18,9399.9375,10222.341,29062.387,55.348553,159616.0,Thursday,January,2024,Beras Medium
2024-01-19,9393.774,10245.013,29332.057,55.34664,159929.08,Friday,January,2024,Beras Medium
2024-01-20,9408.256,10405.78,29560.25,55.34646,160149.84,Saturday,January,2024,Beras Medium
2024-01-21,9435.489,10631.233,29897.957,55.34978,161864.69,Sunday,January,2024,Beras Medium
2024-01-22,9451.02,10793.395,30129.352,55.347717,163751.05,Monday,January,2024,Beras Medium
2024-01-23,9437.096,10793.78,30005.084,55.333736,163619.5,Tuesday,January,2024,Beras Medium
2024-01-24,9404.671,10634.646,29748.242,55.320335,162386.92,Wednesday,January,2024,Beras Medium
2024-01-25,9380.131,10466.526,29752.332,55.317013,161858.53,Thursday,January,2024,Beras Medium
2024-01-26,9374.404,10423.351,29859.244,55.31816,161602.1,Friday,January,2024,Beras Medium
2024-01-27,9390.739,10544.326,30022.309,55.320892,161896.27,Saturday,January,2024,Beras Medium
2024-01-28,9420.713,10738.643,30322.988,55.32658,163943.23,Sunday,January,2024,Beras Medium
2024-01-29,9450.156,10865.649,30478.74,55.345734,165882.86,Monday,January,2024,Beras Medium
2024-01-30,9437.169,10834.702,30229.432,55.334713,165265.16,Tuesday,January,2024,Beras Medium
2024-01-31,9391.8955,10655.333,29876.926,55.301476,163409.75,Wednesday,January,2024,Beras Medium
2024-02-01,9368.852,10465.564,29816.969,55.300507,162648.14,Thursday,February,2024,Beras Medium
2024-02-02,9363.752,10386.787,29801.508,55.30267,162051.3,Friday,February,2024,Beras Medium
2024-02-03,9385.933,10486.234,29940.553,55.309196,162374.23,Saturday,February,2024,Beras Medium
2024-02-04,9424.541,10687.199,30245.531,55.317436,164522.69,Sunday,February,2024,Beras Medium
2024-02-05,9453.678,10825.637,30423.818,55.32465,166519.83,Monday,February,2024,Beras Medium
2024-02-06,9436.8545,10763.628,30031.887,55.309006,165243.4,Tuesday,February,2024,Beras Medium
2024-02-07,9403.107,10515.697,29537.982,55.30188,162892.06,Wednesday,February,2024,Beras Medium
2024-02-08,9373.562,10268.275,29317.07,55.29842,161862.2,Thursday,February,2024,Beras Medium
2024-02-09,9365.047,10175.606,29204.803,55.300156,161093.27,Friday,February,2024,Beras Medium
2024-02-10,9387.244,10255.324,29254.611,55.307938,160974.2,Saturday,February,2024,Beras Medium
2024-02-11,9427.492,10456.12,29453.814,55.320065,162183.69,Sunday,February,2024,Beras Medium
2024-02-12,9455.507,10603.992,29592.01,55.326675,163593.12,Monday,February,2024,Beras Medium
2024-02-13,9447.474,10538.123,29363.018,55.32486,162914.12,Tuesday,February,2024,Beras Medium
2024-02-14,9415.843,10290.642,29055.844,55.3199,161492.66,Wednesday,February,2024,Beras Medium
2024-02-15,9385.665,10057.096,28946.229,55.318035,161136.12,Thursday,February,2024,Beras Medium
2024-02-16,9374.382,9962.697,28889.246,55.31953,160734.9,Friday,February,2024,Beras Medium
2024-02-17,9390.086,10038.484,28865.045,55.323723,160297.86,Saturday,February,2024,Beras Medium
2024-02-18,9425.57,10231.49,28972.652,55.333393,160829.97,Sunday,February,2024,Beras Medium
2024-02-19,9453.98,10381.542,29099.115,55.34188,161862.55,Monday,February,2024,Beras Medium
2024-02-20,9449.369,10336.428,28966.248,55.341602,161465.72,Tuesday,February,2024,Beras Medium
2024-02-21,9421.243,10126.833,28793.102,55.337307,160740.12,Wednesday,February,2024,Beras Medium
2024-02-22,9394.827,9928.31,28808.729,55.337334,160515.66,Thursday,February,2024,Beras Medium
2024-02-23,9382.167,9855.943,28779.398,55.336613,160362.62,Friday,February,2024,Beras Medium
2024-02-24,9394.407,9944.474,28742.445,55.337627,160051.34,Saturday,February,2024,Beras Medium
2024-02-25,9427.76,10141.697,28838.383,55.34434,160462.44,Sunday,February,2024,Beras Medium
2024-02-26,9456.002,10300.491,28968.959,55.351906,161423.83,Monday,February,2024,Beras Medium
2024-02-27,9452.532,10273.876,28874.828,55.350693,161189.89,Tuesday,February,2024,Beras Medium
2024-02-28,9425.32,10090.04,28730.367,55.345905,160531.14,Wednesday,February,2024,Beras Medium
2024-02-29,9397.911,9912.996,28741.438,55.3438,160556.3,Thursday,February,2024,Beras Medium
2024-03-01,9385.96,9851.021,28746.453,55.34281,160428.06,Friday,March,2024,Beras Medium
2024-03-02,9392.578,9891.402,28688.514,55.34098,160116.94,Saturday,March,2024,Beras Medium
2024-03-03,9418.273,10003.009,28714.328,55.344753,160521.94,Sunday,March,2024,Beras Medium
2024-03-04,9439.075,10054.803,28752.979,55.35147,161225.56,Monday,March,2024,Beras Medium
2024-03-05,9433.35,9889.283,28705.521,55.355732,160196.55,Tuesday,March,2024,Beras Medium
2024-03-06,9406.823,9621.229,28727.215,55.35568,159506.48,Wednesday,March,2024,Beras Medium
2024-03-07,9382.629,9367.773,28961.422,55.357437,160453.5,Thursday,March,2024,Beras Medium
2024-03-08,9371.915,9239.336,29081.695,55.36335,161468.62,Friday,March,2024,Beras Medium
2024-03-09,9373.943,9205.497,29167.812,55.363735,161779.36,Saturday,March,2024,Beras Medium
2024-03-10,9390.807,9233.523,29252.797,55.36626,161989.66,Sunday,March,2024,Beras Medium
2024-03-11,9406.459,9247.572,29366.342,55.3714,162578.86,Monday,March,2024,Beras Medium
2024-03-12,9405.121,9197.868,29375.084,55.375755,162960.12,Tuesday,March,2024,Beras Medium
2024-03-13,9396.4,9110.313,29349.73,55.37131,163383.23,Wednesday,March,2024,Beras Medium
2024-03-14,9403.308,9074.039,29308.596,55.355873,163865.31,Thursday,March,2024,Beras Medium
2024-03-15,9406.502,9065.766,29336.727,55.36032,164672.0,Friday,March,2024,Beras Medium
2024-03-16,9406.996,9069.486,29397.713,55.353962,164203.03,Saturday,March,2024,Beras Medium
2024-03-17,9411.374,9099.002,29511.6,55.366516,164397.38,Sunday,March,2024,Beras Medium
2024-03-18,9416.934,9126.468,29605.596,55.38377,165105.45,Monday,March,2024,Beras Medium
2024-03-19,9418.265,9119.602,29559.258,55.38164,164944.94,Tuesday,March,2024,Beras Medium
2024-03-20,9418.741,9087.979,29446.008,55.36419,164528.19,Wednesday,March,2024,Beras Medium
2024-03-21,9420.895,9072.938,29434.963,55.3684,165772.17,Thursday,March,2024,Beras Medium
2024-03-22,9422.618,9071.093,29481.889,55.374035,166424.38,Friday,March,2024,Beras Medium
2024-03-23,9420.804,9075.925,29521.914,55.36392,165571.52,Saturday,March,2024,Beras Medium
2024-03-24,9423.07,9106.853,29623.434,55.37653,165641.66,Sunday,March,2024,Beras Medium
2024-03-25,9427.127,9135.2705,29709.908,55.39422,166267.48,Monday,March,2024,Beras Medium
2024-03-26,9427.244,9129.118,29659.82,55.39216,166041.16,Tuesday,March,2024,Beras Medium
2024-03-27,9426.222,9096.647,29540.07,55.374012,165508.81,Wednesday,March,2024,Beras Medium
2024-03-28,9428.109,9079.619,29535.244,55.375843,166590.25,Thursday,March,2024,Beras Medium
2024-03-29,9428.552,9076.807,29569.271,55.38035,167108.23,Friday,March,2024,Beras Medium
2024-03-30,9425.788,9080.745,29598.93,55.369457,166159.55,Saturday,March,2024,Beras Medium
2024-03-31,9426.938,9111.956,29686.328,55.382866,166218.61,Sunday,March,2024,Beras Medium
2024-04-01,9430.6045,9139.672,29765.45,55.39974,166771.08,Monday,April,2024,Beras Medium
2024-04-02,9426.994,9123.392,29587.645,55.387154,165739.67,Tuesday,April,2024,Beras Medium
2024-04-03,9422.864,9088.041,29275.973,55.35416,164326.03,Wednesday,April,2024,Beras Medium
2024-04-04,9420.696,9075.494,29100.084,55.349754,165062.4,Thursday,April,2024,Beras Medium
2024-04-05,9424.053,9071.81,29139.812,55.345795,165599.9,Friday,April,2024,Beras Medium
2024-04-06,9427.402,9073.783,29269.357,55.334057,165247.6,Saturday,April,2024,Beras Medium
2024-04-07,9435.431,9093.107,29479.48,55.336735,165441.05,Sunday,April,2024,Beras Medium
2024-04-08,9442.001,9118.679,29646.05,55.35357,166449.58,Monday,April,2024,Beras Medium
2024-04-09,9440.332,9113.943,29558.383,55.345097,165985.0,Tuesday,April,2024,Beras Medium
2024-04-10,9437.474,9091.775,29343.79,55.322018,165032.06,Wednesday,April,2024,Beras Medium
2024-04-11,9436.738,9082.569,29259.133,55.319313,165627.94,Thursday,April,2024,Beras Medium
2024-04-12,9440.376,9083.756,29327.969,55.319286,166248.69,Friday,April,2024,Beras Medium
2024-04-13,9444.661,9091.763,29503.617,55.318314,166405.17,Saturday,April,2024,Beras Medium
2024-04-14,9450.73,9120.709,29732.09,55.338722,167435.12,Sunday,April,2024,Beras Medium
2024-04-15,9457.552,9148.124,29903.459,55.359943,168570.1,Monday,April,2024,Beras Medium
2024-04-16,9455.354,9143.076,29810.148,55.354305,168130.77,Tuesday,April,2024,Beras Medium
2024-04-17,9450.435,9116.726,29579.14,55.332195,167023.1,Wednesday,April,2024,Beras Medium
2024-04-18,9450.712,9099.071,29484.693,55.319912,167010.05,Thursday,April,2024,Beras Medium
2024-04-19,9452.408,9097.663,29525.537,55.320526,167457.97,Friday,April,2024,Beras Medium
2024-04-20,9454.707,9105.746,29679.123,55.32422,167690.8,Saturday,April,2024,Beras Medium
2024-04-21,9459.339,9135.9,29888.791,55.34926,168829.75,Sunday,April,2024,Beras Medium
2024-04-22,9465.72,9161.871,30042.537,55.369972,169832.36,Monday,April,2024,Beras Medium
2024-04-23,9462.79,9154.782,29932.092,55.36332,169254.2,Tuesday,April,2024,Beras Medium
2024-04-24,9456.647,9125.576,29683.76,55.339798,167971.53,Wednesday,April,2024,Beras Medium
2024-04-25,9456.743,9104.367,29577.188,55.323345,167678.62,Thursday,April,2024,Beras Medium
2024-04-26,9457.424,9101.827,29603.268,55.323654,168019.52,Friday,April,2024,Beras Medium
2024-04-27,9458.463,9110.101,29741.898,55.328934,168252.42,Saturday,April,2024,Beras Medium
2024-04-28,9462.763,9139.754,29943.049,55.353443,169318.75,Sunday,April,2024,Beras Medium
2024-04-29,9468.77,9165.194,30088.434,55.373608,170250.62,Monday,April,2024,Beras Medium
2024-04-30,9465.439,9157.489,29970.766,55.36637,169609.69,Tuesday,April,2024,Beras Medium
2024-05-01,9458.83,9127.545,29716.008,55.342278,168262.84,Wednesday,May,2024,Beras Medium
2024-05-02,9456.157,9103.941,29519.908,55.3202,167395.42,Thursday,May,2024,Beras Medium
2024-05-03,9457.188,9100.256,29523.504,55.316525,167645.81,Friday,May,2024,Beras Medium
2024-05-04,9458.509,9108.824,29627.818,55.317738,167721.34,Saturday,May,2024,Beras Medium
2024-05-05,9458.171,9134.917,29763.816,55.33539,168352.06,Sunday,May,2024,Beras Medium
2024-05-06,9458.309,9157.917,29821.434,55.349438,168665.52,Monday,May,2024,Beras Medium
2024-05-07,9450.79,9151.742,29621.262,55.339108,167510.05,Tuesday,May,2024,Beras Medium
2024-05-08,9445.51,9127.924,29371.477,55.31683,166227.98,Wednesday,May,2024,Beras Medium
2024-05-09,9446.367,9111.267,29276.295,55.299187,165942.22,Thursday,May,2024,Beras Medium
2024-05-10,9450.808,9111.717,29376.428,55.298084,166611.47,Friday,May,2024,Beras Medium
2024-05-11,9453.368,9127.331,29533.213,55.311695,167370.06,Saturday,May,2024,Beras Medium
2024-05-12,9456.684,9157.182,29733.924,55.335163,168464.8,Sunday,May,2024,Beras Medium
2024-05-13,9459.545,9182.254,29838.373,55.35362,169116.8,Monday,May,2024,Beras Medium
2024-05-14,9453.937,9176.406,29672.871,55.346344,168198.92,Tuesday,May,2024,Beras Medium
2024-05-15,9448.313,9149.283,29445.812,55.324562,167005.75,Wednesday,May,2024,Beras Medium
2024-05-16,9448.786,9129.619,29355.783,55.30712,166723.16,Thursday,May,2024,Beras Medium
2024-05-17,9453.355,9127.433,29459.182,55.306194,167389.45,Friday,May,2024,Beras Medium
2024-05-18,9456.41,9140.831,29618.566,55.31986,168149.08,Saturday,May,2024,Beras Medium
2024-05-19,9460.678,9169.754,29819.676,55.34355,169248.4,Sunday,May,2024,Beras Medium
2024-05-20,9463.992,9193.503,29920.662,55.36173,169866.03,Monday,May,2024,Beras Medium
2024-05-21,9458.341,9185.849,29748.38,55.353664,168881.55,Tuesday,May,2024,Beras Medium
2024-05-22,9452.406,9156.242,29513.574,55.33083,167592.27,Wednesday,May,2024,Beras Medium
2024-05-23,9452.509,9134.773,29414.398,55.31247,167213.44,Thursday,May,2024,Beras Medium
2024-05-24,9456.76,9131.331,29510.66,55.310776,167805.81,Friday,May,2024,Beras Medium
2024-05-25,9459.581,9143.904,29664.617,55.323853,168512.75,Saturday,May,2024,Beras Medium
2024-05-26,9463.534,9172.412,29861.008,55.346985,169571.69,Sunday,May,2024,Beras Medium
2024-05-27,9466.56,9195.76,29957.596,55.36469,170152.52,Monday,May,2024,Beras Medium
2024-05-28,9460.567,9187.647,29780.39,55.356133,169128.69,Tuesday,May,2024,Beras Medium
2024-05-29,9454.399,9157.529,29541.252,55.332924,167800.52,Wednesday,May,2024,Beras Medium
2024-05-30,9454.237,9135.721,29437.287,55.314243,167383.03,Thursday,May,2024,Beras Medium
2024-05-31,9458.249,9132.065,29529.855,55.312286,167945.83,Friday,May,2024,Beras Medium
2024-06-01,9460.889,9144.519,29681.629,55.32515,168634.3,Saturday,June,2024,Beras Medium
2024-06-02,9457.434,9171.679,29734.03,55.345592,168915.31,Sunday,June,2024,Beras Medium
2024-06-03,9450.602,9191.354,29636.752,55.357708,168413.77,Monday,June,2024,Beras Medium
2024-06-04,9437.219,9181.201,29336.703,55.346123,166623.98,Tuesday,June,2024,Beras Medium
2024-06-05,9424.949,9153.345,29022.846,55.320023,164864.0,Wednesday,June,2024,Beras Medium
2024-06-06,9419.975,9133.112,28860.621,55.29954,164172.72,Thursday,June,2024,Beras Medium
2024-06-07,9417.925,9130.762,28865.535,55.295834,164271.28,Friday,June,2024,Beras Medium
2024-06-08,9410.641,9143.645,28885.701,55.304,164218.62,Saturday,June,2024,Beras Medium
2024-06-09,9401.899,9167.483,28855.37,55.318302,164028.75,Sunday,June,2024,Beras Medium
2024-06-10,9394.776,9185.88,28760.46,55.32793,163516.36,Monday,June,2024,Beras Medium
2024-06-11,9386.04,9176.359,28559.342,55.31744,162230.34,Tuesday,June,2024,Beras Medium
2024-06-12,9381.232,9149.256,28383.156,55.294254,161177.05,Wednesday,June,2024,Beras Medium
2024-06-13,9383.551,9129.044,28347.6,55.276596,161132.05,Thursday,June,2024,Beras Medium
2024-06-14,9387.005,9125.983,28435.67,55.274937,161647.27,Friday,June,2024,Beras Medium
2024-06-15,9383.732,9138.241,28499.166,55.284935,161829.12,Saturday,June,2024,Beras Medium
2024-06-16,9377.762,9161.41,28501.934,55.30055,161802.0,Sunday,June,2024,Beras Medium
2024-06-17,9372.946,9179.361,28439.373,55.311153,161449.44,Monday,June,2024,Beras Medium
2024-06-18,9367.028,9170.026,28280.123,55.302002,160396.02,Tuesday,June,2024,Beras Medium
2024-06-19,9365.336,9143.283,28153.648,55.28045,159623.48,Wednesday,June,2024,Beras Medium
2024-06-20,9370.404,9123.399,28163.799,55.2642,159841.56,Thursday,June,2024,Beras Medium
2024-06-21,9375.832,9120.527,28280.738,55.263645,160529.75,Friday,June,2024,Beras Medium
2024-06-22,9373.928,9133.082,28358.314,55.274746,160813.47,Saturday,June,2024,Beras Medium
2024-06-23,9368.794,9156.3545,28372.791,55.29123,160860.92,Sunday,June,2024,Beras Medium
2024-06-24,9364.678,9174.558,28321.646,55.302578,160583.81,Monday,June,2024,Beras Medium
2024-06-25,9359.67,9165.772,28176.627,55.29429,159631.17,Tuesday,June,2024,Beras Medium
2024-06-26,9359.084,9139.752,28067.438,55.273727,158980.52,Wednesday,June,2024,Beras Medium
2024-06-27,9365.142,9120.45,28093.324,55.258347,159309.44,Thursday,June,2024,Beras Medium
2024-06-28,9371.299,9117.977,28220.502,55.258503,160073.44,Friday,June,2024,Beras Medium
2024-06-29,9369.92,9130.852,28303.725,55.270226,160405.78,Saturday,June,2024,Beras Medium
2024-06-30,9365.118,9154.298,28322.814,55.287205,160488.5,Sunday,June,2024,Beras Medium
2024-07-01,9361.288,9172.698,28276.092,55.298973,160245.27,Monday,July,2024,Beras Medium
2024-07-02,9353.6875,9165.23,28091.525,55.29491,159149.2,Tuesday,July,2024,Beras Medium
2024-07-03,9352.939,9141.445,27971.81,55.280704,158529.92,Wednesday,July,2024,Beras Medium
2024-07-04,9359.284,9123.473,27961.531,55.272194,158775.3,Thursday,July,2024,Beras Medium
2024-07-05,9362.597,9121.254,28013.879,55.275337,159210.64,Friday,July,2024,Beras Medium
2024-07-06,9353.501,9133.217,27961.525,55.28498,158869.83,Saturday,July,2024,Beras Medium
2024-07-07,9334.708,9149.915,27753.988,55.29333,157765.34,Sunday,July,2024,Beras Medium
2024-07-08,9321.629,9170.017,27485.385,55.291164,156220.34,Monday,July,2024,Beras Medium
2024-07-09,9310.922,9153.086,27296.812,55.284325,155089.55,Tuesday,July,2024,Beras Medium
2024-07-10,9314.634,9125.944,27280.432,55.271576,154943.7,Wednesday,July,2024,Beras Medium
2024-07-11,9326.815,9107.73,27368.309,55.261837,155537.16,Thursday,July,2024,Beras Medium
2024-07-12,9333.91,9104.951,27484.607,55.2628,156165.47,Friday,July,2024,Beras Medium
2024-07-13,9326.73,9116.656,27470.65,55.270016,155916.73,Saturday,July,2024,Beras Medium
2024-07-14,9309.013,9133.522,27294.48,55.276493,154898.17,Sunday,July,2024,Beras Medium
2024-07-15,9295.899,9150.745,27068.486,55.273983,153522.0,Monday,July,2024,Beras Medium
2024-07-16,9287.403,9134.981,26931.492,55.267788,152664.05,Tuesday,July,2024,Beras Medium
2024-07-17,9294.96,9112.002,26966.6,55.2544,152751.95,Wednesday,July,2024,Beras Medium
2024-07-18,9309.972,9095.321,27110.049,55.245777,153651.27,Thursday,July,2024,Beras Medium
2024-07-19,9319.064,9093.702,27259.283,55.247627,154481.47,Friday,July,2024,Beras Medium
2024-07-20,9313.118,9106.455,27266.143,55.255585,154374.38,Saturday,July,2024,Beras Medium
2024-07-21,9296.234,9124.303,27107.574,55.262905,153479.48,Sunday,July,2024,Beras Medium
2024-07-22,9282.694,9139.125,26907.86,55.26306,152310.77,Monday,July,2024,Beras Medium
2024-07-23,9275.875,9126.247,26784.596,55.25688,151545.94,Tuesday,July,2024,Beras Medium
2024-07-24,9285.235,9105.767,26838.176,55.243958,151755.06,Wednesday,July,2024,Beras Medium
2024-07-25,9301.564,9090.129,27002.982,55.23656,152807.64,Thursday,July,2024,Beras Medium
2024-07-26,9311.671,9089.255,27165.139,55.239433,153743.0,Friday,July,2024,Beras Medium
2024-07-27,9306.446,9102.587,27180.355,55.248234,153711.28,Saturday,July,2024,Beras Medium
2024-07-28,9290.099,9120.876,27029.9,55.25632,152881.6,Sunday,July,2024,Beras Medium
2024-07-29,9276.65,9135.121,26839.248,55.257633,151792.12,Monday,July,2024,Beras Medium
2024-07-30,9270.677,9123.591,26720.53,55.251522,151061.31,Tuesday,July,2024,Beras Medium
2024-07-31,9280.699,9103.619,26783.1,55.23929,151339.86,Wednesday,July,2024,Beras Medium
2024-08-01,9297.656,9088.376,26956.674,55.232502,152457.33,Thursday,August,2024,Beras Medium
2024-08-02,9311.484,9091.636,27173.154,55.246334,153823.56,Friday,August,2024,Beras Medium
2024-08-03,9307.489,9108.724,27179.447,55.265396,153955.95,Saturday,August,2024,Beras Medium
2024-08-04,9290.624,9131.024,26949.139,55.27974,152956.08,Sunday,August,2024,Beras Medium
2024-08-05,9282.57,9163.406,26604.87,55.272766,150994.92,Monday,August,2024,Beras Medium
2024-08-06,9280.521,9155.395,26492.844,55.27431,150500.4,Tuesday,August,2024,Beras Medium
2024-08-07,9288.523,9114.643,26683.64,55.28751,151917.58,Wednesday,August,2024,Beras Medium
2024-08-08,9311.556,9097.778,26922.05,55.290043,153300.67,Thursday,August,2024,Beras Medium
2024-08-09,9325.368,9095.191,27099.24,55.29902,154281.33,Friday,August,2024,Beras Medium
2024-08-10,9317.157,9107.683,27000.744,55.307613,153731.4,Saturday,August,2024,Beras Medium
2024-08-11,9298.834,9137.214,26632.61,55.301777,151645.67,Sunday,August,2024,Beras Medium
2024-08-12,9285.579,9162.126,26264.37,55.28831,149458.94,Monday,August,2024,Beras Medium
2024-08-13,9280.028,9148.456,26159.232,55.284924,148883.88,Tuesday,August,2024,Beras Medium
2024-08-14,9285.531,9103.415,26369.447,55.294453,150282.2,Wednesday,August,2024,Beras Medium
2024-08-15,9306.952,9084.299,26637.414,55.292786,151663.81,Thursday,August,2024,Beras Medium
2024-08-16,9319.451,9081.476,26832.578,55.29763,152631.6,Friday,August,2024,Beras Medium
2024-08-17,9309.351,9094.586,26737.982,55.3026,152060.17,Saturday,August,2024,Beras Medium
2024-08-18,9288.212,9121.62,26388.232,55.296383,150098.23,Sunday,August,2024,Beras Medium
2024-08-19,9274.284,9147.636,26040.285,55.281467,148000.0,Monday,August,2024,Beras Medium
2024-08-20,9268.547,9135.483,25948.672,55.27728,147506.17,Tuesday,August,2024,Beras Medium
2024-08-21,9274.908,9093.392,26173.512,55.285683,148970.77,Wednesday,August,2024,Beras Medium
2024-08-22,9297.2,9076.429,26459.787,55.2834,150438.6,Thursday,August,2024,Beras Medium
2024-08-23,9310.225,9074.592,26673.695,55.28859,151525.38,Friday,August,2024,Beras Medium
2024-08-24,9300.34,9088.616,26588.807,55.2938,151036.64,Saturday,August,2024,Beras Medium
2024-08-25,9278.943,9115.183,26252.994,55.28872,149189.28,Sunday,August,2024,Beras Medium
2024-08-26,9265.459,9142.201,25915.848,55.27403,147161.31,Monday,August,2024,Beras Medium
2024-08-27,9260.284,9131.08,25832.43,55.270203,146732.05,Tuesday,August,2024,Beras Medium
2024-08-28,9267.49,9090.205,26067.385,55.278946,148265.3,Wednesday,August,2024,Beras Medium
2024-08-29,9290.498,9073.766,26366.088,55.27731,149813.77,Thursday,August,2024,Beras Medium
2024-08-30,9304.2,9072.322,26590.658,55.283115,150972.77,Friday,August,2024,Beras Medium
2024-08-31,9294.789,9086.654,26511.727,55.288807,150533.89,Saturday,August,2024,Beras Medium
2024-09-01,9273.775,9113.5,26181.373,55.28405,148723.6,Sunday,September,2024,Beras Medium
2024-09-02,9266.999,9149.63,25865.338,55.27597,146975.28,Monday,September,2024,Beras Medium
2024-09-03,9273.234,9153.516,25847.494,55.28373,147179.39,Tuesday,September,2024,Beras Medium
2024-09-04,9291.259,9127.605,26110.832,55.306202,149150.53,Wednesday,September,2024,Beras Medium
2024-09-05,9311.249,9098.788,26467.65,55.333347,151675.42,Thursday,September,2024,Beras Medium
2024-09-06,9323.225,9099.126,26616.44,55.349648,152703.19,Friday,September,2024,Beras Medium
2024-09-07,9321.233,9137.688,26403.89,55.34486,151372.17,Saturday,September,2024,Beras Medium
2024-09-08,9310.483,9189.61,25955.752,55.327015,148706.73,Sunday,September,2024,Beras Medium
2024-09-09,9300.557,9218.44,25589.281,55.31357,146695.48,Monday,September,2024,Beras Medium
2024-09-10,9298.273,9211.337,25517.918,55.312885,146436.67,Tuesday,September,2024,Beras Medium
2024-09-11,9303.94,9174.075,25724.195,55.32577,147810.02,Wednesday,September,2024,Beras Medium
2024-09-12,9313.299,9136.837,25996.705,55.34516,149648.89,Thursday,September,2024,Beras Medium
2024-09-13,9316.356,9132.11,26096.006,55.352283,150199.53,Friday,September,2024,Beras Medium
2024-09-14,9309.104,9169.971,25879.912,55.339622,148662.56,Saturday,September,2024,Beras Medium
2024-09-15,9295.253,9222.039,25452.004,55.316784,145964.38,Sunday,September,2024,Beras Medium
2024-09-16,9284.288,9249.253,25119.184,55.300854,144064.7,Monday,September,2024,Beras Medium
2024-09-17,9280.996,9238.282,25055.262,55.298565,143842.53,Tuesday,September,2024,Beras Medium
2024-09-18,9285.988,9196.667,25252.479,55.310722,145197.94,Wednesday,September,2024,Beras Medium
2024-09-19,9294.799,9155.649,25492.408,55.330185,146947.84,Thursday,September,2024,Beras Medium
2024-09-20,9298.043,9147.826,25591.604,55.33787,147570.1,Friday,September,2024,Beras Medium
2024-09-21,9291.489,9183.068,25425.193,55.325478,146283.67,Saturday,September,2024,Beras Medium
2024-09-22,9278.508,9233.728,25041.768,55.303085,143804.58,Sunday,September,2024,Beras Medium
2024-09-23,9268.693,9259.693,24750.797,55.287865,142109.89,Monday,September,2024,Beras Medium
2024-09-24,9266.535,9247.045,24718.387,55.28631,142048.27,Tuesday,September,2024,Beras Medium
2024-09-25,9272.628,9204.023,24922.617,55.299606,143480.0,Wednesday,September,2024,Beras Medium
2024-09-26,9282.485,9161.379,25177.002,55.320103,145331.44,Thursday,September,2024,Beras Medium
2024-09-27,9286.845,9152.156,25298.688,55.328907,146095.73,Friday,September,2024,Beras Medium
2024-09-28,9281.344,9186.1,25169.34,55.317318,144997.4,Saturday,September,2024,Beras Medium
2024-09-29,9269.226,9235.983,24814.959,55.295616,142661.17,Sunday,September,2024,Beras Medium
2024-09-30,9260.277,9261.406,24549.81,55.281048,141088.31,Monday,September,2024,Beras Medium
2024-10-01,9259.007,9248.247,24540.295,55.28012,141133.78,Tuesday,October,2024,Beras Medium
2024-10-02,9267.7705,9223.028,24792.586,55.295444,142839.44,Wednesday,October,2024,Beras Medium
2024-10-03,9277.059,9205.686,25019.617,55.31507,144538.67,Thursday,October,2024,Beras Medium
2024-10-04,9277.835,9226.666,25047.426,55.31996,144648.53,Friday,October,2024,Beras Medium
2024-10-05,9268.349,9288.82,24857.854,55.305504,143178.69,Saturday,October,2024,Beras Medium
2024-10-06,9256.33,9377.578,24432.162,55.284267,140751.89,Sunday,October,2024,Beras Medium
2024-10-07,9251.705,9461.743,24080.295,55.273113,139241.23,Monday,October,2024,Beras Medium
2024-10-08,9251.024,9484.49,24014.51,55.271248,139073.39,Tuesday,October,2024,Beras Medium
2024-10-09,9246.772,9444.583,24077.691,55.277042,139376.45,Wednesday,October,2024,Beras Medium
2024-10-10,9244.901,9402.813,24144.836,55.288425,139884.61,Thursday,October,2024,Beras Medium
2024-10-11,9238.362,9407.491,24052.959,55.290756,139546.84,Friday,October,2024,Beras Medium
2024-10-12,9228.553,9472.741,23817.682,55.280144,137549.72,Saturday,October,2024,Beras Medium
2024-10-13,9220.131,9577.678,23326.94,55.262947,134691.28,Sunday,October,2024,Beras Medium
2024-10-14,9219.964,9644.014,22847.96,55.254112,132117.2,Monday,October,2024,Beras Medium
2024-10-15,9215.795,9647.795,22786.916,55.249187,132082.27,Tuesday,October,2024,Beras Medium
2024-10-16,9206.869,9588.867,22917.01,55.249756,133282.16,Wednesday,October,2024,Beras Medium
2024-10-17,9201.647,9515.828,22978.066,55.259304,133748.38,Thursday,October,2024,Beras Medium
2024-10-18,9197.315,9497.194,22957.633,55.263588,133423.33,Friday,October,2024,Beras Medium
2024-10-19,9190.017,9553.0205,22738.984,55.25439,131686.73,Saturday,October,2024,Beras Medium
2024-10-20,9190.224,9627.361,22101.115,55.241375,127835.984,Sunday,October,2024,Beras Medium
2024-10-21,9190.079,9678.702,21672.04,55.231903,125567.62,Monday,October,2024,Beras Medium
2024-10-22,9185.261,9672.86,21634.229,55.22889,125689.41,Tuesday,October,2024,Beras Medium
2024-10-23,9175.885,9605.8,21887.79,55.229458,127641.04,Wednesday,October,2024,Beras Medium
2024-10-24,9171.12,9534.524,22177.834,55.23689,129779.6,Thursday,October,2024,Beras Medium
2024-10-25,9169.198,9509.343,22219.76,55.243713,129798.43,Friday,October,2024,Beras Medium
2024-10-26,9166.873,9550.9795,21953.174,55.238396,127658.305,Saturday,October,2024,Beras Medium
2024-10-27,9167.516,9617.647,21371.277,55.22579,123998.86,Sunday,October,2024,Beras Medium
2024-10-28,9168.777,9665.619,21010.975,55.216587,122130.42,Monday,October,2024,Beras Medium
2024-10-29,9165.524,9657.3125,21022.43,55.215054,122481.95,Tuesday,October,2024,Beras Medium
2024-10-30,9158.096,9588.75,21336.86,55.21747,124753.04,Wednesday,October,2024,Beras Medium
2024-10-31,9154.619,9521.082,21739.61,55.22558,127606.55,Thursday,October,2024,Beras Medium
2024-11-01,9155.143,9498.224,21856.12,55.233612,128146.766,Friday,November,2024,Beras Medium
2024-11-02,9163.898,9566.072,21750.627,55.235462,126568.76,Saturday,November,2024,Beras Medium
2024-11-03,9176.222,9677.609,21357.275,55.228283,123947.805,Sunday,November,2024,Beras Medium
2024-11-04,9189.003,9780.948,21224.031,55.223785,123718.52,Monday,November,2024,Beras Medium
2024-11-05,9194.423,9814.799,21553.986,55.223396,125861.805,Tuesday,November,2024,Beras Medium
2024-11-06,9189.507,9783.685,22189.396,55.226276,129430.22,Wednesday,November,2024,Beras Medium
2024-11-07,9187.575,9745.0625,22734.94,55.235706,132274.69,Thursday,November,2024,Beras Medium
2024-11-08,9192.704,9762.169,22988.342,55.242725,133239.61,Friday,November,2024,Beras Medium
2024-11-09,9201.744,9878.783,23011.793,55.23571,133231.92,Saturday,November,2024,Beras Medium
2024-11-10,9217.268,10016.802,23029.371,55.230846,132673.58,Sunday,November,2024,Beras Medium
2024-11-11,9226.814,10117.422,23112.09,55.226246,133163.89,Monday,November,2024,Beras Medium
2024-11-12,9223.334,10128.852,23310.309,55.22097,134359.92,Tuesday,November,2024,Beras Medium
2024-11-13,9211.956,10044.267,23545.291,55.22113,135703.88,Wednesday,November,2024,Beras Medium
2024-11-14,9206.155,9955.502,23746.77,55.229103,136705.53,Thursday,November,2024,Beras Medium
2024-11-15,9209.057,9947.824,23950.078,55.234077,137190.27,Friday,November,2024,Beras Medium
2024-11-16,9217.607,10040.819,24027.088,55.231342,136784.77,Saturday,November,2024,Beras Medium
2024-11-17,9228.272,10162.785,24054.535,55.227627,136641.83,Sunday,November,2024,Beras Medium
2024-11-18,9234.782,10241.779,24066.111,55.22403,136940.45,Monday,November,2024,Beras Medium
2024-11-19,9230.199,10227.7705,24118.826,55.219326,137531.2,Tuesday,November,2024,Beras Medium
2024-11-20,9217.512,10124.2,24168.246,55.218872,137964.8,Wednesday,November,2024,Beras Medium
2024-11-21,9209.978,10019.602,24282.113,55.225395,138613.56,Thursday,November,2024,Beras Medium
2024-11-22,9212.497,10001.463,24414.957,55.230434,138847.77,Friday,November,2024,Beras Medium
2024-11-23,9221.513,10085.693,24445.016,55.229652,138358.77,Saturday,November,2024,Beras Medium
2024-11-24,9232.181,10200.148,24424.652,55.227215,138077.31,Sunday,November,2024,Beras Medium
2024-11-25,9237.669,10272.519,24406.777,55.223213,138349.03,Monday,November,2024,Beras Medium
2024-11-26,9232.045,10251.699,24418.363,55.218227,138812.78,Tuesday,November,2024,Beras Medium
2024-11-27,9219.002,10143.326,24410.805,55.218136,138973.73,Wednesday,November,2024,Beras Medium
2024-11-28,9211.353,10034.731,24490.264,55.224743,139469.17,Thursday,November,2024,Beras Medium
2024-11-29,9213.904,10013.955,24589.518,55.230114,139564.34,Friday,November,2024,Beras Medium
2024-11-30,9223.101,10096.137,24598.09,55.229855,139002.31,Saturday,November,2024,Beras Medium
2024-12-01,9233.876,10209.041,24559.383,55.22782,138649.34,Sunday,December,2024,Beras Medium
2024-12-02,9246.622,10307.2,24762.678,55.22645,140032.1,Monday,December,2024,Beras Medium
2024-12-03,9249.773,10320.095,25106.037,55.224277,142073.06,Tuesday,December,2024,Beras Medium
2024-12-04,9244.957,10239.537,25475.072,55.228123,143741.62,Wednesday,December,2024,Beras Medium
2024-12-05,9246.156,10158.307,25964.05,55.238663,145819.92,Thursday,December,2024,Beras Medium
2024-12-06,9256.929,10169.007,26413.117,55.247925,147185.02,Friday,December,2024,Beras Medium
2024-12-07,9276.448,10288.187,26740.102,55.254684,147790.4,Saturday,December,2024,Beras Medium
2024-12-08,9297.595,10442.213,27010.412,55.25727,149026.2,Sunday,December,2024,Beras Medium
2024-12-09,9311.24,10552.279,27273.38,55.256786,150872.45,Monday,December,2024,Beras Medium
2024-12-10,9308.784,10548.484,27515.586,55.25329,152506.08,Tuesday,December,2024,Beras Medium
2024-12-11,9294.015,10434.603,27642.846,55.25298,153038.9,Wednesday,December,2024,Beras Medium
2024-12-12,9287.187,10319.803,27873.99,55.26253,153721.36,Thursday,December,2024,Beras Medium
2024-12-13,9292.611,10303.869,28096.01,55.27055,153960.89,Friday,December,2024,Beras Medium
2024-12-14,9308.461,10405.334,28237.945,55.275337,153896.2,Saturday,December,2024,Beras Medium
2024-12-15,9326.295,10545.614,28349.312,55.275757,154603.34,Sunday,December,2024,Beras Medium
2024-12-16,9336.351,10640.457,28462.607,55.273296,155896.86,Monday,December,2024,Beras Medium
2024-12-17,9329.431,10619.635,28488.076,55.26679,156667.94,Tuesday,December,2024,Beras Medium
2024-12-18,9310.01,10488.501,28394.252,55.26406,156282.92,Wednesday,December,2024,Beras Medium
2024-12-19,9299.739,10359.847,28485.637,55.27175,156392.94,Thursday,December,2024,Beras Medium
2024-12-20,9303.166,10332.8545,28620.56,55.27888,156248.08,Friday,December,2024,Beras Medium
2024-12-21,9317.767,10428.716,28690.588,55.282677,155892.25,Saturday,December,2024,Beras Medium
2024-12-22,9334.942,10566.196,28744.967,55.28267,156355.69,Sunday,December,2024,Beras Medium
2024-12-23,9344.212,10657.847,28809.254,55.279736,157434.39,Monday,December,2024,Beras Medium
2024-12-24,9336.127,10633.572,28758.242,55.272266,157874.22,Tuesday,December,2024,Beras Medium
2024-12-25,9315.714,10498.1455,28603.184,55.268658,157213.94,Wednesday,December,2024,Beras Medium
2024-12-26,9304.627,10366.421,28653.166,55.275555,157140.92,Thursday,December,2024,Beras Medium
2024-12-27,9307.241,10337.478,28753.146,55.28233,156849.78,Friday,December,2024,Beras Medium
2024-12-28,9321.31,10432.445,28805.766,55.285755,156409.78,Saturday,December,2024,Beras Medium
2024-12-29,9338.197,10569.913,28846.445,55.28556,156807.14,Sunday,December,2024,Beras Medium
2024-12-30,9347.16,10661.225,28899.736,55.282383,157835.94,Monday,December,2024,Beras Medium
2024-12-31,9338.661,10636.461,28828.627,55.274582,158185.06,Tuesday,December,2024,Beras Medium
2025-01-01,9317.935,10500.077,28658.82,55.270638,157457.95,Wednesday,January,2025,Beras Medium
2025-01-02,9316.951,10345.96,29183.797,55.280777,159666.62,Thursday,January,2025,Beras Medium
2025-01-03,9334.231,10317.341,29810.965,55.297333,161841.39,Friday,January,2025,Beras Medium
2025-01-04,9373.04,10441.993,30453.867,55.31604,163666.67,Saturday,January,2025,Beras Medium
2025-01-05,9425.908,10647.234,31224.873,55.339775,166400.48,Sunday,January,2025,Beras Medium
2025-01-06,9463.112,10797.239,31775.488,55.360455,168754.75,Monday,January,2025,Beras Medium
2025-01-07,9460.938,10758.98,31733.797,55.36593,168082.56,Tuesday,January,2025,Beras Medium
2025-01-08,9435.114,10571.76,31472.266,55.366447,166741.66,Wednesday,January,2025,Beras Medium
2025-01-09,9413.98,10411.112,31386.207,55.372005,166022.66,Thursday,January,2025,Beras Medium
2025-01-10,9414.875,10392.674,31585.852,55.38097,165978.69,Friday,January,2025,Beras Medium
2025-01-11,9441.019,10538.312,32025.004,55.38683,166473.72,Saturday,January,2025,Beras Medium
2025-01-12,9483.054,10758.459,32711.336,55.401875,168761.44,Sunday,January,2025,Beras Medium
2025-01-13,9522.347,10902.368,33121.89,55.435116,170670.53,Monday,January,2025,Beras Medium
2025-01-14,9505.732,10857.0,32910.145,55.426144,169649.77,Tuesday,January,2025,Beras Medium
2025-01-15,9456.48,10669.062,32387.31,55.39401,167309.25,Wednesday,January,2025,Beras Medium
2025-01-16,9429.348,10510.499,32116.543,55.393097,166087.31,Thursday,January,2025,Beras Medium
2025-01-17,9427.3545,10497.254,32219.24,55.39493,165753.19,Friday,January,2025,Beras Medium
2025-01-18,9454.191,10636.738,32696.723,55.400185,166839.47,Saturday,January,2025,Beras Medium
2025-01-19,9504.709,10850.553,33367.848,55.432137,169540.95,Sunday,January,2025,Beras Medium
2025-01-20,9542.09,10980.569,33700.72,55.465527,171499.33,Monday,January,2025,Beras Medium
2025-01-21,9519.3125,10918.436,33386.008,55.449192,170294.03,Tuesday,January,2025,Beras Medium
2025-01-22,9458.184,10722.064,32725.922,55.39768,167341.16,Wednesday,January,2025,Beras Medium
2025-01-23,9425.491,10558.06,32381.725,55.385677,165876.56,Thursday,January,2025,Beras Medium
2025-01-24,9423.88,10541.008,32443.416,55.387234,165510.5,Friday,January,2025,Beras Medium
2025-01-25,9452.149,10676.436,32936.727,55.395016,166918.31,Saturday,January,2025,Beras Medium
2025-01-26,9510.115,10881.072,33596.99,55.4397,169883.9,Sunday,January,2025,Beras Medium
2025-01-27,9546.147,11005.016,33899.39,55.47179,171848.61,Monday,January,2025,Beras Medium
2025-01-28,9521.832,10936.376,33545.99,55.453785,170577.72,Tuesday,January,2025,Beras Medium
2025-01-29,9459.467,10736.144,32835.84,55.40073,167434.53,Wednesday,January,2025,Beras Medium
2025-01-30,9421.965,10572.181,32465.426,55.380424,165839.02,Thursday,January,2025,Beras Medium
2025-01-31,9420.895,10553.532,32515.041,55.382473,165474.42,Friday,January,2025,Beras Medium
2025-02-01,9450.644,10686.814,33013.402,55.39242,166993.33,Saturday,February,2025,Beras Medium
2025-02-02,9505.858,10869.555,33575.19,55.433872,169757.2,Sunday,February,2025,Beras Medium
2025-02-03,9536.4795,10970.439,33724.74,55.45834,171250.55,Monday,February,2025,Beras Medium
2025-02-04,9504.259,10872.6,33138.234,55.431923,169139.52,Tuesday,February,2025,Beras Medium
2025-02-05,9437.546,10640.442,32289.0,55.376907,165801.62,Wednesday,February,2025,Beras Medium
2025-02-06,9405.6045,10433.201,31770.275,55.37217,164151.5,Thursday,February,2025,Beras Medium
2025-02-07,9400.319,10370.945,31663.135,55.375942,163726.97,Friday,February,2025,Beras Medium
2025-02-08,9427.331,10480.792,31988.385,55.38279,164703.56,Saturday,February,2025,Beras Medium
2025-02-09,9473.572,10679.903,32568.232,55.39912,167281.66,Sunday,February,2025,Beras Medium
2025-02-10,9501.268,10805.979,32751.7,55.41044,168725.62,Monday,February,2025,Beras Medium
2025-02-11,9485.184,10722.216,32240.191,55.40234,166927.19,Tuesday,February,2025,Beras Medium
2025-02-12,9446.088,10481.228,31505.672,55.3908,164469.86,Wednesday,February,2025,Beras Medium
2025-02-13,9415.178,10268.658,31044.068,55.387573,163064.02,Thursday,February,2025,Beras Medium
2025-02-14,9408.8955,10193.772,30957.225,55.390564,162748.88,Friday,February,2025,Beras Medium
2025-02-15,9431.984,10286.246,31234.326,55.39892,163654.56,Saturday,February,2025,Beras Medium
2025-02-16,9471.446,10473.415,31633.258,55.41092,165221.86,Sunday,February,2025,Beras Medium
2025-02-17,9499.438,10603.302,31795.256,55.421013,166352.92,Monday,February,2025,Beras Medium
2025-02-18,9488.39,10525.855,31411.139,55.41621,165176.2,Tuesday,February,2025,Beras Medium
2025-02-19,9452.956,10307.241,30819.857,55.40753,163275.19,Wednesday,February,2025,Beras Medium
2025-02-20,9424.689,10101.635,30502.035,55.40577,162448.83,Thursday,February,2025,Beras Medium
2025-02-21,9417.488,10029.68,30440.645,55.408028,162188.48,Friday,February,2025,Beras Medium
2025-02-22,9438.016,10115.463,30701.812,55.413967,162988.5,Saturday,February,2025,Beras Medium
2025-02-23,9474.961,10287.823,31058.316,55.4237,164365.16,Sunday,February,2025,Beras Medium
2025-02-24,9502.694,10417.505,31212.766,55.43314,165365.72,Monday,February,2025,Beras Medium
2025-02-25,9493.961,10354.957,30895.252,55.429317,164419.44,Tuesday,February,2025,Beras Medium
2025-02-26,9462.912,10153.49,30494.393,55.42394,163280.8,Wednesday,February,2025,Beras Medium
2025-02-27,9436.667,9956.512,30296.854,55.42387,162912.48,Thursday,February,2025,Beras Medium
2025-02-28,9429.497,9886.11,30294.176,55.42682,162848.42,Friday,February,2025,Beras Medium
2025-03-01,9446.252,9976.12,30472.512,55.430748,163203.2,Saturday,March,2025,Beras Medium
2025-03-02,9470.6875,10096.807,30582.074,55.432644,163848.12,Sunday,March,2025,Beras Medium
2025-03-03,9486.642,10131.995,30515.066,55.43456,164275.94,Monday,March,2025,Beras Medium
2025-03-04,9472.862,9990.291,30090.95,55.4306,163407.28,Tuesday,March,2025,Beras Medium
2025-03-05,9443.75,9744.99,29828.914,55.424168,162924.94,Wednesday,March,2025,Beras Medium
2025-03-06,9430.228,9528.42,29881.324,55.42768,164216.38,Thursday,March,2025,Beras Medium
2025-03-07,9433.536,9422.069,30053.037,55.438282,166072.98,Friday,March,2025,Beras Medium
2025-03-08,9444.53,9411.652,30290.01,55.443573,167333.56,Saturday,March,2025,Beras Medium
2025-03-09,9467.863,9454.517,30588.945,55.44993,168945.22,Sunday,March,2025,Beras Medium
2025-03-10,9489.854,9472.322,30853.648,55.459843,170859.34,Monday,March,2025,Beras Medium
2025-03-11,9491.572,9404.798,30929.197,55.467823,172159.55,Tuesday,March,2025,Beras Medium
2025-03-12,9483.48,9286.833,30911.422,55.476543,173544.2,Wednesday,March,2025,Beras Medium
2025-03-13,9484.382,9192.552,31030.92,55.500664,175956.17,Thursday,March,2025,Beras Medium
2025-03-14,9498.106,9183.572,31140.627,55.510612,177376.25,Friday,March,2025,Beras Medium
2025-03-15,9507.67,9186.122,31372.805,55.507275,177645.17,Saturday,March,2025,Beras Medium
2025-03-16,9512.447,9209.934,31621.85,55.514774,178212.67,Sunday,March,2025,Beras Medium
2025-03-17,9524.924,9242.319,31768.697,55.51604,178671.12,Monday,March,2025,Beras Medium
2025-03-18,9524.069,9213.085,31805.648,55.52188,179353.81,Tuesday,March,2025,Beras Medium
2025-03-19,9530.065,9181.878,31683.455,55.512882,179384.3,Wednesday,March,2025,Beras Medium
2025-03-20,9537.192,9169.415,31631.885,55.52354,180582.94,Thursday,March,2025,Beras Medium
2025-03-21,9545.397,9169.178,31708.61,55.529373,181125.56,Friday,March,2025,Beras Medium
2025-03-22,9550.321,9178.317,31900.422,55.523632,180796.27,Saturday,March,2025,Beras Medium
2025-03-23,9550.439,9198.311,32127.094,55.530426,180996.05,Sunday,March,2025,Beras Medium
2025-03-24,9552.99,9220.382,32270.06,55.54298,181643.86,Monday,March,2025,Beras Medium
2025-03-25,9553.372,9209.017,32240.018,55.539154,181568.19,Tuesday,March,2025,Beras Medium
2025-03-26,9557.844,9184.231,32080.79,55.524372,181163.02,Wednesday,March,2025,Beras Medium
2025-03-27,9561.943,9172.678,32004.229,55.53302,182123.84,Thursday,March,2025,Beras Medium
2025-03-28,9566.891,9172.89,32043.766,55.53693,182419.02,Friday,March,2025,Beras Medium
2025-03-29,9569.117,9182.619,32198.48,55.531418,181941.44,Saturday,March,2025,Beras Medium
2025-03-30,9565.569,9205.153,32380.604,55.542923,182233.94,Sunday,March,2025,Beras Medium
2025-03-31,9566.976,9229.164,32481.443,55.55339,182689.69,Monday,March,2025,Beras Medium
2025-04-01,9564.905,9215.205,32427.445,55.54986,182544.95,Tuesday,April,2025,Beras Medium
2025-04-02,9563.75,9182.847,32107.867,55.518505,181161.78,Wednesday,April,2025,Beras Medium
2025-04-03,9563.647,9165.342,31899.13,55.50966,181225.7,Thursday,April,2025,Beras Medium
2025-04-04,9566.316,9162.975,31932.14,55.499702,181251.75,Friday,April,2025,Beras Medium
2025-04-05,9568.546,9172.934,32123.852,55.488056,180862.06,Saturday,April,2025,Beras Medium
2025-04-06,9569.081,9196.25,32392.348,55.49535,181480.58,Sunday,April,2025,Beras Medium
2025-04-07,9574.111,9218.725,32592.115,55.50687,182343.22,Monday,April,2025,Beras Medium
2025-04-08,9573.2,9209.276,32525.162,55.497696,181781.9,Tuesday,April,2025,Beras Medium
2025-04-09,9571.832,9186.21,32328.914,55.475307,180922.36,Wednesday,April,2025,Beras Medium
2025-04-10,9572.218,9171.335,32224.492,55.46256,180780.61,Thursday,April,2025,Beras Medium
2025-04-11,9575.326,9173.73,32335.105,55.45967,181064.33,Friday,April,2025,Beras Medium
2025-04-12,9576.453,9194.425,32581.072,55.4737,181794.88,Saturday,April,2025,Beras Medium
2025-04-13,9581.757,9226.027,32892.863,55.49762,183174.36,Sunday,April,2025,Beras Medium
2025-04-14,9591.273,9252.156,33109.535,55.518024,184392.66,Monday,April,2025,Beras Medium
2025-04-15,9591.75,9242.422,33031.637,55.51408,183961.98,Tuesday,April,2025,Beras Medium
2025-04-16,9588.545,9214.302,32791.715,55.493423,182915.95,Wednesday,April,2025,Beras Medium
2025-04-17,9588.459,9193.43,32642.576,55.477066,182393.9,Thursday,April,2025,Beras Medium
2025-04-18,9589.567,9193.9795,32707.719,55.477253,182678.95,Friday,April,2025,Beras Medium
2025-04-19,9590.267,9212.432,32922.297,55.49194,183401.12,Saturday,April,2025,Beras Medium
2025-04-20,9596.492,9243.599,33206.74,55.516106,184765.27,Sunday,April,2025,Beras Medium
2025-04-21,9607.506,9273.025,33373.934,55.53243,185723.7,Monday,April,2025,Beras Medium
2025-04-22,9605.41,9256.629,33276.133,55.530533,185323.81,Tuesday,April,2025,Beras Medium
2025-04-23,9600.198,9225.02,32997.75,55.50762,184058.19,Wednesday,April,2025,Beras Medium
2025-04-24,9598.359,9201.663,32815.246,55.48917,183345.98,Thursday,April,2025,Beras Medium
2025-04-25,9597.992,9200.449,32853.113,55.487522,183481.02,Friday,April,2025,Beras Medium
2025-04-26,9597.677,9217.725,33047.555,55.500767,184103.77,Saturday,April,2025,Beras Medium
2025-04-27,9603.347,9248.432,33315.62,55.52398,185393.75,Sunday,April,2025,Beras Medium
2025-04-28,9614.5,9279.623,33459.4,55.537674,186191.61,Monday,April,2025,Beras Medium
2025-04-29,9610.842,9260.218,33355.32,55.536537,185801.28,Tuesday,April,2025,Beras Medium
2025-04-30,9604.7295,9227.693,33063.56,55.512623,184451.75,Wednesday,April,2025,Beras Medium
2025-05-01,9602.098,9203.71,32869.62,55.49329,183667.02,Thursday,May,2025,Beras Medium
2025-05-02,9596.642,9199.487,32831.67,55.4835,183335.98,Friday,May,2025,Beras Medium
2025-05-03,9589.725,9214.923,32950.94,55.488434,183431.64,Saturday,May,2025,Beras Medium
2025-05-04,9585.51,9242.432,33085.605,55.502525,183728.02,Sunday,May,2025,Beras Medium
2025-05-05,9584.608,9268.713,33091.375,55.510235,183566.69,Monday,May,2025,Beras Medium
2025-05-06,9572.457,9250.955,32865.348,55.496975,182265.34,Tuesday,May,2025,Beras Medium
2025-05-07,9561.54,9221.494,32536.78,55.4675,180678.97,Wednesday,May,2025,Beras Medium
2025-05-08,9556.482,9201.53,32354.146,55.444614,179915.47,Thursday,May,2025,Beras Medium
2025-05-09,9556.715,9204.428,32454.61,55.443974,180305.84,Friday,May,2025,Beras Medium
2025-05-10,9557.088,9225.126,32698.803,55.46043,181068.39,Saturday,May,2025,Beras Medium
2025-05-11,9560.894,9259.108,32925.605,55.485447,182026.2,Sunday,May,2025,Beras Medium
2025-05-12,9573.58,9310.499,32950.25,55.4899,181869.34,Monday,May,2025,Beras Medium
2025-05-13,9565.298,9289.805,32787.89,55.484684,181136.78,Tuesday,May,2025,Beras Medium
2025-05-14,9552.128,9240.855,32539.33,55.467743,180293.3,Wednesday,May,2025,Beras Medium
2025-05-15,9550.095,9217.71,32381.328,55.44702,179762.22,Thursday,May,2025,Beras Medium
2025-05-16,9552.917,9217.728,32493.842,55.44781,180307.08,Friday,May,2025,Beras Medium
2025-05-17,9555.304,9235.9795,32739.344,55.465027,181159.66,Saturday,May,2025,Beras Medium
2025-05-18,9564.077,9278.746,32934.766,55.484467,181890.3,Sunday,May,2025,Beras Medium
2025-05-19,9577.114,9327.513,32956.45,55.489826,181795.31,Monday,May,2025,Beras Medium
2025-05-20,9568.753,9303.6875,32793.754,55.48509,181120.25,Tuesday,May,2025,Beras Medium
2025-05-21,9553.446,9246.169,32560.566,55.471184,180450.88,Wednesday,May,2025,Beras Medium
2025-05-22,9551.411,9221.317,32399.777,55.449623,179903.66,Thursday,May,2025,Beras Medium
2025-05-23,9554.176,9220.177,32508.918,55.44977,180425.2,Friday,May,2025,Beras Medium
2025-05-24,9556.453,9237.714,32749.963,55.466526,181250.42,Saturday,May,2025,Beras Medium
2025-05-25,9565.489,9281.205,32939.05,55.48505,181928.62,Sunday,May,2025,Beras Medium
2025-05-26,9578.319,9329.474,32959.227,55.49035,181824.67,Monday,May,2025,Beras Medium
2025-05-27,9569.769,9305.184,32796.355,55.485527,181148.67,Tuesday,May,2025,Beras Medium
2025-05-28,9554.14,9246.804,32564.564,55.471703,180486.94,Wednesday,May,2025,Beras Medium
2025-05-29,9551.993,9221.764,32403.752,55.44999,179934.92,Thursday,May,2025,Beras Medium
2025-05-30,9554.661,9220.515,32512.742,55.450047,180450.89,Friday,May,2025,Beras Medium
2025-05-31,9556.861,9237.999,32753.383,55.466766,181270.4,Saturday,May,2025,Beras Medium
2025-06-01,9565.915,9281.685,32942.113,55.485233,181942.94,Sunday,June,2025,Beras Medium
2025-06-02,9570.767,9330.533,32816.297,55.485756,180893.88,Monday,June,2025,Beras Medium
2025-06-03,9553.665,9305.895,32506.412,55.475185,179315.66,Tuesday,June,2025,Beras Medium
2025-06-04,9529.888,9243.064,32191.516,55.46145,178309.42,Wednesday,June,2025,Beras Medium
2025-06-05,9522.554,9218.734,31960.545,55.437126,177367.53,Thursday,June,2025,Beras Medium
2025-06-06,9518.685,9217.913,31972.617,55.434258,177286.86,Friday,June,2025,Beras Medium
2025-06-07,9511.472,9235.581,32069.32,55.447353,177267.83,Saturday,June,2025,Beras Medium
2025-06-08,9512.428,9292.032,32005.902,55.446205,176176.36,Sunday,June,2025,Beras Medium
2025-06-09,9512.83,9337.166,31825.734,55.44144,174952.25,Monday,June,2025,Beras Medium
2025-06-10,9499.878,9313.362,31589.674,55.4316,173943.19,Tuesday,June,2025,Beras Medium
2025-06-11,9482.434,9245.104,31436.43,55.425747,174048.69,Wednesday,June,2025,Beras Medium
2025-06-12,9481.595,9214.703,31350.8,55.4091,174091.39,Thursday,June,2025,Beras Medium
2025-06-13,9483.876,9212.885,31434.672,55.407993,174449.86,Friday,June,2025,Beras Medium
2025-06-14,9480.438,9229.218,31572.21,55.42219,174667.1,Saturday,June,2025,Beras Medium
2025-06-15,9483.711,9285.468,31529.61,55.421547,173675.28,Sunday,June,2025,Beras Medium
2025-06-16,9485.374,9328.576,31376.936,55.41796,172602.39,Monday,June,2025,Beras Medium
2025-06-17,9474.983,9303.919,31188.31,55.409866,171860.33,Tuesday,June,2025,Beras Medium
2025-06-18,9461.094,9235.417,31097.564,55.4058,172293.55,Wednesday,June,2025,Beras Medium
2025-06-19,9464.401,9207.655,31061.1,55.389706,172562.61,Thursday,June,2025,Beras Medium
2025-06-20,9468.978,9206.097,31180.076,55.390293,173099.4,Friday,June,2025,Beras Medium
2025-06-21,9466.924,9222.679,31339.717,55.40597,173417.92,Saturday,June,2025,Beras Medium
2025-06-22,9469.84,9275.919,31325.438,55.409298,172613.72,Sunday,June,2025,Beras Medium
2025-06-23,9471.886,9319.503,31184.754,55.40603,171584.62,Monday,June,2025,Beras Medium
2025-06-24,9462.947,9295.826,31020.174,55.399124,170952.73,Tuesday,June,2025,Beras Medium
2025-06-25,9450.91,9228.646,30954.11,55.395943,171504.84,Wednesday,June,2025,Beras Medium
2025-06-26,9456.47,9203.791,30936.125,55.379906,171843.5,Thursday,June,2025,Beras Medium
2025-06-27,9462.13,9202.765,31071.904,55.381775,172473.48,Friday,June,2025,Beras Medium
2025-06-28,9460.798,9219.709,31242.75,55.39851,172851.16,Saturday,June,2025,Beras Medium
2025-06-29,9463.782,9272.097,31241.799,55.403774,172139.28,Sunday,June,2025,Beras Medium
2025-06-30,9465.623,9316.166,31102.945,55.400146,171127.02,Monday,June,2025,Beras Medium
2025-07-01,9457.627,9293.031,30949.893,55.394127,170549.14,Tuesday,July,2025,Beras Medium
2025-07-02,9447.113,9233.5205,30882.447,55.394135,170990.72,Wednesday,July,2025,Beras Medium
2025-07-03,9450.523,9206.156,30865.205,55.38744,171498.47,Thursday,July,2025,Beras Medium
2025-07-04,9454.091,9205.812,30951.451,55.39366,171973.97,Friday,July,2025,Beras Medium
2025-07-05,9447.278,9226.372,30971.414,55.40674,171638.67,Saturday,July,2025,Beras Medium
2025-07-06,9442.311,9283.701,30739.895,55.397247,169541.42,Sunday,July,2025,Beras Medium
2025-07-07,9435.056,9320.752,30451.291,55.388847,167789.1,Monday,July,2025,Beras Medium
2025-07-08,9422.359,9294.304,30219.516,55.379784,166949.45,Tuesday,July,2025,Beras Medium
2025-07-09,9414.976,9231.721,30198.045,55.38128,167951.5,Wednesday,July,2025,Beras Medium
2025-07-10,9420.06,9194.238,30262.191,55.377808,169082.88,Thursday,July,2025,Beras Medium
2025-07-11,9426.086,9192.318,30378.527,55.379215,169659.22,Friday,July,2025,Beras Medium
2025-07-12,9419.025,9208.841,30418.363,55.390285,169399.95,Saturday,July,2025,Beras Medium
2025-07-13,9413.531,9263.993,30201.441,55.378998,167323.92,Sunday,July,2025,Beras Medium
2025-07-14,9405.07,9296.801,29935.732,55.368935,165574.6,Monday,July,2025,Beras Medium
2025-07-15,9394.715,9271.952,29757.703,55.36034,164974.73,Tuesday,July,2025,Beras Medium
2025-07-16,9390.571,9210.702,29802.74,55.362465,166242.28,Wednesday,July,2025,Beras Medium
2025-07-17,9401.349,9181.92,29905.07,55.355244,167389.8,Thursday,July,2025,Beras Medium
2025-07-18,9409.334,9180.964,30062.645,55.357883,168135.45,Friday,July,2025,Beras Medium
2025-07-19,9403.116,9197.502,30131.65,55.37092,168005.47,Saturday,July,2025,Beras Medium
2025-07-20,9396.699,9248.782,29957.086,55.36548,166226.28,Sunday,July,2025,Beras Medium
2025-07-21,9388.67,9281.806,29708.703,55.35578,164497.47,Monday,July,2025,Beras Medium
2025-07-22,9380.079,9259.409,29557.896,55.348263,164011.16,Tuesday,July,2025,Beras Medium
2025-07-23,9377.872,9200.044,29630.756,55.351017,165380.11,Wednesday,July,2025,Beras Medium
2025-07-24,9391.65,9176.334,29750.508,55.342747,166541.61,Thursday,July,2025,Beras Medium
2025-07-25,9400.822,9176.163,29928.432,55.34692,167391.78,Friday,July,2025,Beras Medium
2025-07-26,9395.436,9193.324,30010.51,55.361202,167328.36,Saturday,July,2025,Beras Medium
2025-07-27,9388.953,9243.266,29855.121,55.35873,165694.12,Sunday,July,2025,Beras Medium
2025-07-28,9381.358,9276.604,29614.064,55.349487,163986.53,Monday,July,2025,Beras Medium
2025-07-29,9373.623,9255.209,29474.314,55.342598,163554.2,Tuesday,July,2025,Beras Medium
2025-07-30,9372.312,9196.559,29558.055,55.345695,164969.52,Wednesday,July,2025,Beras Medium
2025-07-31,9387.225,9174.324,29686.797,55.337536,166165.0,Thursday,July,2025,Beras Medium
2025-08-01,9396.982,9174.436,29873.033,55.342415,167064.39,Friday,August,2025,Beras Medium
2025-08-02,9393.586,9195.599,29991.111,55.36648,167337.69,Saturday,August,2025,Beras Medium
2025-08-03,9391.311,9258.022,29787.973,55.36522,165492.12,Sunday,August,2025,Beras Medium
2025-08-04,9386.843,9296.192,29534.75,55.362244,163936.67,Monday,August,2025,Beras Medium
2025-08-05,9384.377,9281.524,29394.19,55.362835,163774.44,Tuesday,August,2025,Beras Medium
2025-08-06,9389.775,9227.217,29525.69,55.377296,165717.61,Wednesday,August,2025,Beras Medium
2025-08-07,9403.824,9184.721,29759.81,55.391705,167953.4,Thursday,August,2025,Beras Medium
2025-08-08,9416.467,9182.74,29924.37,55.40095,168941.9,Friday,August,2025,Beras Medium
2025-08-09,9410.801,9205.956,29867.553,55.407513,168222.23,Saturday,August,2025,Beras Medium
2025-08-10,9401.752,9261.68,29551.703,55.392994,165720.86,Sunday,August,2025,Beras Medium
2025-08-11,9390.969,9291.99,29244.062,55.382378,163857.36,Monday,August,2025,Beras Medium
2025-08-12,9384.436,9271.237,29092.695,55.377575,163548.47,Tuesday,August,2025,Beras Medium
2025-08-13,9387.008,9211.147,29230.715,55.387035,165379.22,Wednesday,August,2025,Beras Medium
2025-08-14,9401.756,9172.38,29461.064,55.392002,167286.88,Thursday,August,2025,Beras Medium
2025-08-15,9412.563,9169.674,29633.094,55.39654,168151.11,Friday,August,2025,Beras Medium
2025-08-16,9401.821,9185.8,29597.158,55.404633,167548.7,Saturday,August,2025,Beras Medium
2025-08-17,9390.329,9241.162,29297.639,55.390038,165085.4,Sunday,August,2025,Beras Medium
2025-08-18,9378.695,9273.354,28998.656,55.37732,163156.44,Monday,August,2025,Beras Medium
2025-08-19,9372.416,9254.695,28871.312,55.371746,162867.48,Tuesday,August,2025,Beras Medium
2025-08-20,9375.664,9195.75,29030.87,55.37972,164683.92,Wednesday,August,2025,Beras Medium
2025-08-21,9393.415,9164.389,29270.201,55.38062,166445.78,Thursday,August,2025,Beras Medium
2025-08-22,9404.593,9162.526,29461.9,55.385822,167366.73,Friday,August,2025,Beras Medium
2025-08-23,9393.729,9179.5625,29433.734,55.394295,166777.2,Saturday,August,2025,Beras Medium
2025-08-24,9380.972,9232.561,29158.498,55.38376,164507.38,Sunday,August,2025,Beras Medium
2025-08-25,9369.675,9266.126,28865.996,55.370914,162578.42,Monday,August,2025,Beras Medium
2025-08-26,9364.112,9248.767,28752.111,55.365646,162328.83,Tuesday,August,2025,Beras Medium
2025-08-27,9368.183,9190.5,28922.7,55.37328,164157.25,Wednesday,August,2025,Beras Medium
2025-08-28,9387.343,9161.339,29173.012,55.373802,165929.33,Thursday,August,2025,Beras Medium
2025-08-29,9399.114,9159.84,29375.62,55.37977,166901.17,Friday,August,2025,Beras Medium
2025-08-30,9388.555,9177.195,29351.998,55.38875,166336.0,Saturday,August,2025,Beras Medium
2025-08-31,9375.765,9229.915,29085.203,55.37967,164135.52,Sunday,August,2025,Beras Medium
2025-09-01,9364.723,9263.852,28795.598,55.36695,162215.77,Monday,September,2025,Beras Medium
2025-09-02,9371.496,9260.671,28831.629,55.37377,162894.44,Tuesday,September,2025,Beras Medium
2025-09-03,9390.092,9216.027,29143.562,55.39886,165752.16,Wednesday,September,2025,Beras Medium
2025-09-04,9417.602,9178.375,29560.385,55.430016,169019.72,Thursday,September,2025,Beras Medium
2025-09-05,9438.475,9178.245,29805.764,55.45156,170601.33,Friday,September,2025,Beras Medium
2025-09-06,9435.708,9207.371,29703.242,55.45937,169754.12,Saturday,September,2025,Beras Medium
2025-09-07,9427.464,9265.507,29320.855,55.44426,167054.06,Sunday,September,2025,Beras Medium
2025-09-08,9421.571,9298.374,29032.46,55.43745,165488.6,Monday,September,2025,Beras Medium
2025-09-09,9423.069,9282.204,28994.316,55.44168,165915.4,Tuesday,September,2025,Beras Medium
2025-09-10,9434.057,9226.579,29241.32,55.463127,168348.3,Wednesday,September,2025,Beras Medium
2025-09-11,9453.164,9176.935,29593.172,55.487553,170998.6,Thursday,September,2025,Beras Medium
2025-09-12,9466.468,9173.654,29757.053,55.496807,171853.88,Friday,September,2025,Beras Medium
2025-09-13,9456.114,9199.814,29613.566,55.49532,170570.44,Saturday,September,2025,Beras Medium
2025-09-14,9442.83,9257.974,29218.623,55.473125,167642.8,Sunday,September,2025,Beras Medium
2025-09-15,9433.426,9290.449,28931.088,55.4606,165954.3,Monday,September,2025,Beras Medium
2025-09-16,9432.225,9274.125,28895.938,55.460907,166201.7,Tuesday,September,2025,Beras Medium
2025-09-17,9442.552,9216.735,29154.416,55.47816,168160.62,Wednesday,September,2025,Beras Medium
2025-09-18,9459.979,9169.997,29500.25,55.498398,170520.34,Thursday,September,2025,Beras Medium
2025-09-19,9470.364,9168.78,29651.912,55.5052,171243.83,Friday,September,2025,Beras Medium
2025-09-20,9458.637,9200.233,29494.553,55.49993,169959.77,Saturday,September,2025,Beras Medium
2025-09-21,9445.084,9262.942,29126.494,55.478428,167247.7,Sunday,September,2025,Beras Medium
2025-09-22,9435.632,9297.105,28855.74,55.46493,165624.69,Monday,September,2025,Beras Medium
2025-09-23,9434.17,9281.221,28824.918,55.464355,165839.67,Tuesday,September,2025,Beras Medium
2025-09-24,9443.834,9223.826,29067.807,55.47897,167667.61,Wednesday,September,2025,Beras Medium
2025-09-25,9456.864,9171.988,29414.256,55.499947,170097.78,Thursday,September,2025,Beras Medium
2025-09-26,9465.436,9171.574,29555.576,55.505543,170807.08,Friday,September,2025,Beras Medium
2025-09-27,9456.841,9209.848,29395.49,55.497524,169426.0,Saturday,September,2025,Beras Medium
2025-09-28,9444.412,9272.534,29054.82,55.47753,166808.64,Sunday,September,2025,Beras Medium
2025-09-29,9435.594,9306.73,28798.049,55.46443,165259.62,Monday,September,2025,Beras Medium
2025-09-30,9433.901,9290.948,28763.229,55.463554,165539.36,Tuesday,September,2025,Beras Medium
2025-10-01,9443.091,9232.806,29004.55,55.477627,167353.39,Wednesday,October,2025,Beras Medium
2025-10-02,9457.96,9197.117,29387.47,55.505272,170115.86,Thursday,October,2025,Beras Medium
2025-10-03,9463.529,9211.626,29496.266,55.519474,170437.78,Friday,October,2025,Beras Medium
2025-10-04,9458.519,9279.309,29277.77,55.50235,167592.78,Saturday,October,2025,Beras Medium
2025-10-05,9452.066,9362.43,29043.979,55.484188,164636.81,Sunday,October,2025,Beras Medium
2025-10-06,9449.432,9418.493,28922.62,55.47276,163095.06,Monday,October,2025,Beras Medium
2025-10-07,9448.476,9425.594,28892.754,55.470634,163083.19,Tuesday,October,2025,Beras Medium
2025-10-08,9448.314,9389.476,28943.988,55.479195,164058.7,Wednesday,October,2025,Beras Medium
2025-10-09,9449.158,9351.6455,29000.887,55.49244,165044.42,Thursday,October,2025,Beras Medium
2025-10-10,9445.4,9354.569,28970.0,55.49519,164569.27,Friday,October,2025,Beras Medium
2025-10-11,9436.029,9409.786,28804.895,55.479446,162185.4,Saturday,October,2025,Beras Medium
2025-10-12,9422.694,9494.564,28486.012,55.45917,159125.55,Sunday,October,2025,Beras Medium
2025-10-13,9416.058,9564.281,28243.047,55.447716,157533.11,Monday,October,2025,Beras Medium
2025-10-14,9409.624,9554.491,28141.945,55.441265,157350.98,Tuesday,October,2025,Beras Medium
2025-10-15,9406.428,9487.267,28165.154,55.443974,158197.62,Wednesday,October,2025,Beras Medium
2025-10-16,9406.481,9417.846,28211.56,55.454124,159119.39,Thursday,October,2025,Beras Medium
2025-10-17,9402.875,9409.895,28172.36,55.456497,158826.28,Friday,October,2025,Beras Medium
2025-10-18,9392.18,9478.724,27936.357,55.44546,156572.95,Saturday,October,2025,Beras Medium
2025-10-19,9377.487,9577.531,27530.025,55.427654,153380.73,Sunday,October,2025,Beras Medium
2025-10-20,9372.5625,9648.305,27292.674,55.41682,151955.95,Monday,October,2025,Beras Medium
2025-10-21,9367.465,9627.057,27238.135,55.410076,152115.77,Tuesday,October,2025,Beras Medium
2025-10-22,9365.962,9546.309,27301.66,55.413204,153259.34,Wednesday,October,2025,Beras Medium
2025-10-23,9368.155,9466.4375,27385.715,55.424736,154458.55,Thursday,October,2025,Beras Medium
2025-10-24,9367.391,9450.538,27402.682,55.4294,154532.73,Friday,October,2025,Beras Medium
2025-10-25,9357.722,9516.744,27192.428,55.420948,152496.58,Saturday,October,2025,Beras Medium
2025-10-26,9346.424,9613.52,26855.463,55.402832,149578.81,Sunday,October,2025,Beras Medium
2025-10-27,9343.492,9680.444,26661.076,55.391644,148336.38,Monday,October,2025,Beras Medium
2025-10-28,9339.464,9654.331,26632.715,55.387096,148740.58,Tuesday,October,2025,Beras Medium
2025-10-29,9340.182,9566.811,26742.193,55.392162,150200.78,Wednesday,October,2025,Beras Medium
2025-10-30,9344.85,9481.966,26876.43,55.4059,151718.42,Thursday,October,2025,Beras Medium
2025-10-31,9346.169,9462.982,26931.28,55.41292,152046.22,Friday,October,2025,Beras Medium
2025-11-01,9338.233,9526.577,26766.53,55.40583,150254.03,Saturday,November,2025,Beras Medium
2025-11-02,9337.008,9655.165,26591.15,55.392143,148136.81,Sunday,November,2025,Beras Medium
2025-11-03,9346.022,9769.844,26590.26,55.385704,147830.98,Monday,November,2025,Beras Medium
2025-11-04,9350.593,9800.357,26736.65,55.38719,148639.98,Tuesday,November,2025,Beras Medium
2025-11-05,9345.842,9742.574,26949.67,55.3912,149767.33,Wednesday,November,2025,Beras Medium
2025-11-06,9343.975,9691.656,27123.002,55.400753,150739.03,Thursday,November,2025,Beras Medium
2025-11-07,9341.385,9716.168,27182.37,55.402954,150610.11,Friday,November,2025,Beras Medium
2025-11-08,9341.586,9829.963,27157.252,55.3894,149369.1,Saturday,November,2025,Beras Medium
2025-11-09,9352.136,9999.712,27254.62,55.37251,148487.4,Sunday,November,2025,Beras Medium
2025-11-10,9364.236,10132.931,27467.625,55.364597,149082.98,Monday,November,2025,Beras Medium
2025-11-11,9361.7295,10136.49,27566.553,55.35869,149811.28,Tuesday,November,2025,Beras Medium
2025-11-12,9345.42,10034.169,27526.953,55.358948,150185.62,Wednesday,November,2025,Beras Medium
2025-11-13,9330.148,9933.091,27491.592,55.36421,150248.11,Thursday,November,2025,Beras Medium
2025-11-14,9325.1875,9925.287,27582.885,55.36414,149889.77,Friday,November,2025,Beras Medium
2025-11-15,9331.709,10043.482,27739.838,55.35232,149157.83,Saturday,November,2025,Beras Medium
2025-11-16,9349.416,10211.881,28061.117,55.345543,149871.81,Sunday,November,2025,Beras Medium
2025-11-17,9360.969,10328.2705,28314.545,55.341125,150959.95,Monday,November,2025,Beras Medium
2025-11-18,9352.839,10309.78,28300.426,55.33258,151165.45,Tuesday,November,2025,Beras Medium
2025-11-19,9332.052,10178.147,28102.953,55.329266,150802.83,Wednesday,November,2025,Beras Medium
2025-11-20,9314.863,10054.187,27942.863,55.334507,150329.81,Thursday,November,2025,Beras Medium
2025-11-21,9311.441,10037.231,27982.773,55.33623,149866.14,Friday,November,2025,Beras Medium
2025-11-22,9322.817,10142.506,28194.146,55.33053,149719.39,Saturday,November,2025,Beras Medium
2025-11-23,9343.277,10304.113,28557.723,55.32849,150911.94,Sunday,November,2025,Beras Medium
2025-11-24,9354.704,10408.929,28785.973,55.326225,152068.42,Monday,November,2025,Beras Medium
2025-11-25,9345.568,10375.391,28714.82,55.319122,152133.5,Tuesday,November,2025,Beras Medium
2025-11-26,9322.529,10233.435,28402.756,55.31399,151209.14,Wednesday,November,2025,Beras Medium
2025-11-27,9305.169,10103.068,28165.943,55.3194,150422.16,Thursday,November,2025,Beras Medium
2025-11-28,9302.636,10082.245,28166.725,55.322063,149846.77,Friday,November,2025,Beras Medium
2025-11-29,9316.697,10180.628,28403.326,55.31972,149998.86,Saturday,November,2025,Beras Medium
2025-11-30,9338.482,10338.988,28773.822,55.319744,151340.67,Sunday,November,2025,Beras Medium
2025-12-01,9350.216,10438.826,28985.727,55.318615,152512.97,Monday,December,2025,Beras Medium
2025-12-02,9349.202,10429.801,29173.531,55.31552,153672.77,Tuesday,December,2025,Beras Medium
2025-12-03,9332.551,10316.341,29127.254,55.311623,153695.06,Wednesday,December,2025,Beras Medium
2025-12-04,9322.883,10220.49,29246.83,55.317722,154184.7,Thursday,December,2025,Beras Medium
2025-12-05,9329.9,10244.456,29583.855,55.323174,154725.28,Friday,December,2025,Beras Medium
2025-12-06,9357.034,10385.499,30184.781,55.32932,156368.9,Saturday,December,2025,Beras Medium
2025-12-07,9389.377,10593.753,30876.395,55.33692,158974.94,Sunday,December,2025,Beras Medium
2025-12-08,9406.904,10725.671,31329.39,55.340347,161044.48,Monday,December,2025,Beras Medium
2025-12-09,9399.0625,10695.569,31399.932,55.33632,161588.64,Tuesday,December,2025,Beras Medium
2025-12-10,9372.814,10544.89,31082.898,55.32632,160278.1,Wednesday,December,2025,Beras Medium
2025-12-11,9355.392,10419.021,30921.951,55.327034,159459.44,Thursday,December,2025,Beras Medium
2025-12-12,9359.258,10421.871,31075.895,55.331566,159333.06,Friday,December,2025,Beras Medium
2025-12-13,9385.402,10549.493,31577.164,55.340927,160857.83,Saturday,December,2025,Beras Medium
2025-12-14,9414.963,10742.453,32144.09,55.348873,163139.8,Sunday,December,2025,Beras Medium
2025-12-15,9441.165,10844.584,32456.402,55.37264,164947.22,Monday,December,2025,Beras Medium
2025-12-16,9424.917,10790.565,32356.877,55.361298,164841.11,Tuesday,December,2025,Beras Medium
2025-12-17,9385.324,10622.926,31879.148,55.334198,162840.73,Wednesday,December,2025,Beras Medium
2025-12-18,9364.593,10482.476,31558.834,55.331947,161375.62,Thursday,December,2025,Beras Medium
2025-12-19,9367.89,10474.116,31632.303,55.336563,161067.19,Friday,December,2025,Beras Medium
2025-12-20,9393.545,10596.951,32069.475,55.34616,162425.77,Saturday,December,2025,Beras Medium
2025-12-21,9429.141,10780.73,32581.854,55.36498,164657.16,Sunday,December,2025,Beras Medium
2025-12-22,9455.549,10875.945,32842.492,55.39027,166323.7,Monday,December,2025,Beras Medium
2025-12-23,9436.85,10815.736,32671.6,55.37643,165950.73,Tuesday,December,2025,Beras Medium
2025-12-24,9389.545,10646.12,32137.607,55.337784,163669.25,Wednesday,December,2025,Beras Medium
2025-12-25,9367.93,10501.822,31772.363,55.33473,162036.8,Thursday,December,2025,Beras Medium
2025-12-26,9371.019,10490.562,31820.016,55.339214,161669.39,Friday,December,2025,Beras Medium
2025-12-27,9396.593,10612.25,32237.814,55.34878,162979.58,Saturday,December,2025,Beras Medium
2025-12-28,9435.542,10792.744,32734.965,55.373188,165222.78,Sunday,December,2025,Beras Medium
2025-12-29,9461.355,10886.703,32980.934,55.397686,166840.55,Monday,December,2025,Beras Medium
2025-12-30,9441.841,10825.02,32779.46,55.382843,166351.44,Tuesday,December,2025,Beras Medium
2025-12-31,9391.441,10655.297,32222.51,55.339424,163952.61,Wednesday,December,2025,Beras Medium
2024-01-01,10304.973,11705.168,26819.111,55.24693,139726.67,Monday,January,2024,Beras Premium
2024-01-02,10257.425,11614.534,26653.293,55.245914,140572.27,Tuesday,January,2024,Beras Premium
2024-01-03,10209.408,11524.829,26502.717,55.23395,140917.02,Wednesday,January,2024,Beras Premium
2024-01-04,10172.837,11460.848,26466.766,55.22419,141530.55,Thursday,January,2024,Beras Premium
2024-01-05,10149.466,11423.055,26586.84,55.222984,142930.78,Friday,January,2024,Beras Premium
2024-01-06,10141.879,11416.099,26885.455,55.23253,145269.78,Saturday,January,2024,Beras Premium
2024-01-07,10144.052,11427.699,27249.0,55.249912,147977.66,Sunday,January,2024,Beras Premium
2024-01-08,10140.932,11426.052,27478.07,55.26744,150123.11,Monday,January,2024,Beras Premium
2024-01-09,10126.321,11400.351,27571.848,55.2779,151635.27,Tuesday,January,2024,Beras Premium
2024-01-10,10113.395,11380.981,27658.953,55.281387,152672.86,Wednesday,January,2024,Beras Premium
2024-01-11,10106.015,11374.761,27762.256,55.287334,153563.38,Thursday,January,2024,Beras Premium
2024-01-12,10104.703,11379.081,27926.729,55.295734,154701.89,Friday,January,2024,Beras Premium
2024-01-13,10114.2705,11403.552,28184.357,55.31026,156292.7,Saturday,January,2024,Beras Premium
2024-01-14,10130.899,11440.931,28481.611,55.327007,157999.53,Sunday,January,2024,Beras Premium
2024-01-15,10140.818,11462.74,28682.03,55.3372,159180.92,Monday,January,2024,Beras Premium
2024-01-16,10136.065,11453.741,28712.475,55.33647,159554.05,Tuesday,January,2024,Beras Premium
2024-01-17,10128.37,11441.574,28667.38,55.33464,159454.64,Wednesday,January,2024,Beras Premium
2024-01-18,10123.657,11437.186,28624.477,55.334335,159201.38,Thursday,January,2024,Beras Premium
2024-01-19,10123.223,11439.637,28647.354,55.33636,159288.94,Friday,January,2024,Beras Premium
2024-01-20,10134.167,11463.636,28793.93,55.34448,159981.34,Saturday,January,2024,Beras Premium
2024-01-21,10153.208,11503.035,29026.162,55.35179,160917.16,Sunday,January,2024,Beras Premium
2024-01-22,10163.655,11523.27,29144.074,55.35873,161522.5,Monday,January,2024,Beras Premium
2024-01-23,10156.267,11506.206,29059.293,55.358902,161394.84,Tuesday,January,2024,Beras Premium
2024-01-24,10146.47,11487.449,28938.006,55.352573,160804.4,Wednesday,January,2024,Beras Premium
2024-01-25,10139.348,11476.1045,28827.02,55.34829,160132.25,Thursday,January,2024,Beras Premium
2024-01-26,10136.882,11472.68,28798.793,55.34625,159880.61,Friday,January,2024,Beras Premium
2024-01-27,10147.623,11494.987,28935.13,55.347027,160282.38,Saturday,January,2024,Beras Premium
2024-01-28,10165.6045,11531.204,29139.371,55.35297,161067.39,Sunday,January,2024,Beras Premium
2024-01-29,10174.867,11548.161,29233.752,55.359074,161570.16,Monday,January,2024,Beras Premium
2024-01-30,10165.505,11526.257,29117.516,55.359722,161368.22,Tuesday,January,2024,Beras Premium
2024-01-31,10153.35,11502.022,28961.117,55.355293,160741.95,Wednesday,January,2024,Beras Premium
2024-02-01,10145.114,11487.933,28843.908,55.34871,160003.77,Thursday,February,2024,Beras Premium
2024-02-02,10142.135,11483.375,28789.861,55.342354,159521.39,Friday,February,2024,Beras Premium
2024-02-03,10153.656,11508.034,28895.854,55.339184,159608.38,Saturday,February,2024,Beras Premium
2024-02-04,10174.028,11550.478,29078.924,55.340515,160030.2,Sunday,February,2024,Beras Premium
2024-02-05,10186.0205,11573.664,29148.416,55.344208,160224.77,Monday,February,2024,Beras Premium
2024-02-06,10178.149,11554.604,28999.05,55.343143,159721.73,Tuesday,February,2024,Beras Premium
2024-02-07,10163.708,11524.173,28792.62,55.337208,158840.17,Wednesday,February,2024,Beras Premium
2024-02-08,10153.086,11503.801,28642.791,55.329147,157949.88,Thursday,February,2024,Beras Premium
2024-02-09,10151.72,11502.762,28618.568,55.32288,157522.2,Friday,February,2024,Beras Premium
2024-02-10,10165.935,11533.426,28765.104,55.320457,157721.1,Saturday,February,2024,Beras Premium
2024-02-11,10188.467,11581.201,28990.521,55.323807,158337.14,Sunday,February,2024,Beras Premium
2024-02-12,10201.293,11606.277,29083.748,55.329678,158703.48,Monday,February,2024,Beras Premium
2024-02-13,10192.763,11585.134,28936.305,55.329586,158280.2,Tuesday,February,2024,Beras Premium
2024-02-14,10176.461,11549.937,28725.658,55.32445,157476.56,Wednesday,February,2024,Beras Premium
2024-02-15,10164.176,11525.508,28578.832,55.31744,156699.72,Thursday,February,2024,Beras Premium
2024-02-16,10161.761,11522.134,28561.855,55.312107,156380.3,Friday,February,2024,Beras Premium
2024-02-17,10175.31,11551.471,28718.168,55.310543,156685.64,Saturday,February,2024,Beras Premium
2024-02-18,10196.986,11597.75,28953.965,55.31554,157453.22,Sunday,February,2024,Beras Premium
2024-02-19,10208.654,11620.51,29050.555,55.322723,157938.03,Monday,February,2024,Beras Premium
2024-02-20,10198.783,11596.365,28900.143,55.32321,157581.84,Tuesday,February,2024,Beras Premium
2024-02-21,10181.13,11558.16,28687.352,55.31863,156845.06,Wednesday,February,2024,Beras Premium
2024-02-22,10167.768,11531.416,28541.775,55.31228,156143.78,Thursday,February,2024,Beras Premium
2024-02-23,10164.508,11526.35,28527.32,55.307568,155895.38,Friday,February,2024,Beras Premium
2024-02-24,10177.386,11554.427,28685.793,55.30662,156263.66,Saturday,February,2024,Beras Premium
2024-02-25,10198.425,11599.566,28923.805,55.312336,157097.42,Sunday,February,2024,Beras Premium
2024-02-26,10209.504,11621.233,29021.523,55.320076,157635.34,Monday,February,2024,Beras Premium
2024-02-27,10199.1455,11596.143,28873.086,55.32092,157325.72,Tuesday,February,2024,Beras Premium
2024-02-28,10181.157,11557.317,28663.164,55.316696,156633.16,Wednesday,February,2024,Beras Premium
2024-02-29,10167.582,11530.224,28521.137,55.310726,155974.8,Thursday,February,2024,Beras Premium
2024-03-01,10164.122,11524.845,28509.473,55.306343,155762.42,Friday,March,2024,Beras Premium
2024-03-02,10172.465,11542.676,28594.363,55.30242,155872.22,Saturday,March,2024,Beras Premium
2024-03-03,10187.508,11574.244,28754.88,55.3051,156453.94,Sunday,March,2024,Beras Premium
2024-03-04,10192.6875,11582.615,28785.662,55.31076,156820.22,Monday,March,2024,Beras Premium
2024-03-05,10177.065,11545.808,28579.03,55.31111,156401.12,Tuesday,March,2024,Beras Premium
2024-03-06,10155.393,11498.336,28326.713,55.306343,155629.42,Wednesday,March,2024,Beras Premium
2024-03-07,10138.114,11461.918,28142.102,55.298813,154877.14,Thursday,March,2024,Beras Premium
2024-03-08,10129.167,11443.7,28079.47,55.291904,154564.22,Friday,March,2024,Beras Premium
2024-03-09,10135.108,11456.762,28173.633,55.287968,154788.92,Saturday,March,2024,Beras Premium
2024-03-10,10148.786,11485.846,28338.967,55.291252,155458.08,Sunday,March,2024,Beras Premium
2024-03-11,10154.316,11495.668,28403.389,55.297413,155975.98,Monday,March,2024,Beras Premium
2024-03-12,10141.472,11466.37,28269.135,55.301163,155926.7,Tuesday,March,2024,Beras Premium
2024-03-13,10124.308,11430.037,28096.408,55.30044,155528.06,Wednesday,March,2024,Beras Premium
2024-03-14,10111.579,11404.584,27982.223,55.296715,155101.75,Thursday,March,2024,Beras Premium
2024-03-15,10106.449,11395.432,27973.031,55.29289,155027.45,Friday,March,2024,Beras Premium
2024-03-16,10114.776,11414.17,28098.795,55.290985,155386.95,Saturday,March,2024,Beras Premium
2024-03-17,10130.555,11447.788,28281.615,55.29424,156051.73,Sunday,March,2024,Beras Premium
2024-03-18,10138.078,11462.297,28364.252,55.300858,156584.27,Monday,March,2024,Beras Premium
2024-03-19,10127.851,11439.127,28255.262,55.305214,156572.94,Tuesday,March,2024,Beras Premium
2024-03-20,10113.433,11409.056,28103.668,55.305046,156191.17,Wednesday,March,2024,Beras Premium
2024-03-21,10103.08,11388.924,28004.459,55.30167,155759.62,Thursday,March,2024,Beras Premium
2024-03-22,10099.786,11383.741,28003.646,55.297943,155657.64,Friday,March,2024,Beras Premium
2024-03-23,10109.464,11405.289,28132.299,55.295853,155968.08,Saturday,March,2024,Beras Premium
2024-03-24,10126.391,11441.188,28315.572,55.298615,156566.77,Sunday,March,2024,Beras Premium
2024-03-25,10134.958,11457.787,28398.504,55.304775,157037.42,Monday,March,2024,Beras Premium
2024-03-26,10125.737,11436.632,28289.668,55.308674,156967.1,Tuesday,March,2024,Beras Premium
2024-03-27,10112.127,11408.13,28136.479,55.308075,156528.1,Wednesday,March,2024,Beras Premium
2024-03-28,10102.379,11389.122,28034.576,55.304268,156041.81,Thursday,March,2024,Beras Premium
2024-03-29,10099.514,11384.661,28030.51,55.300117,155889.62,Friday,March,2024,Beras Premium
2024-03-30,10109.591,11406.875,28156.52,55.29763,156155.31,Saturday,March,2024,Beras Premium
2024-03-31,10126.873,11443.356,28337.693,55.30005,156715.53,Sunday,March,2024,Beras Premium
2024-04-01,10135.727,11460.394,28418.727,55.305935,157154.62,Monday,April,2024,Beras Premium
2024-04-02,10123.63,11431.652,28281.867,55.308723,157036.89,Tuesday,April,2024,Beras Premium
2024-04-03,10106.195,11393.293,28080.541,55.3043,156374.5,Wednesday,April,2024,Beras Premium
2024-04-04,10091.618,11361.797,27906.049,55.294548,155550.73,Thursday,April,2024,Beras Premium
2024-04-05,10083.083,11343.287,27813.148,55.287243,155120.16,Friday,April,2024,Beras Premium
2024-04-06,10083.044,11342.269,27836.143,55.2819,155207.66,Saturday,April,2024,Beras Premium
2024-04-07,10089.103,11353.81,27941.89,55.28313,155782.03,Sunday,April,2024,Beras Premium
2024-04-08,10088.655,11351.055,27999.648,55.28912,156443.72,Monday,April,2024,Beras Premium
2024-04-09,10079.58,11330.733,27979.559,55.287193,156621.5,Tuesday,April,2024,Beras Premium
2024-04-10,10067.813,11306.509,27895.03,55.282394,156348.4,Wednesday,April,2024,Beras Premium
2024-04-11,10058.251,11287.693,27798.191,55.27835,155941.64,Thursday,April,2024,Beras Premium
2024-04-12,10054.095,11280.122,27762.848,55.276524,155833.45,Friday,April,2024,Beras Premium
2024-04-13,10056.216,11284.98,27803.484,55.278465,156158.12,Saturday,April,2024,Beras Premium
2024-04-14,10064.277,11301.846,27924.785,55.28448,156868.2,Sunday,April,2024,Beras Premium
2024-04-15,10067.78,11308.347,28032.812,55.287727,157523.98,Monday,April,2024,Beras Premium
2024-04-16,10062.859,11297.722,28046.264,55.28616,157710.72,Tuesday,April,2024,Beras Premium
2024-04-17,10054.758,11281.927,27978.479,55.28337,157443.7,Wednesday,April,2024,Beras Premium
2024-04-18,10048.367,11270.251,27892.584,55.28085,157016.75,Thursday,April,2024,Beras Premium
2024-04-19,10046.683,11268.045,27861.318,55.279945,156856.52,Friday,April,2024,Beras Premium
2024-04-20,10050.571,11276.579,27899.764,55.282272,157100.95,Saturday,April,2024,Beras Premium
2024-04-21,10060.019,11296.214,28016.049,55.288403,157719.0,Sunday,April,2024,Beras Premium
2024-04-22,10064.725,11305.059,28117.99,55.29165,158280.17,Monday,April,2024,Beras Premium
2024-04-23,10060.925,11296.6045,28124.898,55.29003,158376.16,Tuesday,April,2024,Beras Premium
2024-04-24,10053.717,11282.475,28048.914,55.28706,158017.1,Wednesday,April,2024,Beras Premium
2024-04-25,10047.984,11271.939,27954.57,55.284267,157504.39,Thursday,April,2024,Beras Premium
2024-04-26,10046.751,11270.417,27915.023,55.28303,157265.75,Friday,April,2024,Beras Premium
2024-04-27,10051.002,11279.441,27946.027,55.285046,157440.56,Saturday,April,2024,Beras Premium
2024-04-28,10060.746,11299.438,28055.611,55.29089,157997.14,Sunday,April,2024,Beras Premium
2024-04-29,10065.671,11308.499,28151.533,55.293858,158505.02,Monday,April,2024,Beras Premium
2024-04-30,10061.957,11299.999,28152.605,55.29194,158553.7,Tuesday,April,2024,Beras Premium
2024-05-01,10054.74,11285.646,28070.9,55.288647,158151.3,Wednesday,May,2024,Beras Premium
2024-05-02,10047.247,11270.343,27952.295,55.28345,157573.84,Thursday,May,2024,Beras Premium
2024-05-03,10043.491,11262.065,27865.52,55.27911,157158.05,Friday,May,2024,Beras Premium
2024-05-04,10045.153,11264.3125,27868.0,55.279037,157257.62,Saturday,May,2024,Beras Premium
2024-05-05,10049.767,11272.227,27966.043,55.28242,157883.58,Sunday,May,2024,Beras Premium
2024-05-06,10051.613,11274.267,28081.943,55.285107,158606.52,Monday,May,2024,Beras Premium
2024-05-07,10047.492,11264.689,28116.436,55.284298,158897.9,Tuesday,May,2024,Beras Premium
2024-05-08,10040.355,11250.062,28062.207,55.281902,158697.31,Wednesday,May,2024,Beras Premium
2024-05-09,10035.288,11239.648,27958.33,55.27883,158125.84,Thursday,May,2024,Beras Premium
2024-05-10,10033.529,11236.2,27892.148,55.276604,157791.28,Friday,May,2024,Beras Premium
2024-05-11,10036.19,11241.739,27912.143,55.278038,157991.16,Saturday,May,2024,Beras Premium
2024-05-12,10041.572,11252.472,28022.19,55.282475,158680.1,Sunday,May,2024,Beras Premium
2024-05-13,10044.952,11258.507,28144.7,55.286266,159387.83,Monday,May,2024,Beras Premium
2024-05-14,10042.966,11253.716,28178.777,55.286602,159582.16,Tuesday,May,2024,Beras Premium
2024-05-15,10038.251,11244.261,28125.748,55.28537,159282.23,Wednesday,May,2024,Beras Premium
2024-05-16,10033.898,11235.81,28013.783,55.282383,158633.89,Thursday,May,2024,Beras Premium
2024-05-17,10032.69,11233.931,27943.076,55.280155,158249.53,Friday,May,2024,Beras Premium
2024-05-18,10035.768,11240.655,27958.871,55.281483,158401.45,Saturday,May,2024,Beras Premium
2024-05-19,10041.453,11252.246,28064.645,55.28573,159043.25,Sunday,May,2024,Beras Premium
2024-05-20,10045.051,11258.8955,28182.643,55.289265,159704.83,Monday,May,2024,Beras Premium
2024-05-21,10043.204,11254.505,28211.69,55.289295,159852.81,Tuesday,May,2024,Beras Premium
2024-05-22,10038.581,11245.314,28154.686,55.28776,159515.6,Wednesday,May,2024,Beras Premium
2024-05-23,10034.283,11237.009,28038.234,55.28447,158829.27,Thursday,May,2024,Beras Premium
2024-05-24,10033.105,11235.196,27963.846,55.281963,158413.38,Friday,May,2024,Beras Premium
2024-05-25,10036.193,11241.928,27976.512,55.28304,158538.5,Saturday,May,2024,Beras Premium
2024-05-26,10041.874,11253.483,28079.584,55.287064,159157.48,Sunday,May,2024,Beras Premium
2024-05-27,10045.455,11260.067,28195.191,55.2904,159799.39,Monday,May,2024,Beras Premium
2024-05-28,10043.578,11255.583,28222.07,55.290253,159930.12,Tuesday,May,2024,Beras Premium
2024-05-29,10038.917,11246.281,28163.133,55.28855,159577.92,Wednesday,May,2024,Beras Premium
2024-05-30,10034.584,11237.869,28045.223,55.285114,158879.98,Thursday,May,2024,Beras Premium
2024-05-31,10033.369,11235.949,27969.523,55.282494,158453.97,Friday,May,2024,Beras Premium
2024-06-01,10036.424,11242.584,27981.113,55.283474,158570.92,Saturday,June,2024,Beras Premium
2024-06-02,10042.854,11255.607,28101.908,55.288876,159321.83,Sunday,June,2024,Beras Premium
2024-06-03,10047.207,11263.539,28233.562,55.293583,160098.28,Monday,June,2024,Beras Premium
2024-06-04,10044.981,11258.028,28250.037,55.292763,160215.03,Tuesday,June,2024,Beras Premium
2024-06-05,10037.756,11241.911,28109.674,55.2872,159435.0,Wednesday,June,2024,Beras Premium
2024-06-06,10031.368,11227.414,27905.203,55.28067,158290.16,Thursday,June,2024,Beras Premium
2024-06-07,10029.015,11221.906,27786.67,55.27678,157668.52,Friday,June,2024,Beras Premium
2024-06-08,10031.858,11227.3125,27789.467,55.27779,157762.48,Saturday,June,2024,Beras Premium
2024-06-09,10037.861,11239.024,27904.57,55.282818,158471.45,Sunday,June,2024,Beras Premium
2024-06-10,10041.947,11246.39,28040.33,55.287407,159252.08,Monday,June,2024,Beras Premium
2024-06-11,10038.868,11239.163,28059.258,55.285892,159343.17,Tuesday,June,2024,Beras Premium
2024-06-12,10030.827,11221.282,27904.328,55.27931,158435.31,Wednesday,June,2024,Beras Premium
2024-06-13,10024.356,11206.64,27691.88,55.272488,157210.3,Thursday,June,2024,Beras Premium
2024-06-14,10022.306,11202.098,27583.621,55.268948,156620.3,Friday,June,2024,Beras Premium
2024-06-15,10025.577,11208.896,27603.6,55.270554,156790.58,Saturday,June,2024,Beras Premium
2024-06-16,10032.037,11222.123,27737.32,55.27623,157588.23,Sunday,June,2024,Beras Premium
2024-06-17,10036.613,11231.089,27891.576,55.281483,158460.61,Monday,June,2024,Beras Premium
2024-06-18,10033.883,11225.139,27928.027,55.28048,158637.48,Tuesday,June,2024,Beras Premium
2024-06-19,10026.182,11208.372,27782.113,55.274246,157769.98,Wednesday,June,2024,Beras Premium
2024-06-20,10020.183,11195.06,27578.846,55.267895,156590.64,Thursday,June,2024,Beras Premium
2024-06-21,10018.585,11191.779,27480.957,55.264828,156054.83,Friday,June,2024,Beras Premium
2024-06-22,10022.306,11199.852,27513.643,55.266953,156293.39,Saturday,June,2024,Beras Premium
2024-06-23,10029.157,11214.209,27659.135,55.27309,157154.05,Sunday,June,2024,Beras Premium
2024-06-24,10034.084,11224.189,27823.84,55.27875,158082.67,Monday,June,2024,Beras Premium
2024-06-25,10031.645,11219.088,27868.74,55.278072,158304.61,Tuesday,June,2024,Beras Premium
2024-06-26,10024.2,11203.043,27728.28,55.272083,157466.3,Wednesday,June,2024,Beras Premium
2024-06-27,10018.459,11190.428,27530.94,55.265987,156319.92,Thursday,June,2024,Beras Premium
2024-06-28,10017.089,11187.758,27438.719,55.263157,155815.8,Friday,June,2024,Beras Premium
2024-06-29,10021.019,11196.3955,27477.354,55.265503,156087.58,Saturday,June,2024,Beras Premium
2024-06-30,10028.044,11211.235,27628.074,55.271843,156977.14,Sunday,June,2024,Beras Premium
2024-07-01,10033.12,11221.631,27797.236,55.277676,157930.47,Monday,July,2024,Beras Premium
2024-07-02,10031.464,11218.773,27851.95,55.276886,158234.16,Tuesday,July,2024,Beras Premium
2024-07-03,10025.652,11207.339,27745.457,55.27203,157647.98,Wednesday,July,2024,Beras Premium
2024-07-04,10021.231,11198.632,27582.164,55.267365,156755.75,Thursday,July,2024,Beras Premium
2024-07-05,10020.595,11197.725,27490.244,55.265453,156302.92,Friday,July,2024,Beras Premium
2024-07-06,10024.487,11205.657,27521.23,55.268536,156592.36,Saturday,July,2024,Beras Premium
2024-07-07,10031.252,11219.609,27668.879,55.274265,157465.55,Sunday,July,2024,Beras Premium
2024-07-08,10035.112,11227.477,27830.252,55.276913,158333.73,Monday,July,2024,Beras Premium
2024-07-09,10030.685,11217.865,27850.62,55.270756,158356.66,Tuesday,July,2024,Beras Premium
2024-07-10,10022.996,11201.417,27719.906,55.262962,157564.19,Wednesday,July,2024,Beras Premium
2024-07-11,10018.374,11191.333,27558.201,55.259445,156670.39,Thursday,July,2024,Beras Premium
2024-07-12,10017.613,11189.347,27458.172,55.258614,156171.98,Friday,July,2024,Beras Premium
2024-07-13,10021.063,11195.847,27482.8,55.2619,156418.47,Saturday,July,2024,Beras Premium
2024-07-14,10027.225,11208.339,27621.62,55.26701,157219.36,Sunday,July,2024,Beras Premium
2024-07-15,10030.718,11215.426,27784.34,55.269577,158080.56,Monday,July,2024,Beras Premium
2024-07-16,10026.167,11205.597,27805.416,55.26358,158096.61,Tuesday,July,2024,Beras Premium
2024-07-17,10018.532,11189.326,27674.123,55.25612,157293.42,Wednesday,July,2024,Beras Premium
2024-07-18,10014.253,11180.063,27514.578,55.253513,156416.88,Thursday,July,2024,Beras Premium
2024-07-19,10013.9795,11179.244,27417.46,55.253746,155944.83,Friday,July,2024,Beras Premium
2024-07-20,10017.738,11186.614,27445.102,55.257618,156209.97,Saturday,July,2024,Beras Premium
2024-07-21,10024.216,11200.001,27587.602,55.263306,157033.14,Sunday,July,2024,Beras Premium
2024-07-22,10028.019,11207.992,27756.096,55.266426,157927.34,Monday,July,2024,Beras Premium
2024-07-23,10023.796,11199.1045,27782.166,55.260937,157971.61,Tuesday,July,2024,Beras Premium
2024-07-24,10016.472,11183.696,27653.748,55.2539,157185.14,Wednesday,July,2024,Beras Premium
2024-07-25,10012.479,11175.214,27496.395,55.251663,156322.06,Thursday,July,2024,Beras Premium
2024-07-26,10012.5,11175.175,27402.088,55.252304,155868.14,Friday,July,2024,Beras Premium
2024-07-27,10016.495,11183.19,27432.455,55.256474,156149.1,Saturday,July,2024,Beras Premium
2024-07-28,10023.171,11197.127,27577.404,55.26241,156985.78,Sunday,July,2024,Beras Premium
2024-07-29,10027.145,11205.599,27748.225,55.26573,157892.27,Monday,July,2024,Beras Premium
2024-07-30,10023.081,11197.151,27776.299,55.26041,157946.88,Tuesday,July,2024,Beras Premium
2024-07-31,10015.892,11182.113,27649.053,55.253506,157166.4,Wednesday,July,2024,Beras Premium
2024-08-01,10012.012,11173.938,27492.537,55.251373,156307.64,Thursday,August,2024,Beras Premium
2024-08-02,10012.151,11174.416,27414.094,55.25351,155990.2,Friday,August,2024,Beras Premium
2024-08-03,10015.3125,11180.402,27454.303,55.257664,156388.88,Saturday,August,2024,Beras Premium
2024-08-04,10020.958,11191.477,27618.152,55.263496,157415.14,Sunday,August,2024,Beras Premium
2024-08-05,10024.756,11198.949,27804.994,55.267334,158493.16,Monday,August,2024,Beras Premium
2024-08-06,10022.767,11194.758,27902.496,55.2655,159060.39,Tuesday,August,2024,Beras Premium
2024-08-07,10019.53,11189.147,27894.664,55.26432,159068.06,Wednesday,August,2024,Beras Premium
2024-08-08,10018.007,11187.954,27820.77,55.265083,158724.2,Thursday,August,2024,Beras Premium
2024-08-09,10017.6455,11187.43,27743.72,55.2666,158431.44,Friday,August,2024,Beras Premium
2024-08-10,10019.352,11189.904,27762.543,55.26892,158695.9,Saturday,August,2024,Beras Premium
2024-08-11,10023.463,11197.056,27904.754,55.272533,159574.92,Sunday,August,2024,Beras Premium
2024-08-12,10026.177,11201.62,28067.072,55.27422,160467.38,Monday,August,2024,Beras Premium
2024-08-13,10023.822,11196.194,28142.008,55.27125,160844.4,Tuesday,August,2024,Beras Premium
2024-08-14,10020.336,11189.716,28114.521,55.269382,160683.75,Wednesday,August,2024,Beras Premium
2024-08-15,10018.45,11187.444,28017.467,55.269905,160171.31,Thursday,August,2024,Beras Premium
2024-08-16,10017.6455,11185.799,27917.623,55.271164,159722.94,Friday,August,2024,Beras Premium
2024-08-17,10018.823,11187.06,27913.49,55.272808,159828.27,Saturday,August,2024,Beras Premium
2024-08-18,10022.368,11193.103,28045.467,55.275486,160630.69,Sunday,August,2024,Beras Premium
2024-08-19,10024.795,11197.137,28196.883,55.276478,161438.12,Monday,August,2024,Beras Premium
2024-08-20,10022.547,11192.058,28262.004,55.273327,161733.66,Tuesday,August,2024,Beras Premium
2024-08-21,10019.382,11186.351,28221.934,55.27168,161476.58,Wednesday,August,2024,Beras Premium
2024-08-22,10017.664,11184.568,28111.475,55.272232,160866.83,Thursday,August,2024,Beras Premium
2024-08-23,10016.9795,11183.317,27999.215,55.27347,160331.67,Friday,August,2024,Beras Premium
2024-08-24,10018.228,11184.908,27988.637,55.275043,160390.44,Saturday,August,2024,Beras Premium
2024-08-25,10021.848,11191.277,28115.322,55.2776,161151.42,Sunday,August,2024,Beras Premium
2024-08-26,10024.381,11195.684,28261.75,55.278473,161917.64,Monday,August,2024,Beras Premium
2024-08-27,10022.306,11191.121,28323.303,55.275295,162180.86,Tuesday,August,2024,Beras Premium
2024-08-28,10019.376,11186.018,28277.885,55.27375,161881.64,Wednesday,August,2024,Beras Premium
2024-08-29,10017.754,11184.537,28160.688,55.274178,161221.1,Thursday,August,2024,Beras Premium
2024-08-30,10017.125,11183.481,28041.861,55.275265,160638.62,Friday,August,2024,Beras Premium
2024-08-31,10018.432,11185.2705,28027.691,55.27677,160671.34,Saturday,August,2024,Beras Premium
2024-09-01,10022.101,11191.801,28150.975,55.279236,161406.69,Sunday,September,2024,Beras Premium
2024-09-02,10024.792,11196.517,28315.346,55.282288,162344.11,Monday,September,2024,Beras Premium
2024-09-03,10024.523,11195.858,28427.922,55.284317,163019.73,Tuesday,September,2024,Beras Premium
2024-09-04,10023.584,11195.68,28423.902,55.28598,163027.28,Wednesday,September,2024,Beras Premium
2024-09-05,10022.471,11195.987,28324.81,55.28661,162499.72,Thursday,September,2024,Beras Premium
2024-09-06,10021.815,11195.36,28250.836,55.28806,162203.17,Friday,September,2024,Beras Premium
2024-09-07,10022.767,11196.023,28297.055,55.2913,162715.17,Saturday,September,2024,Beras Premium
2024-09-08,10024.885,11198.081,28455.455,55.29418,163803.14,Sunday,September,2024,Beras Premium
2024-09-09,10025.633,11196.3955,28651.396,55.295845,164770.42,Monday,September,2024,Beras Premium
2024-09-10,10023.645,11189.665,28763.824,55.29592,165167.11,Tuesday,September,2024,Beras Premium
2024-09-11,10020.772,11183.671,28731.256,55.29491,164921.33,Wednesday,September,2024,Beras Premium
2024-09-12,10017.78,11178.973,28603.834,55.293404,164252.83,Thursday,September,2024,Beras Premium
2024-09-13,10015.33,11173.823,28531.082,55.2934,163878.95,Friday,September,2024,Beras Premium
2024-09-14,10015.196,11171.284,28591.465,55.29666,164214.17,Saturday,September,2024,Beras Premium
2024-09-15,10016.426,11170.856,28756.055,55.299076,165043.1,Sunday,September,2024,Beras Premium
2024-09-16,10016.733,11168.41,28938.207,55.299526,165842.44,Monday,September,2024,Beras Premium
2024-09-17,10014.831,11162.377,29024.89,55.298378,166091.92,Tuesday,September,2024,Beras Premium
2024-09-18,10012.519,11158.114,28970.035,55.297153,165747.73,Wednesday,September,2024,Beras Premium
2024-09-19,10010.118,11155.254,28823.771,55.295685,165007.45,Thursday,September,2024,Beras Premium
2024-09-20,10008.315,11152.099,28732.393,55.29583,164565.97,Friday,September,2024,Beras Premium
2024-09-21,10008.796,11151.519,28774.986,55.29917,164837.27,Saturday,September,2024,Beras Premium
2024-09-22,10010.563,11152.933,28921.332,55.30138,165596.77,Sunday,September,2024,Beras Premium
2024-09-23,10011.502,11152.534,29087.467,55.301647,166339.27,Monday,September,2024,Beras Premium
2024-09-24,10010.326,11148.707,29158.963,55.300377,166537.56,Tuesday,September,2024,Beras Premium
2024-09-25,10008.717,11146.522,29089.064,55.29909,166144.27,Wednesday,September,2024,Beras Premium
2024-09-26,10006.927,11145.457,28928.607,55.297592,165358.61,Thursday,September,2024,Beras Premium
2024-09-27,10005.65,11143.858,28824.486,55.29771,164877.4,Friday,September,2024,Beras Premium
2024-09-28,10006.531,11144.528,28856.707,55.30088,165118.5,Saturday,September,2024,Beras Premium
2024-09-29,10008.671,11147.08,28992.934,55.303013,165845.61,Sunday,September,2024,Beras Premium
2024-09-30,10009.952,11147.726,29150.533,55.303185,166561.38,Monday,September,2024,Beras Premium
2024-10-01,10009.102,11144.864,29214.174,55.30181,166734.58,Tuesday,October,2024,Beras Premium
2024-10-02,10008.093,11144.576,29150.605,55.302288,166334.17,Wednesday,October,2024,Beras Premium
2024-10-03,10007.492,11147.197,29029.986,55.302727,165772.9,Thursday,October,2024,Beras Premium
2024-10-04,10007.143,11148.467,28970.643,55.304417,165517.45,Friday,October,2024,Beras Premium
2024-10-05,10008.696,11151.196,29042.162,55.30917,165953.8,Saturday,October,2024,Beras Premium
2024-10-06,10012.281,11156.966,29241.178,55.31626,167026.83,Sunday,October,2024,Beras Premium
2024-10-07,10014.976,11160.63,29463.44,55.32222,168074.72,Monday,October,2024,Beras Premium
2024-10-08,10015.043,11159.957,29576.512,55.324642,168445.97,Tuesday,October,2024,Beras Premium
2024-10-09,10013.6,11158.953,29523.37,55.323483,168085.19,Wednesday,October,2024,Beras Premium
2024-10-10,10011.679,11158.582,29390.053,55.321117,167456.03,Thursday,October,2024,Beras Premium
2024-10-11,10009.931,11156.281,29308.938,55.319965,167075.98,Friday,October,2024,Beras Premium
2024-10-12,10010.14,11155.41,29354.105,55.32203,167364.25,Saturday,October,2024,Beras Premium
2024-10-13,10012.655,11158.297,29526.318,55.3267,168302.83,Sunday,October,2024,Beras Premium
2024-10-14,10014.687,11160.171,29724.182,55.330627,169244.0,Monday,October,2024,Beras Premium
2024-10-15,10014.325,11158.3125,29812.611,55.33141,169511.78,Tuesday,October,2024,Beras Premium
2024-10-16,10012.513,11156.236,29731.834,55.328903,169026.83,Wednesday,October,2024,Beras Premium
2024-10-17,10010.26,11154.834,29571.488,55.32551,168267.36,Thursday,October,2024,Beras Premium
2024-10-18,10008.247,11151.698,29466.414,55.323586,167769.48,Friday,October,2024,Beras Premium
2024-10-19,10008.248,11150.202,29490.666,55.32499,167955.44,Saturday,October,2024,Beras Premium
2024-10-20,10010.643,11152.762,29644.916,55.32905,168807.92,Sunday,October,2024,Beras Premium
2024-10-21,10012.684,11154.679,29827.7,55.33247,169679.55,Monday,October,2024,Beras Premium
2024-10-22,10012.427,11153.108,29902.768,55.332874,169887.5,Tuesday,October,2024,Beras Premium
2024-10-23,10010.764,11151.412,29809.197,55.330105,169344.89,Wednesday,October,2024,Beras Premium
2024-10-24,10008.675,11150.409,29637.729,55.326553,168535.62,Thursday,October,2024,Beras Premium
2024-10-25,10006.822,11147.687,29523.049,55.324535,167995.89,Friday,October,2024,Beras Premium
2024-10-26,10006.963,11146.579,29539.094,55.32583,168147.06,Saturday,October,2024,Beras Premium
2024-10-27,10009.485,11149.515,29686.355,55.329773,168970.1,Sunday,October,2024,Beras Premium
2024-10-28,10011.66,11151.825,29863.205,55.33308,169817.1,Monday,October,2024,Beras Premium
2024-10-29,10011.549,11150.662,29933.156,55.333397,170004.38,Tuesday,October,2024,Beras Premium
2024-10-30,10010.028,11149.354,29834.877,55.330563,169442.69,Wednesday,October,2024,Beras Premium
2024-10-31,10008.068,11148.697,29659.402,55.326977,168617.64,Thursday,October,2024,Beras Premium
2024-11-01,10006.325,11146.275,29541.316,55.324924,168065.08,Friday,November,2024,Beras Premium
2024-11-02,10007.019,11146.656,29551.268,55.32668,168119.25,Saturday,November,2024,Beras Premium
2024-11-03,10010.985,11153.687,29712.008,55.332237,168950.94,Sunday,November,2024,Beras Premium
2024-11-04,10014.598,11160.703,29894.12,55.33703,169800.84,Monday,November,2024,Beras Premium
2024-11-05,10015.801,11164.3955,29951.537,55.338352,169960.38,Tuesday,November,2024,Beras Premium
2024-11-06,10016.77,11170.893,29859.312,55.337822,169492.2,Wednesday,November,2024,Beras Premium
2024-11-07,10017.494,11178.068,29700.682,55.336445,168783.64,Thursday,November,2024,Beras Premium
2024-11-08,10017.921,11181.663,29609.137,55.3354,168368.19,Friday,November,2024,Beras Premium
2024-11-09,10019.777,11185.106,29636.182,55.336994,168564.62,Saturday,November,2024,Beras Premium
2024-11-10,10024.01,11192.56,29798.805,55.34159,169461.2,Sunday,November,2024,Beras Premium
2024-11-11,10027.391,11198.582,29976.307,55.345116,170346.4,Monday,November,2024,Beras Premium
2024-11-12,10027.806,11199.885,30022.43,55.345036,170498.33,Tuesday,November,2024,Beras Premium
2024-11-13,10027.359,11202.531,29906.312,55.342697,169928.44,Wednesday,November,2024,Beras Premium
2024-11-14,10026.368,11205.01,29721.6,55.339485,169080.12,Thursday,November,2024,Beras Premium
2024-11-15,10025.052,11203.674,29608.91,55.336777,168532.97,Friday,November,2024,Beras Premium
2024-11-16,10025.361,11202.559,29623.734,55.337143,168638.77,Saturday,November,2024,Beras Premium
2024-11-17,10028.284,11206.064,29779.428,55.340847,169478.73,Sunday,November,2024,Beras Premium
2024-11-18,10030.594,11208.813,29954.29,55.34375,170336.34,Monday,November,2024,Beras Premium
2024-11-19,10030.082,11207.302,30000.021,55.34329,170473.14,Tuesday,November,2024,Beras Premium
2024-11-20,10028.764,11207.37,29882.963,55.340652,169881.97,Wednesday,November,2024,Beras Premium
2024-11-21,10027.019,11207.615,29698.107,55.33726,169014.44,Thursday,November,2024,Beras Premium
2024-11-22,10025.1,11204.475,29586.12,55.334496,168452.81,Friday,November,2024,Beras Premium
2024-11-23,10024.971,11202.018,29602.896,55.334915,168554.08,Saturday,November,2024,Beras Premium
2024-11-24,10027.585,11204.574,29761.047,55.338726,169395.64,Sunday,November,2024,Beras Premium
2024-11-25,10029.699,11206.708,29938.828,55.341785,170259.78,Monday,November,2024,Beras Premium
2024-11-26,10029.084,11204.842,29987.613,55.34153,170405.53,Tuesday,November,2024,Beras Premium
2024-11-27,10027.732,11204.743,29873.838,55.339123,169826.34,Wednesday,November,2024,Beras Premium
2024-11-28,10026.004,11204.963,29692.117,55.33597,168971.55,Thursday,November,2024,Beras Premium
2024-11-29,10024.137,11201.907,29582.88,55.333435,168422.27,Friday,November,2024,Beras Premium
2024-11-30,10024.073,11199.602,29601.557,55.334057,168532.72,Saturday,November,2024,Beras Premium
2024-12-01,10026.757,11202.34,29761.08,55.338028,169381.05,Sunday,December,2024,Beras Premium
2024-12-02,10028.702,11204.5205,29878.625,55.339333,169900.42,Monday,December,2024,Beras Premium
2024-12-03,10028.895,11205.809,29862.238,55.338264,169721.95,Tuesday,December,2024,Beras Premium
2024-12-04,10029.896,11212.772,29711.98,55.337177,168978.94,Wednesday,December,2024,Beras Premium
2024-12-05,10031.649,11222.679,29531.127,55.33666,168109.69,Thursday,December,2024,Beras Premium
2024-12-06,10033.973,11231.145,29446.988,55.336952,167666.84,Friday,December,2024,Beras Premium
2024-12-07,10038.289,11240.783,29491.479,55.339775,167907.58,Saturday,December,2024,Beras Premium
2024-12-08,10045.126,11254.776,29641.984,55.345,168757.69,Sunday,December,2024,Beras Premium
2024-12-09,10050.255,11265.189,29761.285,55.347687,169379.08,Monday,December,2024,Beras Premium
2024-12-10,10051.424,11269.524,29735.143,55.346783,169247.66,Tuesday,December,2024,Beras Premium
2024-12-11,10052.074,11276.346,29568.275,55.34479,168495.2,Wednesday,December,2024,Beras Premium
2024-12-12,10053.294,11285.014,29380.139,55.34288,167603.48,Thursday,December,2024,Beras Premium
2024-12-13,10055.577,11292.279,29281.775,55.34212,167038.0,Friday,December,2024,Beras Premium
2024-12-14,10060.157,11300.595,29323.928,55.344345,167178.75,Saturday,December,2024,Beras Premium
2024-12-15,10068.51,11315.766,29472.674,55.349575,167967.2,Sunday,December,2024,Beras Premium
2024-12-16,10072.624,11322.2295,29592.307,55.351242,168585.53,Monday,December,2024,Beras Premium
2024-12-17,10071.559,11320.239,29565.354,55.348934,168443.5,Tuesday,December,2024,Beras Premium
2024-12-18,10069.616,11320.069,29415.701,55.345676,167708.88,Wednesday,December,2024,Beras Premium
2024-12-19,10068.589,11321.844,29275.78,55.3444,166728.4,Thursday,December,2024,Beras Premium
2024-12-20,10068.665,11322.8955,29190.818,55.343525,166093.39,Friday,December,2024,Beras Premium
2024-12-21,10071.067,11325.845,29226.387,55.34445,166293.61,Saturday,December,2024,Beras Premium
2024-12-22,10078.122,11337.602,29377.27,55.349182,167152.89,Sunday,December,2024,Beras Premium
2024-12-23,10080.715,11340.282,29498.371,55.35017,167852.78,Monday,December,2024,Beras Premium
2024-12-24,10078.174,11334.5625,29481.508,55.34766,167767.47,Tuesday,December,2024,Beras Premium
2024-12-25,10075.073,11331.097,29361.799,55.34525,167048.67,Wednesday,December,2024,Beras Premium
2024-12-26,10072.752,11329.937,29226.994,55.34351,166154.47,Thursday,December,2024,Beras Premium
2024-12-27,10071.797,11328.684,29145.871,55.34239,165591.92,Friday,December,2024,Beras Premium
2024-12-28,10073.3955,11329.882,29185.555,55.3432,165859.58,Saturday,December,2024,Beras Premium
2024-12-29,10079.895,11340.46,29340.814,55.34795,166779.53,Sunday,December,2024,Beras Premium
2024-12-30,10081.964,11342.051,29465.717,55.34894,167532.86,Monday,December,2024,Beras Premium
2024-12-31,10078.976,11335.423,29453.025,55.346462,167498.73,Tuesday,December,2024,Beras Premium
2025-01-01,10075.523,11331.264,29337.684,55.344116,166828.27,Wednesday,January,2025,Beras Premium
2025-01-02,10076.711,11339.209,29282.477,55.34715,166360.53,Thursday,January,2025,Beras Premium
2025-01-03,10086.108,11364.225,29408.977,55.35815,166843.38,Friday,January,2025,Beras Premium
2025-01-04,10103.815,11404.196,29676.148,55.37543,168113.53,Saturday,January,2025,Beras Premium
2025-01-05,10129.341,11458.878,30031.121,55.397903,169782.36,Sunday,January,2025,Beras Premium
2025-01-06,10149.599,11501.991,30305.914,55.414696,170988.1,Monday,January,2025,Beras Premium
2025-01-07,10158.214,11522.274,30401.508,55.422546,171277.36,Tuesday,January,2025,Beras Premium
2025-01-08,10161.6045,11534.696,30360.303,55.42524,170748.03,Wednesday,January,2025,Beras Premium
2025-01-09,10165.382,11548.789,30295.25,55.426636,169964.44,Thursday,January,2025,Beras Premium
2025-01-10,10172.728,11567.215,30311.838,55.42426,169466.52,Friday,January,2025,Beras Premium
2025-01-11,10191.455,11605.835,30503.484,55.42181,169652.05,Saturday,January,2025,Beras Premium
2025-01-12,10218.467,11659.86,30799.342,55.42792,170494.45,Sunday,January,2025,Beras Premium
2025-01-13,10237.136,11695.506,30983.959,55.435482,171085.08,Monday,January,2025,Beras Premium
2025-01-14,10236.922,11692.746,30932.652,55.437214,170832.3,Tuesday,January,2025,Beras Premium
2025-01-15,10230.292,11680.319,30774.955,55.429848,169801.94,Wednesday,January,2025,Beras Premium
2025-01-16,10224.859,11671.8,30631.992,55.417717,168570.03,Thursday,January,2025,Beras Premium
2025-01-17,10223.021,11668.415,30572.088,55.40786,167831.61,Friday,January,2025,Beras Premium
2025-01-18,10234.182,11689.65,30697.777,55.40555,168024.3,Saturday,January,2025,Beras Premium
2025-01-19,10254.624,11729.407,30954.322,55.414215,169069.48,Sunday,January,2025,Beras Premium
2025-01-20,10266.968,11751.19,31094.36,55.423607,169806.69,Monday,January,2025,Beras Premium
2025-01-21,10260.144,11733.991,30997.215,55.426548,169674.06,Tuesday,January,2025,Beras Premium
2025-01-22,10247.623,11709.01,30805.68,55.420444,168788.58,Wednesday,January,2025,Beras Premium
2025-01-23,10237.204,11690.095,30638.156,55.409657,167706.72,Thursday,January,2025,Beras Premium
2025-01-24,10231.341,11678.624,30561.975,55.401337,167126.19,Friday,January,2025,Beras Premium
2025-01-25,10239.047,11693.083,30675.48,55.40055,167473.0,Saturday,January,2025,Beras Premium
2025-01-26,10256.481,11727.075,30919.59,55.410637,168644.53,Sunday,January,2025,Beras Premium
2025-01-27,10266.143,11743.718,31052.504,55.420883,169495.97,Monday,January,2025,Beras Premium
2025-01-28,10257.595,11723.677,30957.557,55.424915,169495.0,Tuesday,January,2025,Beras Premium
2025-01-29,10244.085,11697.351,30770.758,55.419823,168724.67,Wednesday,January,2025,Beras Premium
2025-01-30,10233.145,11678.027,30609.262,55.410034,167741.92,Thursday,January,2025,Beras Premium
2025-01-31,10226.971,11666.535,30538.053,55.402504,167235.34,Friday,January,2025,Beras Premium
2025-02-01,10234.046,11680.191,30651.32,55.40231,167632.27,Saturday,February,2025,Beras Premium
2025-02-02,10251.291,11714.535,30860.53,55.4098,168578.77,Sunday,February,2025,Beras Premium
2025-02-03,10262.011,11734.625,30959.24,55.416195,169081.88,Monday,February,2025,Beras Premium
2025-02-04,10253.362,11714.712,30824.963,55.416786,168738.8,Tuesday,February,2025,Beras Premium
2025-02-05,10239.179,11686.769,30609.1,55.409462,167738.64,Wednesday,February,2025,Beras Premium
2025-02-06,10228.487,11668.332,30422.092,55.39689,166501.0,Thursday,February,2025,Beras Premium
2025-02-07,10224.54,11662.652,30339.098,55.385525,165687.38,Friday,February,2025,Beras Premium
2025-02-08,10237.477,11690.664,30465.234,55.380924,165744.52,Saturday,February,2025,Beras Premium
2025-02-09,10261.795,11742.256,30728.684,55.386623,166559.56,Sunday,February,2025,Beras Premium
2025-02-10,10277.967,11774.855,30865.973,55.39401,167056.9,Monday,February,2025,Beras Premium
2025-02-11,10272.687,11761.251,30745.033,55.394157,166625.44,Tuesday,February,2025,Beras Premium
2025-02-12,10259.18,11733.595,30534.787,55.387253,165631.9,Wednesday,February,2025,Beras Premium
2025-02-13,10248.647,11714.519,30361.428,55.37549,164475.64,Thursday,February,2025,Beras Premium
2025-02-14,10246.098,11711.195,30301.762,55.364697,163738.36,Friday,February,2025,Beras Premium
2025-02-15,10260.552,11742.626,30465.541,55.36207,163991.3,Saturday,February,2025,Beras Premium
2025-02-16,10286.3955,11797.6045,30764.38,55.36952,164995.23,Sunday,February,2025,Beras Premium
2025-02-17,10302.814,11830.446,30917.723,55.3787,165643.7,Monday,February,2025,Beras Premium
2025-02-18,10296.322,11813.403,30782.18,55.379803,165237.56,Tuesday,February,2025,Beras Premium
2025-02-19,10280.523,11779.748,30552.088,55.372974,164245.05,Wednesday,February,2025,Beras Premium
2025-02-20,10267.768,11755.129,30367.592,55.361507,163136.86,Thursday,February,2025,Beras Premium
2025-02-21,10264.013,11748.773,30307.686,55.351135,162465.7,Friday,February,2025,Beras Premium
2025-02-22,10277.686,11778.676,30485.768,55.350033,162880.42,Saturday,February,2025,Beras Premium
2025-02-23,10303.022,11832.747,30797.326,55.358944,164032.0,Sunday,February,2025,Beras Premium
2025-02-24,10318.446,11863.427,30954.574,55.36959,164807.86,Monday,February,2025,Beras Premium
2025-02-25,10310.18,11842.432,30807.459,55.371876,164468.44,Tuesday,February,2025,Beras Premium
2025-02-26,10292.463,11804.234,30563.3,55.365204,163494.75,Wednesday,February,2025,Beras Premium
2025-02-27,10278.031,11775.777,30371.117,55.35405,162429.5,Thursday,February,2025,Beras Premium
2025-02-28,10273.109,11766.937,30309.99,55.3443,161823.94,Friday,February,2025,Beras Premium
2025-03-01,10285.978,11795.314,30492.574,55.34408,162327.98,Saturday,March,2025,Beras Premium
2025-03-02,10306.421,11838.457,30743.52,55.35225,163397.84,Sunday,March,2025,Beras Premium
2025-03-03,10315.667,11855.48,30835.799,55.36223,164090.0,Monday,March,2025,Beras Premium
2025-03-04,10300.858,11819.996,30624.59,55.363743,163689.02,Tuesday,March,2025,Beras Premium
2025-03-05,10278.025,11770.147,30325.617,55.356277,162650.86,Wednesday,March,2025,Beras Premium
2025-03-06,10258.747,11730.4795,30077.63,55.343647,161495.31,Thursday,March,2025,Beras Premium
2025-03-07,10248.472,11709.909,29951.139,55.33068,160699.11,Friday,March,2025,Beras Premium
2025-03-08,10256.028,11727.586,30054.76,55.32705,160907.47,Saturday,March,2025,Beras Premium
2025-03-09,10275.353,11769.703,30300.395,55.333378,161852.02,Sunday,March,2025,Beras Premium
2025-03-10,10285.697,11790.178,30421.537,55.344032,162636.39,Monday,March,2025,Beras Premium
2025-03-11,10274.04,11762.444,30272.236,55.347378,162466.66,Tuesday,March,2025,Beras Premium
2025-03-12,10255.242,11722.267,30042.121,55.34297,161715.4,Wednesday,March,2025,Beras Premium
2025-03-13,10240.089,11692.246,29859.441,55.333496,160834.06,Thursday,March,2025,Beras Premium
2025-03-14,10233.242,11679.548,29784.86,55.32321,160255.98,Friday,March,2025,Beras Premium
2025-03-15,10243.774,11703.912,29924.945,55.321114,160578.69,Saturday,March,2025,Beras Premium
2025-03-16,10265.53,11751.373,30198.682,55.328476,161592.77,Sunday,March,2025,Beras Premium
2025-03-17,10278.128,11776.693,30344.473,55.33985,162424.5,Monday,March,2025,Beras Premium
2025-03-18,10268.673,11753.632,30218.033,55.344,162300.84,Tuesday,March,2025,Beras Premium
2025-03-19,10251.653,11717.149,30005.627,55.340336,161587.28,Wednesday,March,2025,Beras Premium
2025-03-20,10237.898,11689.945,29836.338,55.33143,160732.58,Thursday,March,2025,Beras Premium
2025-03-21,10232.282,11679.665,29772.662,55.321507,160170.3,Friday,March,2025,Beras Premium
2025-03-22,10243.839,11706.022,29922.812,55.319603,160507.34,Saturday,March,2025,Beras Premium
2025-03-23,10266.456,11755.118,30204.488,55.327133,161531.27,Sunday,March,2025,Beras Premium
2025-03-24,10279.699,11781.596,30355.447,55.338634,162366.5,Monday,March,2025,Beras Premium
2025-03-25,10270.62,11759.117,30228.805,55.342983,162233.12,Tuesday,March,2025,Beras Premium
2025-03-26,10253.6875,11722.532,30013.816,55.33927,161500.06,Wednesday,March,2025,Beras Premium
2025-03-27,10239.917,11695.046,29842.578,55.330307,160633.22,Thursday,March,2025,Beras Premium
2025-03-28,10234.356,11684.691,29778.441,55.320343,160064.2,Friday,March,2025,Beras Premium
2025-03-29,10245.978,11711.079,29930.688,55.318512,160411.7,Saturday,March,2025,Beras Premium
2025-03-30,10268.663,11760.229,30214.168,55.32614,161446.67,Sunday,March,2025,Beras Premium
2025-03-31,10281.902,11786.601,30365.633,55.33774,162289.8,Monday,March,2025,Beras Premium
2025-04-01,10272.647,11763.655,30236.32,55.3422,162155.36,Tuesday,April,2025,Beras Premium
2025-04-02,10251.172,11715.58,29964.506,55.338295,161365.17,Wednesday,April,2025,Beras Premium
2025-04-03,10231.18,11672.589,29712.385,55.327225,160318.5,Thursday,April,2025,Beras Premium
2025-04-04,10218.954,11646.075,29571.967,55.315598,159641.9,Friday,April,2025,Beras Premium
2025-04-05,10218.582,11644.882,29602.111,55.311592,159810.3,Saturday,April,2025,Beras Premium
2025-04-06,10227.729,11663.675,29766.66,55.317944,160739.23,Sunday,April,2025,Beras Premium
2025-04-07,10228.965,11663.918,29854.223,55.328556,161682.08,Monday,April,2025,Beras Premium
2025-04-08,10216.002,11633.997,29765.13,55.334305,161945.66,Tuesday,April,2025,Beras Premium
2025-04-09,10198.372,11596.906,29596.025,55.3337,161618.14,Wednesday,April,2025,Beras Premium
2025-04-10,10183.532,11567.342,29435.043,55.327198,161011.9,Thursday,April,2025,Beras Premium
2025-04-11,10176.224,11553.317,29366.775,55.319714,160677.27,Friday,April,2025,Beras Premium
2025-04-12,10179.332,11560.26,29432.775,55.316414,160914.83,Saturday,April,2025,Beras Premium
2025-04-13,10191.311,11585.814,29624.373,55.322872,161851.64,Sunday,April,2025,Beras Premium
2025-04-14,10196.199,11594.694,29746.588,55.33334,162786.52,Monday,April,2025,Beras Premium
2025-04-15,10188.338,11577.095,29710.312,55.340782,163146.1,Tuesday,April,2025,Beras Premium
2025-04-16,10175.912,11552.17,29583.375,55.34149,162853.25,Wednesday,April,2025,Beras Premium
2025-04-17,10165.551,11532.8125,29450.793,55.335846,162233.66,Thursday,April,2025,Beras Premium
2025-04-18,10161.775,11526.557,29399.018,55.32864,161841.84,Friday,April,2025,Beras Premium
2025-04-19,10167.405,11538.779,29469.893,55.324883,161972.7,Saturday,April,2025,Beras Premium
2025-04-20,10181.49,11568.427,29660.436,55.330036,162757.45,Sunday,April,2025,Beras Premium
2025-04-21,10188.3545,11581.192,29783.67,55.339375,163561.58,Monday,April,2025,Beras Premium
2025-04-22,10182.364,11567.437,29751.436,55.34636,163836.44,Tuesday,April,2025,Beras Premium
2025-04-23,10171.531,11545.723,29625.502,55.34661,163458.56,Wednesday,April,2025,Beras Premium
2025-04-24,10162.403,11528.757,29491.195,55.340454,162755.98,Thursday,April,2025,Beras Premium
2025-04-25,10159.53,11524.132,29435.96,55.33268,162284.61,Friday,April,2025,Beras Premium
2025-04-26,10165.864,11537.555,29502.697,55.328316,162339.67,Saturday,April,2025,Beras Premium
2025-04-27,10180.55,11568.156,29688.957,55.332798,163050.1,Sunday,April,2025,Beras Premium
2025-04-28,10187.907,11581.692,29808.684,55.341595,163793.75,Monday,April,2025,Beras Premium
2025-04-29,10182.241,11568.399,29772.93,55.348186,164020.69,Tuesday,April,2025,Beras Premium
2025-04-30,10171.628,11546.946,29643.523,55.348087,163601.72,Wednesday,April,2025,Beras Premium
2025-05-01,10162.643,11530.101,29505.951,55.341606,162863.5,Thursday,May,2025,Beras Premium
2025-05-02,10157.73,11520.187,29424.584,55.33437,162419.22,Friday,May,2025,Beras Premium
2025-05-03,10159.558,11522.864,29451.277,55.330685,162517.1,Saturday,May,2025,Beras Premium
2025-05-04,10166.149,11534.746,29594.002,55.336113,163389.55,Sunday,May,2025,Beras Premium
2025-05-05,10167.312,11534.741,29710.875,55.34706,164459.3,Monday,May,2025,Beras Premium
2025-05-06,10160.142,11518.195,29705.873,55.355553,165009.62,Tuesday,May,2025,Beras Premium
2025-05-07,10148.66,11494.411,29591.047,55.356228,164790.39,Wednesday,May,2025,Beras Premium
2025-05-08,10138.874,11475.218,29460.771,55.350643,164225.39,Thursday,May,2025,Beras Premium
2025-05-09,10134.85,11467.501,29393.404,55.343544,163828.66,Friday,May,2025,Beras Premium
2025-05-10,10138.099,11473.971,29436.965,55.340473,163976.45,Saturday,May,2025,Beras Premium
2025-05-11,10145.312,11488.046,29586.264,55.345932,164837.34,Sunday,May,2025,Beras Premium
2025-05-12,10148.361,11492.971,29716.541,55.356346,165854.61,Monday,May,2025,Beras Premium
2025-05-13,10143.645,11482.416,29724.78,55.36428,166330.31,Tuesday,May,2025,Beras Premium
2025-05-14,10134.832,11464.996,29622.002,55.364574,166031.14,Wednesday,May,2025,Beras Premium
2025-05-15,10127.481,11451.534,29500.059,55.358677,165380.36,Thursday,May,2025,Beras Premium
2025-05-16,10125.557,11448.694,29438.77,55.351265,164899.52,Friday,May,2025,Beras Premium
2025-05-17,10130.547,11459.144,29485.012,55.347694,164950.88,Saturday,May,2025,Beras Premium
2025-05-18,10139.217,11476.48,29634.822,55.35247,165708.33,Sunday,May,2025,Beras Premium
2025-05-19,10143.563,11484.2295,29764.365,55.36209,166619.89,Monday,May,2025,Beras Premium
2025-05-20,10139.989,11476.101,29770.74,55.369297,166996.39,Tuesday,May,2025,Beras Premium
2025-05-21,10132.163,11460.746,29665.4,55.368984,166607.72,Wednesday,May,2025,Beras Premium
2025-05-22,10125.607,11448.922,29540.215,55.362526,165875.5,Thursday,May,2025,Beras Premium
2025-05-23,10124.305,11447.315,29475.408,55.3546,165321.62,Friday,May,2025,Beras Premium
2025-05-24,10129.781,11458.683,29518.023,55.350536,165306.58,Saturday,May,2025,Beras Premium
2025-05-25,10138.832,11476.709,29664.441,55.35485,166005.6,Sunday,May,2025,Beras Premium
2025-05-26,10143.479,11484.969,29790.719,55.364063,166865.81,Monday,May,2025,Beras Premium
2025-05-27,10140.118,11477.176,29793.67,55.370922,167197.08,Tuesday,May,2025,Beras Premium
2025-05-28,10132.436,11462.024,29685.05,55.370316,166769.84,Wednesday,May,2025,Beras Premium
2025-05-29,10125.976,11450.308,29556.873,55.363598,166004.47,Thursday,May,2025,Beras Premium
2025-05-30,10124.732,11448.738,29489.398,55.35544,165422.05,Friday,May,2025,Beras Premium
2025-05-31,10130.251,11460.111,29529.848,55.35118,165383.95,Saturday,May,2025,Beras Premium
2025-06-01,10139.332,11478.128,29674.494,55.35534,166064.42,Sunday,June,2025,Beras Premium
2025-06-02,10144.598,11487.711,29822.113,55.367317,167152.14,Monday,June,2025,Beras Premium
2025-06-03,10141.762,11480.741,29842.725,55.376743,167708.83,Tuesday,June,2025,Beras Premium
2025-06-04,10134.114,11465.2705,29743.703,55.377876,167459.44,Wednesday,June,2025,Beras Premium
2025-06-05,10127.566,11453.015,29622.719,55.37256,166839.2,Thursday,June,2025,Beras Premium
2025-06-06,10125.952,11450.1455,29557.111,55.365734,166365.34,Friday,June,2025,Beras Premium
2025-06-07,10131.179,11460.502,29603.715,55.36347,166473.73,Saturday,June,2025,Beras Premium
2025-06-08,10140.247,11478.073,29760.771,55.370205,167342.11,Sunday,June,2025,Beras Premium
2025-06-09,10144.738,11485.548,29896.09,55.3814,168355.28,Monday,June,2025,Beras Premium
2025-06-10,10140.89,11476.33,29909.7,55.38923,168833.69,Tuesday,June,2025,Beras Premium
2025-06-11,10132.157,11458.632,29808.443,55.38855,168515.47,Wednesday,June,2025,Beras Premium
2025-06-12,10125.115,11445.245,29668.812,55.381004,167706.19,Thursday,June,2025,Beras Premium
2025-06-13,10123.198,11441.939,29591.846,55.372562,167099.22,Friday,June,2025,Beras Premium
2025-06-14,10128.23,11452.171,29631.027,55.369164,167112.03,Saturday,June,2025,Beras Premium
2025-06-15,10137.189,11469.8545,29783.553,55.374992,167907.44,Sunday,June,2025,Beras Premium
2025-06-16,10141.719,11477.715,29915.418,55.385303,168851.11,Monday,June,2025,Beras Premium
2025-06-17,10137.738,11468.62,29933.09,55.392513,169314.48,Tuesday,June,2025,Beras Premium
2025-06-18,10129.117,11451.458,29833.348,55.391304,168963.61,Wednesday,June,2025,Beras Premium
2025-06-19,10122.459,11438.996,29686.97,55.38313,168066.7,Thursday,June,2025,Beras Premium
2025-06-20,10120.901,11436.603,29606.682,55.37434,167404.28,Friday,June,2025,Beras Premium
2025-06-21,10126.243,11447.633,29643.482,55.370674,167373.17,Saturday,June,2025,Beras Premium
2025-06-22,10135.447,11465.96,29794.455,55.376278,168133.4,Sunday,June,2025,Beras Premium
2025-06-23,10140.213,11474.412,29925.162,55.386356,169045.5,Monday,June,2025,Beras Premium
2025-06-24,10136.391,11465.752,29943.557,55.393402,169493.5,Tuesday,June,2025,Beras Premium
2025-06-25,10127.965,11449.071,29843.875,55.392082,169125.06,Wednesday,June,2025,Beras Premium
2025-06-26,10121.535,11437.109,29695.61,55.383762,168199.28,Thursday,June,2025,Beras Premium
2025-06-27,10120.166,11435.134,29614.164,55.374893,167516.47,Friday,June,2025,Beras Premium
2025-06-28,10125.658,11446.499,29649.975,55.371155,167468.0,Saturday,June,2025,Beras Premium
2025-06-29,10134.978,11465.077,29800.176,55.37669,168213.78,Sunday,June,2025,Beras Premium
2025-06-30,10139.842,11473.736,29930.227,55.386692,169113.2,Monday,June,2025,Beras Premium
2025-07-01,10136.089,11465.229,29948.352,55.39369,169552.66,Tuesday,July,2025,Beras Premium
2025-07-02,10129.063,11452.002,29872.87,55.394405,169375.62,Wednesday,July,2025,Beras Premium
2025-07-03,10124.055,11443.427,29744.096,55.38935,168656.69,Thursday,July,2025,Beras Premium
2025-07-04,10123.293,11442.469,29670.104,55.383545,168127.23,Friday,July,2025,Beras Premium
2025-07-05,10128.344,11452.0,29724.598,55.384438,168394.84,Saturday,July,2025,Beras Premium
2025-07-06,10137.398,11469.33,29892.42,55.39443,169443.11,Sunday,July,2025,Beras Premium
2025-07-07,10142.3125,11477.711,30043.076,55.40787,170611.9,Monday,July,2025,Beras Premium
2025-07-08,10140.214,11472.654,30136.771,55.4095,171273.75,Tuesday,July,2025,Beras Premium
2025-07-09,10132.7,11457.981,30079.174,55.405014,171040.19,Wednesday,July,2025,Beras Premium
2025-07-10,10126.031,11445.613,29929.158,55.398815,170199.7,Thursday,July,2025,Beras Premium
2025-07-11,10123.13,11439.778,29812.56,55.394756,169552.38,Friday,July,2025,Beras Premium
2025-07-12,10126.367,11445.321,29835.363,55.397205,169749.39,Saturday,July,2025,Beras Premium
2025-07-13,10134.658,11461.023,29996.36,55.405716,170726.27,Sunday,July,2025,Beras Premium
2025-07-14,10140.244,11470.968,30168.078,55.413345,171774.88,Monday,July,2025,Beras Premium
2025-07-15,10137.586,11465.076,30258.877,55.414333,172398.5,Tuesday,July,2025,Beras Premium
2025-07-16,10129.79,11450.107,30195.002,55.40929,172100.39,Wednesday,July,2025,Beras Premium
2025-07-17,10123.006,11437.781,30037.021,55.402645,171186.38,Thursday,July,2025,Beras Premium
2025-07-18,10120.225,11432.42,29907.64,55.398277,170439.0,Friday,July,2025,Beras Premium
2025-07-19,10123.608,11438.508,29920.246,55.40048,170553.16,Saturday,July,2025,Beras Premium
2025-07-20,10132.073,11454.814,30073.107,55.408764,171458.06,Sunday,July,2025,Beras Premium
2025-07-21,10137.805,11465.333,30240.363,55.416145,172454.45,Monday,July,2025,Beras Premium
2025-07-22,10135.373,11460.129,30325.404,55.416874,173016.44,Tuesday,July,2025,Beras Premium
2025-07-23,10127.858,11445.906,30255.693,55.41161,172657.42,Wednesday,July,2025,Beras Premium
2025-07-24,10121.351,11434.274,30091.855,55.40478,171685.78,Thursday,July,2025,Beras Premium
2025-07-25,10118.854,11429.586,29955.604,55.40025,170877.11,Friday,July,2025,Beras Premium
2025-07-26,10122.47,11436.2295,29962.316,55.402294,170937.89,Saturday,July,2025,Beras Premium
2025-07-27,10131.132,11453.001,30110.19,55.410423,171795.92,Sunday,July,2025,Beras Premium
2025-07-28,10137.022,11463.899,30273.672,55.417633,172753.72,Monday,July,2025,Beras Premium
2025-07-29,10134.747,11459.051,30354.896,55.41821,173277.95,Tuesday,July,2025,Beras Premium
2025-07-30,10127.379,11445.141,30281.617,55.412804,172884.4,Wednesday,July,2025,Beras Premium
2025-07-31,10120.993,11433.763,30114.445,55.40584,171881.86,Thursday,July,2025,Beras Premium
2025-08-01,10118.599,11429.283,29975.031,55.4012,171044.78,Friday,August,2025,Beras Premium
2025-08-02,10123.274,11438.312,30014.242,55.40544,171302.22,Saturday,August,2025,Beras Premium
2025-08-03,10132.571,11455.866,30207.531,55.416267,172498.89,Sunday,August,2025,Beras Premium
2025-08-04,10139.608,11468.88,30402.953,55.425457,173709.55,Monday,August,2025,Beras Premium
2025-08-05,10138.474,11466.183,30505.133,55.427273,174407.5,Tuesday,August,2025,Beras Premium
2025-08-06,10132.679,11455.795,30455.453,55.42302,174183.44,Wednesday,August,2025,Beras Premium
2025-08-07,10127.39,11446.791,30305.096,55.41723,173309.66,Thursday,August,2025,Beras Premium
2025-08-08,10124.693,11441.239,30199.13,55.414196,172740.44,Friday,August,2025,Beras Premium
2025-08-09,10127.368,11444.854,30242.277,55.417793,173123.0,Saturday,August,2025,Beras Premium
2025-08-10,10134.528,11456.97,30435.445,55.42773,174396.27,Sunday,August,2025,Beras Premium
2025-08-11,10139.941,11465.968,30635.885,55.43635,175688.61,Monday,August,2025,Beras Premium
2025-08-12,10137.784,11460.893,30733.576,55.437435,176373.64,Tuesday,August,2025,Beras Premium
2025-08-13,10130.919,11448.226,30674.477,55.43224,176086.8,Wednesday,August,2025,Beras Premium
2025-08-14,10124.492,11436.8545,30513.44,55.425617,175145.7,Thursday,August,2025,Beras Premium
2025-08-15,10120.707,11429.191,30396.086,55.42186,174512.48,Friday,August,2025,Beras Premium
2025-08-16,10122.525,11431.297,30425.62,55.42479,174814.38,Saturday,August,2025,Beras Premium
2025-08-17,10129.275,11442.955,30607.982,55.434193,176008.7,Sunday,August,2025,Beras Premium
2025-08-18,10134.645,11452.33,30797.885,55.44235,177206.61,Monday,August,2025,Beras Premium
2025-08-19,10132.717,11448.229,30885.342,55.442993,177790.8,Tuesday,August,2025,Beras Premium
2025-08-20,10126.178,11436.648,30814.922,55.43739,177394.86,Wednesday,August,2025,Beras Premium
2025-08-21,10120.086,11426.328,30641.818,55.430393,176345.6,Thursday,August,2025,Beras Premium
2025-08-22,10116.652,11419.722,30512.412,55.42632,175607.78,Friday,August,2025,Beras Premium
2025-08-23,10118.822,11422.8545,30531.016,55.42895,175811.98,Saturday,August,2025,Beras Premium
2025-08-24,10125.944,11435.553,30703.463,55.43805,176912.31,Sunday,August,2025,Beras Premium
2025-08-25,10131.712,11446.0,30884.674,55.44585,178020.44,Monday,August,2025,Beras Premium
2025-08-26,10130.2,11442.954,30963.129,55.446182,178514.31,Tuesday,August,2025,Beras Premium
2025-08-27,10124.0625,11432.334,30884.066,55.44028,178033.69,Wednesday,August,2025,Beras Premium
2025-08-28,10118.325,11422.846,30702.703,55.43301,176906.94,Thursday,August,2025,Beras Premium
2025-08-29,10115.199,11416.946,30565.879,55.428707,176100.17,Friday,August,2025,Beras Premium
2025-08-30,10117.632,11420.671,30578.053,55.43112,176243.66,Saturday,August,2025,Beras Premium
2025-08-31,10124.9795,11433.873,30744.83,55.44001,177289.38,Sunday,August,2025,Beras Premium
2025-09-01,10130.938,11444.747,30922.158,55.44755,178354.53,Monday,September,2025,Beras Premium
2025-09-02,10129.99,11443.222,30993.242,55.448612,178776.12,Tuesday,September,2025,Beras Premium
2025-09-03,10125.477,11436.456,30918.945,55.44423,178315.28,Wednesday,September,2025,Beras Premium
2025-09-04,10120.833,11429.729,30754.895,55.438683,177303.05,Thursday,September,2025,Beras Premium
2025-09-05,10118.359,11425.258,30664.428,55.436356,176789.3,Friday,September,2025,Beras Premium
2025-09-06,10120.381,11427.395,30720.906,55.439835,177248.66,Saturday,September,2025,Beras Premium
2025-09-07,10126.969,11437.458,30966.88,55.449852,178667.42,Sunday,September,2025,Beras Premium
2025-09-08,10131.586,11443.169,31237.46,55.459194,180061.34,Monday,September,2025,Beras Premium
2025-09-09,10130.3,11438.678,31350.295,55.461536,180623.44,Tuesday,September,2025,Beras Premium
2025-09-10,10124.142,11427.208,31256.436,55.456745,180164.64,Wednesday,September,2025,Beras Premium
2025-09-11,10116.853,11414.397,31075.287,55.4504,179226.06,Thursday,September,2025,Beras Premium
2025-09-12,10112.12,11404.567,31002.04,55.448032,178764.44,Friday,September,2025,Beras Premium
2025-09-13,10112.399,11402.233,31113.812,55.45225,179245.83,Saturday,September,2025,Beras Premium
2025-09-14,10117.742,11409.468,31387.828,55.462193,180656.02,Sunday,September,2025,Beras Premium
2025-09-15,10121.633,11414.232,31660.59,55.470505,182068.25,Monday,September,2025,Beras Premium
2025-09-16,10120.225,11410.205,31766.14,55.471935,182601.66,Tuesday,September,2025,Beras Premium
2025-09-17,10114.355,11400.013,31657.11,55.466515,182073.89,Wednesday,September,2025,Beras Premium
2025-09-18,10107.369,11388.438,31452.62,55.45972,181031.39,Thursday,September,2025,Beras Premium
2025-09-19,10103.009,11380.011,31352.406,55.456985,180450.02,Friday,September,2025,Beras Premium
2025-09-20,10103.728,11379.277,31437.115,55.460823,180810.88,Saturday,September,2025,Beras Premium
2025-09-21,10109.597,11388.318,31684.936,55.470215,182100.22,Sunday,September,2025,Beras Premium
2025-09-22,10114.19,11395.321,31933.064,55.4779,183398.95,Monday,September,2025,Beras Premium
2025-09-23,10113.597,11393.689,32012.953,55.478676,183810.45,Tuesday,September,2025,Beras Premium
2025-09-24,10108.597,11385.907,31879.96,55.472706,183172.38,Wednesday,September,2025,Beras Premium
2025-09-25,10102.449,11376.5205,31649.582,55.465454,182005.52,Thursday,September,2025,Beras Premium
2025-09-26,10098.823,11370.0,31524.879,55.462315,181308.08,Friday,September,2025,Beras Premium
2025-09-27,10100.181,11370.935,31588.13,55.46575,181567.9,Saturday,September,2025,Beras Premium
2025-09-28,10106.601,11381.416,31816.932,55.474686,182765.34,Sunday,September,2025,Beras Premium
2025-09-29,10111.715,11389.775,32048.258,55.481903,183982.36,Monday,September,2025,Beras Premium
2025-09-30,10111.605,11389.367,32112.314,55.482204,184315.72,Tuesday,September,2025,Beras Premium
2025-10-01,10107.047,11382.661,31964.406,55.475807,183603.7,Wednesday,October,2025,Beras Premium
2025-10-02,10101.574,11375.111,31728.82,55.469326,182339.61,Thursday,October,2025,Beras Premium
2025-10-03,10098.865,11370.793,31613.938,55.467255,181625.72,Friday,October,2025,Beras Premium
2025-10-04,10100.958,11373.288,31691.05,55.471603,181896.42,Saturday,October,2025,Beras Premium
2025-10-05,10107.689,11384.112,31946.01,55.481625,183124.55,Sunday,October,2025,Beras Premium
2025-10-06,10112.842,11392.054,32205.51,55.489933,184362.17,Monday,October,2025,Beras Premium
2025-10-07,10112.892,11391.851,32300.764,55.491695,184769.6,Tuesday,October,2025,Beras Premium
2025-10-08,10109.261,11387.327,32179.225,55.48687,184137.47,Wednesday,October,2025,Beras Premium
2025-10-09,10103.883,11380.02,31959.766,55.480015,183027.9,Thursday,October,2025,Beras Premium
2025-10-10,10100.141,11373.048,31842.715,55.47652,182353.86,Friday,October,2025,Beras Premium
2025-10-11,10100.922,11372.037,31916.172,55.47936,182638.95,Saturday,October,2025,Beras Premium
2025-10-12,10106.339,11379.361,32167.152,55.48779,183879.64,Sunday,October,2025,Beras Premium
2025-10-13,10110.662,11385.118,32429.178,55.494884,185177.69,Monday,October,2025,Beras Premium
2025-10-14,10110.075,11383.32,32524.521,55.4957,185637.14,Tuesday,October,2025,Beras Premium
2025-10-15,10105.751,11377.103,32394.428,55.490112,185005.12,Wednesday,October,2025,Beras Premium
2025-10-16,10099.733,11368.192,32163.555,55.482822,183874.27,Thursday,October,2025,Beras Premium
2025-10-17,10095.43,11359.848,32034.53,55.479126,183167.56,Friday,October,2025,Beras Premium
2025-10-18,10095.755,11357.836,32096.443,55.481773,183416.56,Saturday,October,2025,Beras Premium
2025-10-19,10100.881,11364.655,32336.996,55.489975,184623.0,Sunday,October,2025,Beras Premium
2025-10-20,10105.159,11370.587,32589.865,55.496834,185892.42,Monday,October,2025,Beras Premium
2025-10-21,10104.757,11369.501,32675.695,55.497486,186319.83,Tuesday,October,2025,Beras Premium
2025-10-22,10100.742,11364.202,32534.408,55.49185,185644.98,Wednesday,October,2025,Beras Premium
2025-10-23,10095.1,11356.314,32291.97,55.48463,184468.16,Thursday,October,2025,Beras Premium
2025-10-24,10091.163,11348.98,32150.963,55.481003,183712.1,Friday,October,2025,Beras Premium
2025-10-25,10091.84,11347.972,32201.766,55.483665,183916.19,Saturday,October,2025,Beras Premium
2025-10-26,10097.303,11355.779,32432.229,55.491795,185079.67,Sunday,October,2025,Beras Premium
2025-10-27,10101.934,11362.727,32675.363,55.498524,186305.55,Monday,October,2025,Beras Premium
2025-10-28,10101.927,11362.721,32751.854,55.499054,186690.11,Tuesday,October,2025,Beras Premium
2025-10-29,10098.325,11358.4795,32601.59,55.49332,185973.64,Wednesday,October,2025,Beras Premium
2025-10-30,10093.07,11351.557,32350.674,55.486046,184757.28,Thursday,October,2025,Beras Premium
2025-10-31,10089.472,11345.064,32201.81,55.482353,183964.62,Friday,October,2025,Beras Premium
2025-11-01,10090.437,11344.78,32245.805,55.484936,184137.53,Saturday,November,2025,Beras Premium
2025-11-02,10096.147,11353.393,32445.342,55.49252,185036.12,Sunday,November,2025,Beras Premium
2025-11-03,10101.409,11362.432,32652.738,55.498745,185984.83,Monday,November,2025,Beras Premium
2025-11-04,10102.393,11365.577,32688.754,55.498787,186090.34,Tuesday,November,2025,Beras Premium
2025-11-05,10100.841,11367.155,32508.484,55.493347,185181.23,Wednesday,November,2025,Beras Premium
2025-11-06,10098.105,11366.957,32235.512,55.486145,183808.31,Thursday,November,2025,Beras Premium
2025-11-07,10096.972,11366.692,32074.492,55.482224,182896.4,Friday,November,2025,Beras Premium
2025-11-08,10100.028,11371.421,32107.223,55.484333,182937.61,Saturday,November,2025,Beras Premium
2025-11-09,10107.608,11384.247,32319.994,55.491875,183955.9,Sunday,November,2025,Beras Premium
2025-11-10,10113.744,11394.916,32535.729,55.49771,185014.16,Monday,November,2025,Beras Premium
2025-11-11,10114.823,11397.799,32583.918,55.497475,185250.77,Tuesday,November,2025,Beras Premium
2025-11-12,10112.536,11397.273,32409.785,55.49154,184431.25,Wednesday,November,2025,Beras Premium
2025-11-13,10108.567,11393.734,32142.213,55.48376,183132.33,Thursday,November,2025,Beras Premium
2025-11-14,10105.948,11389.413,31986.6,55.479317,182275.22,Friday,November,2025,Beras Premium
2025-11-15,10107.524,11390.005,32029.084,55.48111,182380.67,Saturday,November,2025,Beras Premium
2025-11-16,10113.693,11398.901,32252.955,55.48845,183471.0,Sunday,November,2025,Beras Premium
2025-11-17,10118.63,11406.26,32483.883,55.49428,184628.6,Monday,November,2025,Beras Premium
2025-11-18,10118.534,11406.022,32546.541,55.494137,184960.39,Tuesday,November,2025,Beras Premium
2025-11-19,10115.088,11402.522,32384.057,55.488342,184217.47,Wednesday,November,2025,Beras Premium
2025-11-20,10110.056,11396.306,32126.527,55.4808,182982.25,Thursday,November,2025,Beras Premium
2025-11-21,10106.51,11389.684,31979.0,55.476643,182175.1,Friday,November,2025,Beras Premium
2025-11-22,10107.335,11388.464,32028.504,55.478737,182323.38,Saturday,November,2025,Beras Premium
2025-11-23,10112.929,11396.032,32258.615,55.486366,183452.73,Sunday,November,2025,Beras Premium
2025-11-24,10117.449,11402.499,32495.129,55.492474,184645.7,Monday,November,2025,Beras Premium
2025-11-25,10117.076,11401.709,32562.11,55.492596,185005.53,Tuesday,November,2025,Beras Premium
2025-11-26,10113.477,11397.934,32403.166,55.4871,184286.27,Wednesday,November,2025,Beras Premium
2025-11-27,10108.385,11391.654,32148.084,55.479877,183068.81,Thursday,November,2025,Beras Premium
2025-11-28,10104.841,11385.124,32002.225,55.47601,182275.3,Friday,November,2025,Beras Premium
2025-11-29,10105.697,11384.089,32052.195,55.47833,182431.33,Saturday,November,2025,Beras Premium
2025-11-30,10111.348,11391.912,32282.201,55.48613,183564.12,Sunday,November,2025,Beras Premium
2025-12-01,10115.943,11398.675,32517.791,55.492344,184754.58,Monday,December,2025,Beras Premium
2025-12-02,10115.533,11398.552,32509.945,55.490433,184688.86,Tuesday,December,2025,Beras Premium
2025-12-03,10113.191,11398.768,32279.725,55.484085,183544.8,Wednesday,December,2025,Beras Premium
2025-12-04,10111.292,11401.154,31981.61,55.477028,182033.33,Thursday,December,2025,Beras Premium
2025-12-05,10111.725,11405.243,31802.164,55.473015,180993.78,Friday,December,2025,Beras Premium
2025-12-06,10116.951,11415.713,31817.977,55.475143,180915.4,Saturday,December,2025,Beras Premium
2025-12-07,10126.534,11433.946,31987.7,55.48233,181710.89,Sunday,December,2025,Beras Premium
2025-12-08,10133.945,11448.512,32130.213,55.486614,182436.56,Monday,December,2025,Beras Premium
2025-12-09,10135.945,11454.707,32090.248,55.484818,182270.6,Tuesday,December,2025,Beras Premium
2025-12-10,10134.595,11457.601,31841.508,55.478077,181079.02,Wednesday,December,2025,Beras Premium
2025-12-11,10133.054,11460.751,31546.258,55.470474,179614.06,Thursday,December,2025,Beras Premium
2025-12-12,10133.237,11463.648,31378.938,55.46576,178651.11,Friday,December,2025,Beras Premium
2025-12-13,10137.784,11471.362,31417.066,55.467445,178684.05,Saturday,December,2025,Beras Premium
2025-12-14,10146.341,11485.794,31613.06,55.47442,179621.38,Sunday,December,2025,Beras Premium
2025-12-15,10152.45,11495.886,31788.68,55.47888,180540.89,Monday,December,2025,Beras Premium
2025-12-16,10152.55,11496.443,31779.676,55.47726,180557.86,Tuesday,December,2025,Beras Premium
2025-12-17,10148.954,11493.185,31564.871,55.47061,179560.08,Wednesday,December,2025,Beras Premium
2025-12-18,10145.016,11489.965,31301.574,55.462994,178266.44,Thursday,December,2025,Beras Premium
2025-12-19,10142.928,11486.871,31162.93,55.45832,177452.77,Friday,December,2025,Beras Premium
2025-12-20,10145.489,11489.343,31227.63,55.460274,177621.02,Saturday,December,2025,Beras Premium
2025-12-21,10152.389,11499.421,31449.502,55.467693,178696.52,Sunday,December,2025,Beras Premium
2025-12-22,10157.09,11505.875,31650.898,55.47274,179760.03,Monday,December,2025,Beras Premium
2025-12-23,10155.895,11503.18,31666.117,55.471718,179913.73,Tuesday,December,2025,Beras Premium
2025-12-24,10151.159,11497.126,31474.33,55.465687,179044.53,Wednesday,December,2025,Beras Premium
2025-12-25,10146.24,11491.535,31231.135,55.45866,177861.56,Thursday,December,2025,Beras Premium
2025-12-26,10143.352,11486.561,31109.365,55.454548,177141.14,Friday,December,2025,Beras Premium
2025-12-27,10145.298,11487.648,31188.32,55.457058,177389.66,Saturday,December,2025,Beras Premium
2025-12-28,10151.721,11496.717,31421.555,55.464977,178529.84,Sunday,December,2025,Beras Premium
2025-12-29,10156.052,11502.443,31631.955,55.47045,179644.12,Monday,December,2025,Beras Premium
2025-12-30,10154.617,11499.316,31655.361,55.46983,179843.22,Tuesday,December,2025,Beras Premium
2025-12-31,10149.763,11493.09,31470.426,55.464195,179012.19,Wednesday,December,2025,Beras Premium
